,snr,ch,packet,nn_loss,bl_loss
9475,36.0,A,9475,0.02334,0.0002
324,20.0,E,324,0.01276,0.09593
523,20.0,F,523,0.00922,0.0499
7062,28.0,A,7062,0.10783,0.0009
7200,32.0,F,7200,0.01422,0.04249
1003,40.0,C,1003,0.01342,0.00197
5663,16.0,E,5663,0.03622,0.02798
7015,20.0,E,7015,0.01028,0.02222
2728,32.0,D,2728,0.00032,0.01246
9290,24.0,B,9290,0.0568,0.00271
9087,16.0,C,9087,0.51573,0.01019
4197,28.0,F,4197,0.02885,0.04177
409,36.0,D,409,0.00212,0.00097
9830,36.0,D,9830,0.00636,0.00591
7457,20.0,A,7457,1.30048,1.4728
9141,36.0,C,9141,0.00829,0.00189
4116,16.0,D,4116,0.04797,0.02912
8988,16.0,B,8988,0.26139,0.01155
3616,12.0,C,3616,0.0052,0.04593
9476,32.0,B,9476,0.01232,0.00036
2245,36.0,E,2245,0.06153,0.00699
4373,16.0,A,4373,0.05182,0.01049
3801,16.0,F,3801,0.01932,0.04769
8590,20.0,D,8590,0.00074,0.0095
2932,24.0,A,2932,0.0273,0.00239
8906,24.0,E,8906,0.01261,0.00811
3216,24.0,C,3216,0.02082,0.00237
5109,28.0,F,5109,0.00523,0.05756
7137,20.0,B,7137,0.01566,0.00749
7354,28.0,D,7354,0.00864,0.00117
4533,28.0,F,4533,0.00249,0.02269
6224,12.0,C,6224,0.02723,0.04475
362,16.0,F,362,0.02042,0.03702
4133,12.0,B,4133,0.01748,0.02381
131,28.0,D,131,0.00554,0.00462
4352,28.0,D,4352,0.00467,0.00984
9197,32.0,D,9197,0.00055,0.00313
2290,36.0,C,2290,0.0048,0.00275
6069,28.0,F,6069,0.01391,0.02718
6987,32.0,B,6987,0.00902,0.00129
6435,20.0,F,6435,0.00971,0.00858
456,28.0,B,456,0.01189,0.00051
8656,24.0,C,8656,0.14867,0.00294
8778,40.0,F,8778,0.00835,0.01453
4342,40.0,B,4342,0.0075,0.00017
2060,28.0,E,2060,0.03367,0.02713
3283,20.0,F,3283,0.00214,0.04814
4074,20.0,D,4074,0.01133,0.01227
4858,12.0,D,4858,0.00217,0.03452
4871,24.0,B,4871,0.01556,0.00108
7562,20.0,A,7562,0.0403,0.00376
2937,16.0,D,2937,0.07355,0.01919
7119,16.0,D,7119,0.00263,0.02014
747,32.0,B,747,0.0223,0.00231
2319,40.0,C,2319,0.00643,0.00041
6316,40.0,B,6316,0.00315,0.00112
157,40.0,C,157,0.00132,0.0003
3100,16.0,C,3100,0.00854,0.01446
5815,16.0,D,5815,0.06056,0.02555
4930,24.0,B,4930,0.00501,0.00236
1243,28.0,E,1243,0.02255,0.08388
4816,28.0,C,4816,0.00821,0.01071
149,40.0,D,149,0.04735,0.02042
6786,40.0,B,6786,0.00049,0.00102
5636,12.0,C,5636,0.01225,0.04606
3795,28.0,D,3795,0.00048,0.00896
5450,36.0,B,5450,0.04045,0.0006
1996,24.0,A,1996,0.01564,0.00254
8972,36.0,B,8972,0.04281,0.00013
5286,28.0,F,5286,0.06199,0.03089
6239,28.0,E,6239,0.02495,0.00838
7403,12.0,B,7403,0.00394,0.02011
6496,32.0,E,6496,0.01759,0.00711
9634,40.0,C,9634,0.00172,0.00059
486,36.0,C,486,0.07205,0.0048
5184,24.0,A,5184,0.02636,0.00189
8146,40.0,F,8146,0.0501,0.03553
1975,28.0,D,1975,0.00864,0.00132
7658,40.0,E,7658,0.0153,0.01562
8748,32.0,E,8748,0.01258,0.00581
4581,32.0,E,4581,0.00305,0.00145
208,16.0,C,208,0.05429,0.01383
2956,12.0,D,2956,0.08249,0.05979
7968,24.0,B,7968,0.01394,0.00328
8265,16.0,C,8265,0.24601,0.00522
7810,24.0,F,7810,0.10032,0.00274
3518,36.0,F,3518,0.00929,0.00667
7109,16.0,D,7109,0.26083,0.02219
1651,36.0,F,1651,0.09013,0.03078
6809,32.0,B,6809,0.10638,0.00036
5709,12.0,B,5709,0.06852,0.02569
4295,16.0,F,4295,0.04641,0.03803
5047,16.0,B,5047,0.03644,0.00858
4688,36.0,B,4688,0.00153,0.00054
6214,32.0,E,6214,0.00385,0.0119
9436,40.0,F,9436,0.02824,0.0179
2366,16.0,B,2366,0.00135,0.01324
4251,32.0,D,4251,0.00612,0.00682
8385,20.0,F,8385,0.0735,0.03616
336,20.0,A,336,0.02896,0.00455
5459,16.0,F,5459,0.01407,0.02513
6927,12.0,C,6927,0.00837,0.04281
7294,28.0,F,7294,0.03368,0.02109
918,16.0,A,918,0.05013,0.00845
2215,12.0,C,2215,0.00631,0.03184
2883,20.0,E,2883,0.0469,0.01452
3825,20.0,B,3825,0.00178,0.00628
5615,28.0,C,5615,0.00014,0.00174
5368,28.0,D,5368,0.01864,0.00222
1470,28.0,E,1470,0.02591,0.03173
305,32.0,E,305,0.00928,0.00942
4038,36.0,D,4038,0.02859,0.01606
2518,12.0,F,2518,0.02011,0.04794
7428,16.0,A,7428,0.01788,0.01862
31,24.0,C,31,0.10787,0.00181
6436,40.0,D,6436,0.00226,0.0099
1115,28.0,F,1115,0.0175,0.00613
411,12.0,E,411,0.03646,0.0269
376,12.0,D,376,0.14593,0.03528
6277,32.0,B,6277,0.00791,0.00045
5249,20.0,F,5249,0.00292,0.09196
7911,36.0,C,7911,0.04856,0.00019
5567,40.0,E,5567,0.01012,0.00431
3881,32.0,F,3881,0.01077,0.02519
5824,28.0,F,5824,0.00273,0.00332
4588,12.0,C,4588,0.00577,0.04839
3581,20.0,F,3581,0.0028,0.06985
567,12.0,B,567,0.00261,0.03751
7975,36.0,F,7975,0.02574,0.00885
9379,32.0,A,9379,0.00674,0.00026
3392,40.0,C,3392,0.01217,0.001
9912,16.0,D,9912,0.00463,0.01156
3361,36.0,C,3361,0.00407,0.00021
9588,40.0,F,9588,0.01476,0.13146
9448,28.0,E,9448,0.00121,0.011
281,20.0,D,281,0.00198,0.00291
5362,32.0,B,5362,0.02674,0.00227
2728,28.0,B,2728,0.00665,0.0008
1340,36.0,C,1340,0.01462,0.00033
9131,40.0,E,9131,0.01349,0.03173
997,28.0,B,997,0.01072,0.00072
1757,20.0,E,1757,0.00816,0.00829
4404,36.0,E,4404,0.01817,0.01027
3310,24.0,B,3310,0.038,0.00162
6022,16.0,A,6022,0.05359,0.01459
6532,40.0,B,6532,0.00706,0.00065
7641,28.0,B,7641,0.02774,0.00131
4897,24.0,E,4897,0.033,0.03719
9710,36.0,B,9710,0.02294,0.00015
2186,16.0,A,2186,0.05276,0.01642
8294,16.0,C,8294,0.08014,0.0096
9710,40.0,E,9710,0.01463,0.01176
1682,12.0,E,1682,0.04206,0.05955
4607,20.0,F,4607,0.06598,0.03766
3142,28.0,E,3142,0.00298,0.00461
597,20.0,D,597,0.00136,0.00394
6464,16.0,D,6464,0.00044,0.00992
2446,20.0,C,2446,0.0386,0.00687
8586,36.0,C,8586,0.00962,0.00184
861,32.0,E,861,0.02436,0.00952
3675,12.0,D,3675,0.00907,0.02331
1410,12.0,E,1410,0.03599,0.05674
4361,28.0,A,4361,0.01972,0.00098
4410,36.0,F,4410,0.02602,0.05612
35,40.0,E,35,0.01737,0.0302
9474,36.0,D,9474,0.00091,0.00103
3340,36.0,B,3340,0.03511,0.00023
8102,32.0,A,8102,0.00918,0.0002
9599,36.0,E,9599,0.02174,0.03816
9358,16.0,F,9358,0.0477,0.02444
7089,24.0,F,7089,0.0127,0.00455
1872,28.0,C,1872,0.00781,0.00114
177,24.0,C,177,0.05484,0.003
4713,12.0,B,4713,0.03606,0.02646
2534,24.0,C,2534,0.01351,0.00316
4039,36.0,E,4039,0.00519,0.03056
2380,28.0,D,2380,0.00616,0.00105
4539,32.0,A,4539,0.04125,0.0002
594,28.0,A,594,0.02033,0.00037
4912,36.0,A,4912,0.02652,8e-05
1478,32.0,E,1478,0.00895,0.0176
5859,32.0,A,5859,0.03026,0.00033
9328,40.0,B,9328,0.00761,0.00036
8222,40.0,B,8222,0.00084,0.00022
5028,12.0,B,5028,0.00428,0.04759
4703,20.0,E,4703,0.05268,0.01952
4928,16.0,E,4928,0.00448,0.02286
6408,16.0,D,6408,0.00229,0.0078
5699,36.0,F,5699,0.05603,0.11056
1981,28.0,E,1981,0.02726,0.00121
2240,36.0,E,2240,0.13109,0.01549
6577,24.0,C,6577,0.05367,0.00408
4050,24.0,B,4050,0.02421,0.00239
7837,32.0,C,7837,0.00191,0.00144
5608,20.0,A,5608,0.0313,0.00516
3265,40.0,A,3265,0.00245,4e-05
3108,20.0,D,3108,0.14585,0.00373
9255,24.0,C,9255,0.01645,0.00705
7758,24.0,A,7758,0.03355,0.0022
7274,36.0,A,7274,0.02719,0.00018
3568,20.0,C,3568,0.03914,0.00447
5971,28.0,E,5971,0.05139,0.01706
3152,36.0,C,3152,0.04477,0.00175
2191,36.0,E,2191,0.00423,0.02602
3345,32.0,C,3345,0.02803,0.00242
6357,32.0,E,6357,0.03834,0.01486
6272,28.0,B,6272,0.0483,0.00055
4357,16.0,B,4357,0.19779,0.01512
1841,16.0,D,1841,0.00991,0.0086
1095,28.0,F,1095,0.00933,0.02738
6905,36.0,C,6905,0.01822,0.00054
2150,28.0,B,2150,0.00324,0.00151
7684,16.0,A,7684,0.03435,0.01365
75,32.0,E,75,0.03908,0.01371
9997,28.0,E,9997,0.00216,0.01993
6481,16.0,B,6481,0.07414,0.01745
5137,36.0,B,5137,0.10215,0.00104
3221,12.0,E,3221,0.02143,0.03139
9249,28.0,B,9249,0.04012,0.00219
146,36.0,E,146,0.02548,0.05316
290,20.0,A,290,0.05875,0.01019
518,12.0,C,518,0.03237,0.03653
5755,40.0,F,5755,0.01887,0.01546
2765,24.0,E,2765,0.03574,0.00253
490,20.0,C,490,0.15744,0.01045
974,20.0,C,974,0.03683,0.00368
4037,36.0,A,4037,0.02735,9e-05
2595,16.0,C,2595,0.02044,0.01262
2733,28.0,D,2733,0.11133,0.0013
6009,36.0,D,6009,0.04106,0.00127
5314,12.0,B,5314,0.03992,0.03662
787,32.0,E,787,0.09384,0.00642
1742,40.0,A,1742,0.01546,5e-05
7638,24.0,E,7638,0.02276,0.03238
4752,36.0,D,4752,0.00913,0.00533
7446,40.0,C,7446,0.00922,0.00095
2189,28.0,E,2189,0.00758,0.07396
2297,20.0,C,2297,0.00282,0.00527
430,12.0,B,430,0.02163,0.04132
6702,24.0,C,6702,0.03883,0.00109
362,24.0,F,362,0.01628,0.08945
5863,12.0,F,5863,0.02504,0.06039
5619,32.0,E,5619,0.00317,0.00863
6776,32.0,B,6776,0.03044,0.00067
3555,32.0,A,3555,0.05971,0.00024
84,16.0,B,84,0.16054,0.00996
3375,36.0,B,3375,0.04009,0.00035
260,28.0,C,260,0.01382,0.00121
6530,24.0,B,6530,0.01844,0.00238
6405,28.0,F,6405,0.00043,0.00249
1049,24.0,A,1049,0.02078,0.00181
676,28.0,B,676,0.01564,0.00086
4810,28.0,D,4810,0.04479,0.00245
1455,24.0,B,1455,0.01337,0.00259
7801,36.0,A,7801,0.02702,0.00018
6539,36.0,B,6539,0.00769,0.00018
6468,36.0,D,6468,0.00846,0.00173
8014,36.0,C,8014,0.00449,0.00044
9147,36.0,C,9147,0.02594,0.00028
930,20.0,D,930,0.00251,0.00768
7606,40.0,D,7606,0.00179,0.00218
4124,36.0,F,4124,0.09821,0.06111
625,20.0,C,625,0.05333,0.00425
1900,24.0,A,1900,0.04793,0.00335
9400,16.0,B,9400,0.00482,0.02326
3478,24.0,E,3478,0.0278,0.04058
8190,20.0,D,8190,0.05204,0.00866
5841,32.0,B,5841,0.01005,0.00031
7265,32.0,D,7265,0.00735,0.00088
3243,40.0,C,3243,0.00417,0.00021
7187,12.0,C,7187,0.00264,0.03952
9945,24.0,B,9945,0.00127,0.00291
1151,40.0,D,1151,0.10735,0.00181
5382,20.0,C,5382,0.00836,0.00727
402,28.0,A,402,0.00613,0.00063
2909,32.0,D,2909,0.00403,0.00122
7459,24.0,D,7459,0.01056,0.00399
4688,32.0,B,4688,0.00277,0.00094
4287,16.0,C,4287,0.01326,0.03487
3370,24.0,E,3370,0.02752,0.00689
6716,28.0,F,6716,0.02236,0.04481
8529,20.0,D,8529,0.00699,0.00706
7711,28.0,B,7711,0.01642,0.00144
4598,28.0,F,4598,0.04001,0.04991
5043,36.0,E,5043,0.01475,0.02556
4158,16.0,B,4158,0.01758,0.01349
3882,20.0,E,3882,0.0178,0.02117
9918,20.0,E,9918,0.00299,0.02009
9058,28.0,D,9058,0.0241,0.00543
9531,32.0,D,9531,0.01714,0.02484
3137,24.0,B,3137,0.00388,0.00182
1086,32.0,B,1086,0.02626,0.00087
8033,24.0,A,8033,0.00336,0.00255
3257,16.0,C,3257,0.01709,0.01382
2581,28.0,C,2581,0.00156,0.00178
2839,28.0,E,2839,0.01806,0.00576
7175,12.0,C,7175,0.03005,0.03958
8032,20.0,E,8032,0.0661,0.02085
9296,28.0,D,9296,0.03026,0.00409
5336,32.0,B,5336,0.00123,0.00049
2896,40.0,A,2896,0.02952,5e-05
94,20.0,D,94,0.01395,0.00761
4219,36.0,B,4219,0.00269,0.00048
8472,24.0,F,8472,0.02296,0.04301
2190,36.0,B,2190,0.00483,0.0013
7650,16.0,E,7650,0.00535,0.01928
969,32.0,A,969,0.02158,0.00018
9131,32.0,F,9131,0.08516,0.02322
8523,24.0,F,8523,0.00891,0.00539
8387,16.0,A,8387,0.06161,0.01279
2917,20.0,F,2917,0.01003,0.06522
869,12.0,D,869,0.1812,0.03461
7132,20.0,A,7132,0.06098,0.00642
586,20.0,B,586,0.0065,0.00443
1448,12.0,B,1448,0.02529,0.04995
9486,16.0,D,9486,0.00605,0.02091
757,12.0,E,757,0.00253,0.04279
6715,12.0,D,6715,0.0116,0.04845
2153,36.0,B,2153,0.00137,0.00165
7521,16.0,D,7521,0.00081,0.01149
6883,36.0,C,6883,0.02468,0.00386
9775,24.0,B,9775,0.00323,0.00292
6194,16.0,B,6194,0.0272,0.01348
618,12.0,B,618,0.00842,0.0515
4177,32.0,E,4177,0.06309,0.00569
3092,36.0,A,3092,0.00348,9e-05
7628,20.0,C,7628,0.00806,0.00591
2550,28.0,E,2550,0.00103,0.00983
8773,20.0,B,8773,0.04413,0.00563
9885,24.0,C,9885,0.0403,0.00445
4232,32.0,D,4232,0.00956,0.00251
7200,24.0,C,7200,0.0526,0.00204
7274,24.0,F,7274,0.00395,0.01445
516,40.0,E,516,0.00714,0.00119
3301,20.0,A,3301,0.0138,0.0042
186,20.0,D,186,0.10439,0.0116
7260,36.0,F,7260,0.11739,0.01213
3743,12.0,A,3743,0.10643,0.05138
1919,32.0,B,1919,0.00433,0.00027
1739,24.0,C,1739,0.4763,0.00299
2260,24.0,E,2260,0.0081,0.01322
3549,16.0,D,3549,0.05277,0.0153
1082,24.0,E,1082,0.00973,0.01902
2044,24.0,A,2044,0.01914,0.00382
7815,32.0,D,7815,0.03743,0.00315
7280,20.0,E,7280,0.02391,0.01853
9678,32.0,F,9678,0.02284,0.03453
1810,36.0,E,1810,0.01821,0.00984
7259,36.0,D,7259,0.55839,0.00034
3577,20.0,B,3577,0.00995,0.00627
878,32.0,C,878,0.02182,0.00283
9186,32.0,B,9186,0.06867,0.00069
7605,20.0,A,7605,0.10113,0.00549
6544,28.0,D,6544,0.00628,0.0045
993,36.0,F,993,0.00828,0.00785
827,16.0,B,827,0.0119,0.01474
2211,32.0,F,2211,0.07547,0.05798
7087,20.0,F,7087,0.00725,0.10415
3425,24.0,A,3425,0.03859,0.00324
4615,36.0,D,4615,0.00273,0.00116
7707,12.0,A,7707,0.23692,0.02973
1399,16.0,E,1399,0.00308,0.00735
8780,24.0,B,8780,0.00157,0.00424
9927,40.0,F,9927,0.02006,0.00488
2650,36.0,B,2650,0.09872,0.00016
2546,20.0,E,2546,0.00909,0.01356
5263,24.0,F,5263,0.00673,0.03129
9607,36.0,F,9607,0.00656,0.06186
5278,16.0,B,5278,0.03022,0.01256
3536,32.0,B,3536,0.00089,0.00044
7843,24.0,D,7843,0.008,0.0123
3751,24.0,B,3751,0.02819,0.00274
8995,36.0,C,8995,0.00271,0.00021
7732,28.0,C,7732,0.00498,0.00323
7081,12.0,B,7081,0.08484,0.04377
5796,40.0,D,5796,0.01371,0.00229
7821,32.0,D,7821,0.00567,0.00083
2029,28.0,F,2029,0.08224,0.03223
2679,32.0,F,2679,0.0172,0.02833
4932,24.0,B,4932,0.04918,0.00144
8370,16.0,E,8370,0.05328,0.0372
9114,28.0,E,9114,0.00356,0.00988
7570,32.0,A,7570,0.01964,0.00043
2994,24.0,E,2994,0.00649,0.01142
5794,24.0,C,5794,0.01962,0.00324
1614,28.0,E,1614,0.02175,0.01361
2223,16.0,A,2223,0.20175,0.01657
9983,28.0,C,9983,0.09809,0.00102
8691,16.0,B,8691,0.11143,0.01876
2890,20.0,A,2890,0.0138,0.00348
1449,24.0,A,1449,0.01597,0.00107
1273,24.0,F,1273,0.00888,0.01944
3559,12.0,C,3559,0.00484,0.05104
5159,40.0,E,5159,0.01873,0.00338
2105,24.0,C,2105,0.00843,0.00446
1128,20.0,E,1128,0.0091,0.00944
8372,28.0,D,8372,0.01456,0.00492
9318,32.0,E,9318,0.03337,0.01116
5091,36.0,F,5091,0.04115,0.00701
1076,28.0,A,1076,0.03875,0.00077
5956,12.0,C,5956,0.00845,0.02014
8680,16.0,D,8680,0.02978,0.01553
7203,12.0,C,7203,0.02491,0.02489
9172,32.0,E,9172,0.01029,0.0037
6998,36.0,D,6998,0.07355,0.00173
6754,20.0,B,6754,0.00846,0.00739
8887,32.0,F,8887,0.1053,0.08155
8207,36.0,B,8207,0.09696,0.00058
3180,20.0,D,3180,0.01415,0.00697
9490,32.0,B,9490,0.00545,0.00156
2728,20.0,F,2728,0.05895,0.03474
2738,20.0,A,2738,0.04674,0.00356
8124,40.0,A,8124,0.01739,3e-05
921,40.0,F,921,0.13302,0.01354
2728,36.0,A,2728,0.00913,0.0002
3831,16.0,D,3831,0.01579,0.02056
8243,20.0,B,8243,0.02614,0.00631
1579,36.0,C,1579,0.04411,0.00528
1494,24.0,A,1494,0.03251,0.00231
6007,32.0,A,6007,0.0101,0.00018
2461,20.0,B,2461,0.0115,0.00564
5029,36.0,E,5029,0.00364,0.0079
8710,40.0,A,8710,0.03051,4e-05
5270,36.0,F,5270,0.00776,0.00593
1344,16.0,D,1344,0.01236,0.02504
3745,20.0,D,3745,0.0144,0.01979
4703,12.0,E,4703,0.00442,0.03147
6662,16.0,C,6662,0.00356,0.01368
9331,16.0,F,9331,0.20885,0.06027
863,16.0,B,863,0.00232,0.00691
2033,24.0,A,2033,0.01533,0.00128
3955,12.0,F,3955,0.15559,0.14583
4260,40.0,D,4260,0.12041,0.00053
811,20.0,B,811,0.00064,0.00402
7596,16.0,B,7596,0.16041,0.00846
7420,36.0,D,7420,0.00793,0.00345
7427,32.0,A,7427,0.02318,0.00016
5826,16.0,C,5826,0.14759,0.01051
1604,32.0,B,1604,0.01223,0.00077
2568,16.0,C,2568,0.01699,0.01037
1426,40.0,C,1426,0.04733,0.00022
6848,20.0,D,6848,0.00745,0.00915
4201,32.0,C,4201,0.00315,0.00129
8727,16.0,F,8727,0.09322,0.0405
5559,20.0,F,5559,0.15067,0.03892
3821,16.0,D,3821,0.02383,0.01794
6915,36.0,A,6915,0.0236,0.00015
2452,36.0,E,2452,0.00585,0.00495
7996,24.0,E,7996,0.00257,0.01663
3878,24.0,C,3878,0.00506,0.00899
9223,36.0,D,9223,0.01572,0.00062
4622,32.0,C,4622,0.00671,0.00068
746,40.0,B,746,0.01685,0.00097
6958,36.0,C,6958,0.05116,0.00316
9837,36.0,D,9837,0.00396,0.00196
7835,28.0,B,7835,0.00847,0.00097
5635,20.0,D,5635,0.0161,0.00931
274,20.0,E,274,0.02751,0.04694
1842,32.0,D,1842,0.03227,0.00056
5555,16.0,E,5555,0.00903,0.04342
1011,24.0,D,1011,0.01361,0.00393
9959,16.0,D,9959,0.0215,0.02399
1381,36.0,D,1381,0.05398,0.0129
1040,12.0,E,1040,0.01198,0.0371
5124,28.0,B,5124,0.00787,0.00401
7105,28.0,C,7105,0.05083,0.01245
5574,20.0,B,5574,0.01017,0.00612
5311,36.0,C,5311,0.03261,0.002
9356,20.0,E,9356,0.00215,0.01218
1897,24.0,F,1897,0.01366,0.03081
8983,32.0,D,8983,0.10265,0.01455
4261,32.0,D,4261,0.01259,0.02493
1203,40.0,D,1203,0.003,0.00453
3097,20.0,A,3097,0.03036,0.00316
6970,28.0,B,6970,0.03945,0.00106
8444,40.0,C,8444,0.00063,0.00029
3670,28.0,C,3670,0.00159,0.00053
8986,36.0,F,8986,0.01742,0.02537
3662,40.0,A,3662,0.01021,4e-05
4901,36.0,B,4901,0.0064,0.00026
9525,32.0,E,9525,0.00174,0.00609
149,20.0,D,149,0.03194,0.00671
1103,36.0,F,1103,0.00422,0.025
9944,28.0,A,9944,0.02609,0.00063
6142,16.0,E,6142,0.00372,0.02152
8147,36.0,C,8147,0.00039,0.0002
4460,36.0,F,4460,0.00548,0.02975
3807,32.0,D,3807,0.00042,0.00113
825,12.0,D,825,0.00203,0.03534
9885,20.0,F,9885,0.1671,0.06179
2193,32.0,C,2193,0.33269,0.00036
7555,16.0,A,7555,0.11103,0.01219
754,24.0,F,754,0.01314,0.03147
7738,16.0,B,7738,0.56727,0.01747
2485,24.0,E,2485,0.02765,0.00997
9037,36.0,E,9037,0.00666,0.04976
939,12.0,A,939,0.23999,0.02406
7463,24.0,E,7463,0.00784,0.00308
9418,20.0,D,9418,0.01075,0.01851
864,20.0,B,864,0.03136,0.00464
1843,16.0,F,1843,0.01254,0.03486
7578,28.0,B,7578,0.00723,0.00113
3922,20.0,B,3922,0.01087,0.00356
5452,36.0,F,5452,0.03968,0.02503
4068,16.0,E,4068,0.00332,0.02574
718,40.0,D,718,0.00151,0.00257
2801,16.0,C,2801,0.00474,0.00912
2620,40.0,C,2620,0.02094,9e-05
2587,28.0,E,2587,0.08936,0.02487
3992,28.0,A,3992,0.13223,0.00073
6521,24.0,C,6521,0.0061,0.00241
1040,28.0,B,1040,0.00681,0.0012
6901,16.0,B,6901,0.00441,0.01557
456,24.0,C,456,0.00661,0.00536
9382,36.0,C,9382,0.03792,0.00059
1963,40.0,E,1963,0.12071,0.02455
73,32.0,E,73,0.01616,0.04421
5306,16.0,A,5306,0.04361,0.01326
4574,32.0,E,4574,0.33646,0.01044
3764,12.0,C,3764,0.01651,0.03056
4801,24.0,A,4801,0.0459,0.00244
1153,40.0,A,1153,0.00989,6e-05
80,40.0,A,80,0.01428,4e-05
8010,20.0,C,8010,0.00204,0.00492
8215,32.0,C,8215,0.02479,0.00951
2129,36.0,F,2129,0.02274,0.08179
7418,32.0,C,7418,0.02695,0.00081
5615,16.0,E,5615,0.02659,0.01717
3502,32.0,D,3502,0.22783,0.00206
4372,16.0,C,4372,0.04128,0.01544
9797,16.0,C,9797,0.01526,0.00542
1470,36.0,A,1470,0.05926,9e-05
9522,24.0,A,9522,0.06081,0.0022
8394,40.0,D,8394,0.01354,0.00424
725,40.0,E,725,0.20818,0.01302
9782,40.0,D,9782,0.10657,0.00302
54,28.0,B,54,0.00115,0.00136
2815,20.0,A,2815,0.13805,0.34852
4431,28.0,D,4431,0.00897,0.01059
7238,28.0,F,7238,0.00851,0.00594
5572,40.0,A,5572,0.1521,5e-05
3811,28.0,E,3811,0.00782,0.01871
9727,28.0,A,9727,0.02417,0.0007
8506,36.0,C,8506,0.23002,0.01066
9447,40.0,F,9447,0.09693,0.08406
6066,36.0,C,6066,0.01028,0.0015
8362,28.0,A,8362,0.03011,0.00078
2650,28.0,B,2650,0.15629,0.00065
6925,40.0,E,6925,0.05066,0.00071
9888,36.0,D,9888,0.00996,0.00229
3416,32.0,E,3416,0.02674,0.03168
8655,36.0,E,8655,0.02202,0.07954
8921,32.0,D,8921,0.00411,0.00682
4229,36.0,B,4229,0.02234,0.00014
1358,28.0,E,1358,0.00808,0.01465
7805,24.0,B,7805,0.00563,0.00173
361,24.0,E,361,0.0313,0.01703
1493,28.0,F,1493,0.11613,0.0115
483,20.0,F,483,0.03107,0.00635
6499,16.0,C,6499,0.05054,0.01422
9131,20.0,D,9131,0.00286,0.00321
9655,24.0,E,9655,0.00613,0.01711
8553,40.0,C,8553,0.01192,0.00287
2095,20.0,B,2095,0.02923,0.00386
8486,20.0,A,8486,0.05869,0.00656
1717,32.0,F,1717,0.02633,0.06204
2872,40.0,B,2872,0.02834,0.0001
5056,20.0,F,5056,0.02155,0.03066
4902,36.0,E,4902,0.0187,0.05015
2201,20.0,A,2201,0.04009,0.00305
3439,32.0,D,3439,0.0467,0.02401
4778,32.0,B,4778,0.01208,0.00087
4699,36.0,A,4699,0.06141,9e-05
6576,32.0,E,6576,0.02076,0.00534
5850,20.0,E,5850,0.00142,0.00586
7296,24.0,A,7296,0.02659,0.00171
5723,40.0,F,5723,0.0564,0.0527
7452,16.0,B,7452,0.00327,0.00496
1585,36.0,D,1585,0.00245,0.00152
6717,40.0,C,6717,0.00151,0.0003
6131,40.0,D,6131,0.00416,0.00186
2566,36.0,D,2566,0.00373,0.00028
2458,40.0,B,2458,0.00379,0.00049
4678,40.0,D,4678,0.01944,0.00064
5960,36.0,F,5960,0.0413,0.01756
7569,28.0,D,7569,0.03066,0.00474
3700,20.0,E,3700,0.22315,0.00684
3574,20.0,D,3574,0.01915,0.00664
4766,32.0,B,4766,0.05218,0.00171
119,20.0,C,119,0.00788,0.00816
2020,12.0,D,2020,0.00874,0.0135
3664,20.0,B,3664,0.01449,0.0082
313,28.0,E,313,0.00206,0.0027
9362,24.0,A,9362,0.01473,0.00241
3968,36.0,C,3968,0.02597,0.00087
3525,32.0,B,3525,0.08795,0.00046
1931,40.0,D,1931,0.00792,0.00024
5785,36.0,C,5785,0.00964,0.0068
5806,20.0,B,5806,0.07739,0.00858
5953,32.0,C,5953,0.00322,0.00082
8806,36.0,F,8806,0.01242,0.06197
2786,20.0,B,2786,0.01854,0.00703
8962,16.0,E,8962,0.15267,0.02404
2628,20.0,F,2628,0.06021,0.01219
8648,16.0,C,8648,0.04756,0.01569
107,40.0,A,107,0.0377,6e-05
6373,40.0,F,6373,0.01929,0.05732
3806,12.0,C,3806,0.01538,0.02129
3183,20.0,C,3183,0.00736,0.00861
7516,32.0,D,7516,0.0031,0.00015
7228,32.0,C,7228,0.00292,0.00073
4964,20.0,A,4964,0.05898,0.00418
9297,36.0,D,9297,0.04956,0.00625
338,24.0,D,338,0.08592,0.00322
1276,12.0,A,1276,0.25282,0.0269
2853,40.0,C,2853,0.01175,0.00036
5829,40.0,E,5829,0.0246,0.00821
6899,28.0,C,6899,0.04849,0.00113
807,28.0,B,807,0.14975,0.00144
3579,36.0,D,3579,0.0092,0.00066
8308,24.0,B,8308,0.03591,0.00206
234,16.0,F,234,0.0015,0.02905
7456,36.0,B,7456,0.00149,0.00024
2084,32.0,C,2084,0.01077,0.00036
9943,28.0,C,9943,0.02294,0.00237
2049,16.0,C,2049,0.12148,0.00359
5945,28.0,B,5945,0.00812,0.00061
253,20.0,B,253,0.00174,0.00693
1799,20.0,C,1799,0.00375,0.00586
6373,28.0,E,6373,0.01181,0.01716
6628,16.0,C,6628,0.205,0.01404
1568,24.0,A,1568,0.05385,0.00138
879,40.0,B,879,0.0449,7e-05
163,32.0,A,163,0.03124,0.00044
4629,28.0,A,4629,0.04697,0.00089
1083,12.0,F,1083,0.04164,0.04799
4389,40.0,C,4389,0.0297,0.00463
2756,28.0,C,2756,0.04771,0.0022
417,40.0,E,417,0.01147,0.02526
5858,16.0,D,5858,0.01067,0.00915
3232,20.0,C,3232,0.06148,0.00562
4955,20.0,E,4955,0.00336,0.0071
9152,40.0,A,9152,0.01974,0.0001
561,16.0,D,561,0.07544,0.014
9188,32.0,A,9188,0.04783,0.00035
2715,20.0,B,2715,0.03046,0.00574
7925,36.0,C,7925,0.00064,0.00823
6183,40.0,A,6183,0.01655,4e-05
3619,36.0,D,3619,0.00757,0.00056
5772,16.0,B,5772,0.00824,0.01734
6217,40.0,D,6217,0.03988,0.00073
4617,32.0,D,4617,0.0117,0.00065
3412,20.0,E,3412,0.03331,0.00815
5983,32.0,F,5983,0.04865,0.03147
3773,20.0,F,3773,0.01052,0.04531
3867,16.0,D,3867,0.0037,0.02792
8149,32.0,C,8149,0.11242,0.00015
3752,24.0,E,3752,0.0026,0.02304
843,32.0,A,843,0.05155,0.00017
5229,32.0,A,5229,0.03123,0.00033
4779,28.0,B,4779,0.01113,0.00068
7640,36.0,D,7640,0.00663,0.00097
2751,28.0,F,2751,0.00956,0.02161
3830,36.0,D,3830,0.04285,0.01244
8288,40.0,F,8288,0.04703,0.07241
946,40.0,B,946,0.00527,0.00049
7671,36.0,E,7671,0.01757,0.01944
593,24.0,C,593,0.00426,0.00497
969,24.0,A,969,0.01672,0.00255
2751,32.0,C,2751,0.0048,0.00262
6475,24.0,D,6475,0.05828,0.01316
6931,20.0,F,6931,0.00684,0.06692
642,32.0,F,642,0.00129,0.0102
7011,24.0,E,7011,0.01425,0.10044
2733,20.0,D,2733,0.0143,0.00834
9435,32.0,B,9435,0.00694,0.0004
7111,36.0,B,7111,0.00985,0.00027
4786,28.0,D,4786,0.22044,0.00153
3344,20.0,B,3344,0.00636,0.00686
1069,24.0,D,1069,0.16335,0.00529
3291,36.0,D,3291,0.00422,0.00206
7003,28.0,F,7003,0.13163,0.0589
289,32.0,F,289,0.06628,0.01922
3004,36.0,B,3004,0.00628,0.001
5519,12.0,D,5519,0.00959,0.02771
1069,36.0,D,1069,0.00225,0.00073
3168,20.0,A,3168,0.03742,0.00701
559,40.0,D,559,0.00222,0.00272
3547,28.0,F,3547,0.01062,0.07287
2074,16.0,C,2074,0.00411,0.01742
9882,36.0,E,9882,0.00266,0.03353
1316,40.0,C,1316,0.0065,0.00162
3406,12.0,D,3406,0.00166,0.06677
2164,40.0,F,2164,0.01441,0.05204
4257,20.0,E,4257,0.00171,0.01756
6681,40.0,F,6681,0.00229,0.01487
7820,16.0,A,7820,0.045,0.01647
5282,32.0,C,5282,0.058,0.00298
5623,36.0,E,5623,0.07479,0.06084
2985,24.0,B,2985,0.04905,0.00294
7364,24.0,D,7364,0.0127,0.00709
2807,40.0,F,2807,0.01918,0.05891
9682,24.0,B,9682,0.00097,0.00139
3998,40.0,F,3998,0.03077,0.06671
8715,40.0,A,8715,0.08514,6e-05
5623,24.0,A,5623,0.05238,0.00214
5481,20.0,C,5481,0.0057,0.00611
5368,32.0,D,5368,0.00966,0.00802
95,40.0,D,95,0.0016,0.0013
2938,20.0,E,2938,0.00092,0.00778
8646,36.0,A,8646,0.00609,0.0001
1765,40.0,B,1765,0.08421,0.00011
5298,20.0,A,5298,0.07184,0.00436
7733,24.0,D,7733,0.01116,0.00297
537,24.0,D,537,0.06617,0.00364
1750,40.0,D,1750,0.01277,0.01141
9788,24.0,F,9788,0.00336,0.00581
8038,36.0,D,8038,0.07983,0.00399
2247,32.0,C,2247,0.02038,0.00174
7860,36.0,E,7860,0.01572,0.01143
3317,16.0,D,3317,0.00731,0.02898
6558,36.0,E,6558,0.01025,0.10122
8276,40.0,C,8276,0.00319,0.00074
4378,16.0,C,4378,0.12059,0.01254
1474,32.0,B,1474,0.00961,0.00045
5107,36.0,E,5107,0.02079,0.01412
1493,28.0,B,1493,0.07386,0.00081
6144,28.0,F,6144,0.00732,0.00908
2756,36.0,F,2756,0.00816,0.00144
7022,12.0,C,7022,0.09537,0.03332
7120,28.0,F,7120,0.01787,0.01684
6682,16.0,D,6682,0.00138,0.03664
9325,16.0,D,9325,0.04492,0.06852
393,24.0,E,393,0.03592,0.0036
7751,40.0,E,7751,0.00118,0.00066
1603,24.0,D,1603,0.0069,0.00328
3067,28.0,D,3067,0.03219,0.00086
5583,16.0,E,5583,0.01887,0.01438
3641,20.0,E,3641,0.07724,0.00883
7737,16.0,A,7737,0.0772,0.01641
622,24.0,C,622,0.00421,0.00277
2542,28.0,F,2542,0.01322,0.04247
4581,16.0,B,4581,0.00593,0.00594
6270,20.0,B,6270,0.07872,0.00975
7439,32.0,E,7439,0.0079,0.02467
2981,36.0,D,2981,0.0033,0.00218
5487,32.0,D,5487,0.00262,0.00645
8958,40.0,B,8958,0.02491,0.00034
604,40.0,F,604,0.00825,0.03488
4543,16.0,A,4543,0.03993,0.01181
5213,36.0,F,5213,0.04772,0.07691
546,20.0,B,546,0.02567,0.00532
4886,12.0,C,4886,0.0021,0.02867
2258,24.0,A,2258,0.00641,0.00169
3450,28.0,B,3450,0.02097,0.00195
3019,28.0,B,3019,0.10695,0.00033
4809,40.0,C,4809,0.35003,0.00068
1089,32.0,C,1089,0.00489,0.00103
2881,20.0,B,2881,0.05526,0.00349
8031,36.0,C,8031,0.1501,0.00161
4562,20.0,C,4562,0.03642,0.00817
6588,32.0,F,6588,0.02841,0.06942
6647,32.0,A,6647,0.02696,0.00028
4937,16.0,E,4937,0.02851,0.07766
8694,16.0,C,8694,0.01155,0.01256
9725,24.0,C,9725,0.14266,0.00241
2509,40.0,D,2509,0.01942,0.00435
6623,28.0,A,6623,0.01917,0.00053
2994,12.0,C,2994,0.05895,0.02179
169,28.0,B,169,0.02313,0.00095
6920,12.0,B,6920,0.04262,0.03369
2864,12.0,B,2864,0.00409,0.03235
3711,36.0,A,3711,0.01805,0.00013
3078,36.0,B,3078,0.00736,8e-05
2900,28.0,D,2900,0.01088,0.00581
1106,16.0,F,1106,0.01444,0.02564
2953,24.0,A,2953,0.01457,0.00276
7212,12.0,C,7212,0.07393,0.01693
5818,28.0,C,5818,0.01637,0.00673
3272,40.0,B,3272,0.0112,0.00098
4848,36.0,B,4848,0.03266,0.00136
7057,32.0,B,7057,0.00151,0.00067
962,28.0,A,962,0.00726,0.001
1745,24.0,F,1745,0.03562,0.02308
999,12.0,B,999,0.02984,0.01458
778,24.0,F,778,0.00849,0.1375
5117,20.0,C,5117,0.01062,0.0047
2235,24.0,F,2235,0.00544,0.01524
8986,24.0,E,8986,0.00232,0.07845
3037,32.0,C,3037,0.28773,0.00848
6878,24.0,D,6878,0.00301,0.00585
6031,20.0,B,6031,0.00053,0.00469
3608,28.0,C,3608,0.02633,0.00125
7094,32.0,F,7094,0.0254,0.06235
426,32.0,B,426,0.00785,0.00163
8599,40.0,A,8599,0.01434,7e-05
67,20.0,B,67,0.06067,0.00347
2602,20.0,C,2602,0.01098,0.00878
2523,20.0,B,2523,0.10812,0.00197
444,24.0,F,444,0.0291,0.00822
6411,16.0,B,6411,0.03658,0.01783
3644,32.0,F,3644,0.02651,0.04128
4820,32.0,E,4820,0.00784,0.01119
8371,20.0,A,8371,0.08411,0.00384
9938,16.0,F,9938,0.01362,0.04105
2054,36.0,C,2054,0.03417,0.01848
1339,40.0,F,1339,0.05425,0.01563
3757,40.0,A,3757,0.02258,1e-05
4946,24.0,D,4946,0.00152,0.0063
7389,32.0,B,7389,0.10368,0.00074
8370,20.0,B,8370,0.02106,0.00572
1151,32.0,E,1151,0.02638,0.00844
3192,16.0,A,3192,0.05384,0.02296
7635,40.0,B,7635,0.04016,0.00144
8046,24.0,D,8046,0.12161,0.01594
4482,36.0,B,4482,0.69916,0.00012
8738,32.0,D,8738,0.00614,0.00616
3727,28.0,F,3727,0.02289,0.03832
6623,20.0,D,6623,0.01293,0.00699
694,20.0,F,694,0.02702,0.04418
8960,36.0,E,8960,0.0051,0.01977
2911,36.0,B,2911,0.00919,0.00068
7350,12.0,B,7350,0.15916,0.0454
7169,40.0,E,7169,0.01221,0.00317
8809,36.0,F,8809,0.0115,0.02372
3128,32.0,B,3128,0.01311,0.00054
9885,20.0,E,9885,0.00353,0.05032
5194,12.0,F,5194,0.07957,0.03908
2368,40.0,B,2368,0.05329,0.00038
6042,24.0,B,6042,0.11722,0.00104
225,40.0,F,225,0.03991,0.02266
4900,20.0,E,4900,0.04679,0.00991
8224,24.0,A,8224,0.03919,0.00184
4371,32.0,A,4371,0.02922,0.00073
9727,32.0,F,9727,0.0293,0.03589
8707,16.0,E,8707,0.01773,0.03064
9639,20.0,F,9639,0.05204,0.02689
2311,40.0,D,2311,0.04692,0.001
9191,24.0,D,9191,0.00351,0.00605
4740,40.0,C,4740,0.09052,0.00156
1328,28.0,B,1328,0.00144,0.00084
7717,16.0,E,7717,0.01167,0.02618
5025,24.0,B,5025,0.03544,0.00145
9785,24.0,B,9785,0.35426,0.00085
9035,28.0,B,9035,0.00585,0.00212
6150,24.0,C,6150,0.42645,0.00233
2601,28.0,E,2601,0.00059,0.00321
2705,40.0,B,2705,0.00832,0.00066
4818,20.0,E,4818,0.02086,0.02163
9233,40.0,C,9233,0.0013,0.00023
3622,20.0,A,3622,0.03049,0.00455
5315,20.0,B,5315,0.06025,0.00394
9448,32.0,B,9448,0.023,0.00055
6054,32.0,A,6054,0.11625,0.00036
7108,32.0,B,7108,0.02449,0.00039
2098,40.0,F,2098,0.02312,0.01275
3861,20.0,C,3861,0.007,0.00577
6343,16.0,D,6343,0.09152,0.0382
6167,32.0,C,6167,0.08215,0.00164
354,28.0,C,354,0.30452,0.0017
369,16.0,B,369,0.00923,0.00933
2162,24.0,F,2162,0.00499,0.03714
1863,40.0,B,1863,0.02945,0.00011
6406,28.0,F,6406,0.036,0.02888
9191,20.0,B,9191,0.04447,0.00589
8521,16.0,D,8521,0.01524,0.02796
6505,24.0,F,6505,0.00406,0.01573
6862,40.0,A,6862,0.01796,3e-05
1285,36.0,D,1285,0.03749,0.01657
431,16.0,F,431,0.0087,0.0447
5880,36.0,E,5880,0.07901,0.01992
3343,40.0,B,3343,0.00381,6e-05
9696,36.0,B,9696,0.01096,0.00084
4746,32.0,D,4746,0.0168,0.00448
2083,24.0,C,2083,0.01812,0.00249
6137,20.0,B,6137,0.0849,0.00442
3666,40.0,A,3666,0.02223,5e-05
1814,12.0,A,1814,0.03106,0.01988
5137,16.0,D,5137,0.04024,0.01265
4232,28.0,D,4232,0.02936,0.00274
7771,20.0,D,7771,0.00236,0.01786
4924,28.0,D,4924,0.05227,0.02415
5026,12.0,F,5026,0.01018,0.03326
5176,24.0,B,5176,0.01396,0.00335
3490,20.0,C,3490,0.13316,0.00854
6222,28.0,A,6222,0.03861,0.00081
8545,16.0,A,8545,0.06711,0.01074
7952,32.0,E,7952,0.0036,0.00081
6464,12.0,D,6464,0.05028,0.04202
8955,12.0,A,8955,0.04417,0.01699
921,28.0,D,921,0.01645,0.00054
7910,24.0,D,7910,0.05126,0.00753
8507,36.0,F,8507,0.0202,0.01448
4770,20.0,B,4770,0.00074,0.00405
5779,32.0,F,5779,0.0124,0.02194
7660,36.0,A,7660,0.022,5e-05
4544,20.0,D,4544,0.03264,0.00732
4940,32.0,E,4940,0.01573,0.01683
8283,40.0,C,8283,0.29164,0.00185
2661,20.0,B,2661,0.01186,0.00317
1060,36.0,A,1060,0.01426,0.00012
6724,20.0,F,6724,0.50117,0.04763
4698,36.0,B,4698,0.02047,0.00159
4779,16.0,B,4779,0.75812,0.76885
9709,20.0,E,9709,0.02436,0.02862
4393,36.0,D,4393,0.00269,0.00203
961,36.0,C,961,0.03262,0.00127
416,16.0,E,416,0.02719,0.04973
4037,32.0,C,4037,0.01305,0.00062
2189,32.0,F,2189,0.02121,0.02405
2968,20.0,D,2968,0.05221,0.00521
4438,32.0,E,4438,0.0214,0.00209
9299,28.0,F,9299,0.02647,0.0287
7670,36.0,B,7670,0.02636,0.00026
1533,24.0,C,1533,0.00427,0.00637
871,40.0,F,871,0.02693,0.06308
8064,24.0,E,8064,0.04318,0.073
3432,12.0,E,3432,0.00679,0.01532
4286,12.0,E,4286,0.08348,0.08279
4404,36.0,A,4404,0.03659,0.00018
6265,32.0,D,6265,0.003,0.00122
1235,20.0,C,1235,0.01192,0.01302
4606,12.0,C,4606,0.13243,0.05437
2049,28.0,C,2049,0.24838,0.00227
9233,32.0,D,9233,0.00158,0.00038
8768,36.0,E,8768,0.06886,0.03784
6680,40.0,B,6680,0.04124,9e-05
9720,16.0,C,9720,0.01434,0.01497
6805,16.0,F,6805,0.00808,0.07057
4238,28.0,D,4238,0.17255,0.02073
5913,36.0,C,5913,0.03141,0.0064
1518,24.0,B,1518,0.00367,0.0019
9621,16.0,B,9621,0.01262,0.00976
4906,32.0,E,4906,0.01589,0.01175
3692,12.0,A,3692,0.07539,0.03132
9583,28.0,C,9583,0.34546,0.00459
4455,24.0,F,4455,0.06662,0.02457
3114,36.0,B,3114,0.0002,0.0004
127,20.0,F,127,0.032,0.14419
8551,28.0,B,8551,0.02696,0.00081
5971,24.0,C,5971,0.0383,0.00239
6588,12.0,F,6588,0.06578,0.05193
6888,24.0,C,6888,0.02179,0.00518
2009,20.0,F,2009,0.02118,0.10391
7225,32.0,D,7225,0.01933,0.0009
4225,12.0,F,4225,0.01223,0.02559
4363,32.0,C,4363,0.01605,0.00067
3975,40.0,A,3975,0.01982,7e-05
2649,24.0,A,2649,0.03922,0.00171
3815,16.0,D,3815,0.05843,0.01736
8617,40.0,A,8617,0.00665,5e-05
1963,20.0,E,1963,0.00422,0.00793
3362,12.0,E,3362,0.0058,0.03964
1558,16.0,B,1558,0.00422,0.01116
3999,32.0,C,3999,0.00358,0.00228
8998,32.0,C,8998,0.04109,0.00036
196,24.0,F,196,0.04563,0.03893
4189,40.0,B,4189,1.79235,8e-05
5834,20.0,B,5834,0.01496,0.00908
537,24.0,E,537,0.02273,0.01562
4239,28.0,E,4239,0.02124,0.01273
8170,12.0,A,8170,0.05735,0.02956
1722,20.0,C,1722,0.28551,0.00782
8294,32.0,A,8294,0.01111,0.00018
1333,20.0,E,1333,0.16522,0.01832
1906,24.0,C,1906,0.00232,0.00957
9493,40.0,B,9493,0.0188,0.00014
5593,28.0,E,5593,0.03333,0.01192
8335,20.0,C,8335,0.02038,0.00624
3080,36.0,D,3080,0.01076,0.00041
8789,20.0,A,8789,0.00645,0.00257
6953,16.0,A,6953,0.09036,0.0097
2969,16.0,F,2969,0.02453,0.03626
3457,12.0,F,3457,0.03381,0.02389
7872,28.0,B,7872,0.00464,0.00082
8369,24.0,E,8369,0.03167,0.0089
2951,40.0,D,2951,0.05893,0.00061
4957,16.0,A,4957,0.03415,0.01075
3259,28.0,A,3259,0.01814,0.00152
7749,36.0,E,7749,0.00619,0.03295
6678,24.0,D,6678,0.04262,0.01147
8946,36.0,C,8946,0.03057,0.00092
419,20.0,F,419,0.01594,0.00804
4223,16.0,C,4223,0.01486,0.02313
3808,12.0,A,3808,0.08341,0.0198
2449,12.0,E,2449,0.03435,0.02752
8216,20.0,B,8216,0.00235,0.00606
8408,28.0,B,8408,0.01907,0.00148
4147,32.0,D,4147,0.01622,0.01888
4698,12.0,C,4698,0.07078,0.02809
2238,16.0,C,2238,0.00564,0.00981
3377,32.0,B,3377,0.00645,0.00066
3566,36.0,D,3566,0.00986,0.00142
3645,32.0,C,3645,0.00209,0.0032
7241,16.0,C,7241,0.33122,0.01767
4336,16.0,C,4336,0.00247,0.01289
5081,12.0,F,5081,0.02856,0.05834
351,24.0,B,351,0.07293,0.0023
9590,16.0,D,9590,0.0656,0.01077
6791,28.0,E,6791,0.03185,0.00781
678,24.0,F,678,0.01162,0.00275
6619,32.0,C,6619,0.02102,0.01115
8651,32.0,B,8651,0.05553,0.00039
1510,24.0,E,1510,0.02083,0.01105
7155,12.0,C,7155,0.08957,0.04303
6071,24.0,B,6071,0.00167,0.00242
9517,36.0,F,9517,0.0084,0.01774
9507,36.0,A,9507,0.02015,0.0001
9211,28.0,F,9211,0.00812,0.00568
4657,28.0,C,4657,0.00986,0.00102
4213,16.0,F,4213,0.02,0.03514
3225,16.0,B,3225,0.00293,0.01085
871,40.0,D,871,0.01028,0.01169
8504,40.0,D,8504,0.00235,0.00147
2038,24.0,A,2038,0.06622,0.00338
8614,28.0,C,8614,0.00072,0.00121
2358,32.0,E,2358,0.01193,0.00376
6384,40.0,D,6384,0.0015,0.00354
129,24.0,D,129,0.00411,0.0095
8475,24.0,D,8475,0.00102,0.00214
3491,12.0,B,3491,0.03738,0.03006
3989,16.0,E,3989,0.0869,0.04407
444,32.0,A,444,0.01744,0.00046
6803,16.0,B,6803,0.00628,0.00847
5544,16.0,E,5544,0.02494,0.01166
4865,20.0,F,4865,0.00659,0.00651
4138,16.0,F,4138,0.01223,0.13906
7028,40.0,D,7028,0.00664,0.00653
5405,12.0,D,5405,0.00851,0.02069
5127,28.0,A,5127,0.02721,0.00074
4537,36.0,C,4537,0.05449,0.00435
3831,20.0,D,3831,0.04188,0.00633
4905,28.0,D,4905,0.00068,0.00141
3228,20.0,F,3228,0.00674,0.03222
6471,16.0,B,6471,0.0023,0.00737
7475,24.0,E,7475,0.01943,0.03647
6036,24.0,F,6036,0.01065,0.08641
6663,16.0,A,6663,0.06409,0.01653
9816,32.0,C,9816,0.02862,0.00262
2940,24.0,B,2940,0.03056,0.00532
2692,12.0,F,2692,0.06321,0.10949
9392,32.0,C,9392,0.01563,0.00233
9295,32.0,C,9295,0.1377,0.00033
7487,20.0,E,7487,0.01492,0.0053
2786,36.0,C,2786,0.01224,0.00116
4766,16.0,D,4766,0.11469,0.01002
7617,24.0,F,7617,0.02527,0.0494
1743,12.0,E,1743,0.10372,0.09716
1927,24.0,F,1927,0.02729,0.03201
1052,40.0,C,1052,0.00251,0.00062
1707,36.0,F,1707,0.0013,0.02202
3880,24.0,B,3880,0.01198,0.00137
9406,20.0,F,9406,0.11438,0.02959
97,24.0,E,97,0.06193,0.05129
4145,36.0,B,4145,0.06545,0.00058
8546,28.0,C,8546,0.02356,0.00166
3232,24.0,E,3232,0.021,0.00627
3670,20.0,E,3670,0.00417,0.00569
822,36.0,E,822,0.02164,0.00369
436,28.0,F,436,0.02494,0.02161
2355,36.0,C,2355,0.0174,0.00277
7557,32.0,D,7557,0.02648,0.00256
6229,16.0,F,6229,0.07708,0.03366
8218,36.0,F,8218,0.03825,0.15303
6872,36.0,A,6872,0.02594,0.00011
6806,32.0,F,6806,0.00494,0.00642
5465,28.0,C,5465,0.03562,0.00401
8955,40.0,F,8955,0.00992,0.02656
5665,24.0,A,5665,0.01956,0.00196
1945,20.0,F,1945,0.01156,0.01587
139,20.0,C,139,0.01188,0.00557
7181,32.0,D,7181,0.00241,0.00847
6967,12.0,C,6967,0.07692,0.03846
6109,40.0,D,6109,0.00714,0.00018
5527,12.0,A,5527,0.11754,0.03157
2671,28.0,D,2671,0.00286,0.00145
9207,24.0,C,9207,0.41395,0.00352
8549,36.0,F,8549,0.02091,0.01561
6703,40.0,A,6703,0.00963,9e-05
5328,24.0,E,5328,0.01751,0.00564
1682,12.0,B,1682,0.01882,0.02625
8042,24.0,D,8042,0.01637,0.00668
605,36.0,D,605,0.00465,0.00948
1840,32.0,A,1840,0.02931,0.0002
5629,16.0,A,5629,0.03263,0.00992
4364,12.0,A,4364,0.0834,0.02598
5599,16.0,D,5599,0.04612,0.01066
5060,40.0,E,5060,0.00715,0.00956
9531,36.0,B,9531,0.00211,0.00048
9490,32.0,F,9490,0.0059,0.03049
9013,24.0,A,9013,0.0667,0.0017
1539,32.0,E,1539,0.0102,0.00221
5698,32.0,A,5698,0.04298,0.00033
9818,24.0,B,9818,0.00079,0.00441
9589,16.0,F,9589,0.01046,0.02662
177,32.0,F,177,0.00315,0.00354
5148,16.0,B,5148,0.0063,0.01938
9472,28.0,E,9472,0.02972,0.00854
2475,24.0,F,2475,0.0536,0.00553
3874,32.0,E,3874,0.00678,0.0074
2868,28.0,A,2868,0.10343,0.00075
4374,16.0,C,4374,0.02116,0.01508
9730,28.0,A,9730,0.02162,0.00096
8032,24.0,D,8032,0.0303,0.005
1777,40.0,F,1777,0.08709,0.03171
2689,40.0,C,2689,0.00804,0.00061
7881,28.0,A,7881,0.0188,0.00148
5001,32.0,A,5001,0.03758,0.0001
8680,28.0,F,8680,0.01451,0.01425
6121,16.0,C,6121,0.02063,0.01155
7496,24.0,B,7496,0.0244,0.0021
1950,32.0,E,1950,0.09994,0.05021
3691,12.0,E,3691,0.00351,0.02576
6774,12.0,A,6774,0.01267,0.02171
3549,24.0,A,3549,0.0319,0.00135
5433,12.0,A,5433,0.11911,0.02764
6197,28.0,C,6197,0.00957,0.00268
4461,12.0,D,4461,0.04112,0.03027
3658,24.0,A,3658,0.02087,0.00161
5340,28.0,F,5340,0.01079,0.16184
5840,36.0,A,5840,0.02187,0.00019
9666,16.0,A,9666,0.02345,0.00499
6593,32.0,F,6593,0.02153,0.05977
3706,20.0,A,3706,0.016,0.00471
1345,24.0,F,1345,0.03875,0.01817
5619,32.0,C,5619,0.05656,0.00135
5225,32.0,C,5225,0.01008,0.00451
2161,36.0,C,2161,0.00066,0.00066
7988,16.0,F,7988,0.01896,0.10159
1671,36.0,F,1671,0.02166,0.03921
303,20.0,F,303,0.01263,0.07788
5312,32.0,A,5312,0.03,0.00023
5487,40.0,A,5487,0.07157,4e-05
4198,28.0,B,4198,0.00859,0.00037
4073,32.0,D,4073,0.00634,0.00067
7066,16.0,A,7066,0.03764,0.01035
9067,40.0,C,9067,0.01152,0.0063
4221,16.0,F,4221,0.00666,0.0213
4118,20.0,E,4118,0.01105,0.01223
8642,24.0,D,8642,0.00269,0.01629
3853,24.0,B,3853,0.00153,0.0007
6116,16.0,D,6116,0.00118,0.01538
4201,16.0,B,4201,0.00148,0.01364
5482,12.0,C,5482,0.01989,0.03077
4501,16.0,E,4501,0.00317,0.02894
5008,16.0,A,5008,0.04748,0.01399
530,16.0,D,530,0.01242,0.05198
354,20.0,B,354,0.00289,0.00577
1899,28.0,B,1899,0.00527,0.00257
9473,20.0,B,9473,0.01062,0.00807
305,28.0,A,305,0.02641,0.00094
4514,24.0,D,4514,0.00057,0.00342
393,16.0,F,393,0.44813,0.03185
1703,28.0,B,1703,0.05524,0.00053
7441,32.0,C,7441,0.01843,0.00148
605,32.0,F,605,0.02291,0.03243
1877,32.0,A,1877,0.01634,0.00028
7204,36.0,C,7204,0.04447,0.0035
2842,32.0,E,2842,0.01066,0.00534
4481,24.0,E,4481,0.0148,0.00675
4993,32.0,B,4993,0.00239,0.00029
1465,28.0,A,1465,0.0223,0.00101
2632,16.0,E,2632,0.0368,0.02394
9912,20.0,D,9912,0.00995,0.00999
1191,16.0,F,1191,0.01321,0.06998
2492,40.0,B,2492,0.0015,0.00039
4718,40.0,D,4718,0.00175,0.00322
5669,20.0,F,5669,0.00998,0.01491
7532,28.0,A,7532,0.02428,0.00088
7308,16.0,B,7308,0.03059,0.01031
5465,20.0,D,5465,0.02596,0.00509
9061,32.0,C,9061,0.00454,0.00215
3002,40.0,F,3002,0.0363,0.01584
1104,32.0,B,1104,0.01232,0.00075
8193,40.0,A,8193,0.03583,6e-05
1926,12.0,C,1926,0.0062,0.03047
195,40.0,D,195,0.00548,0.00865
3679,20.0,B,3679,0.0004,0.00648
9234,20.0,B,9234,0.0115,0.00871
5121,36.0,B,5121,0.02727,0.00042
3533,36.0,D,3533,0.01564,0.00032
1509,24.0,A,1509,0.04783,0.00141
778,16.0,B,778,0.02627,0.01603
3724,16.0,A,3724,0.04604,0.00831
2042,16.0,F,2042,0.01476,0.02317
875,12.0,D,875,0.09192,0.03332
5833,32.0,E,5833,0.06606,0.01082
9680,24.0,A,9680,0.05167,0.0022
7276,36.0,D,7276,0.04516,0.0069
1476,12.0,F,1476,0.04155,0.0442
8793,16.0,D,8793,0.00138,0.03033
6492,28.0,E,6492,0.01047,0.01383
63,28.0,D,63,0.00755,0.00148
5113,36.0,D,5113,0.00477,0.00854
2368,32.0,C,2368,0.01567,0.00031
927,12.0,D,927,0.03255,0.03812
4197,24.0,A,4197,0.02478,0.0015
8315,40.0,E,8315,0.0058,0.00505
7063,24.0,F,7063,0.00344,0.01285
8070,28.0,F,8070,0.00572,0.02118
6609,40.0,B,6609,0.00949,0.0004
7995,36.0,E,7995,0.06733,0.02393
4577,32.0,C,4577,0.00466,0.00161
8331,20.0,C,8331,0.00193,0.00393
2021,36.0,F,2021,0.02082,0.01792
9894,32.0,C,9894,0.00212,0.00034
4851,24.0,B,4851,0.02595,0.00115
8764,20.0,A,8764,0.06428,0.00503
4706,12.0,F,4706,0.03567,0.02532
9494,24.0,C,9494,0.02885,0.00222
7799,40.0,B,7799,0.00138,0.00091
8464,28.0,C,8464,0.00928,0.00149
2119,28.0,D,2119,0.08401,0.00486
4428,40.0,A,4428,0.02641,6e-05
2948,36.0,E,2948,0.01734,0.05067
318,40.0,B,318,0.00683,0.00018
8144,12.0,A,8144,0.05945,0.01967
6728,16.0,E,6728,0.05234,0.02181
5838,24.0,B,5838,0.07314,0.00222
7592,20.0,E,7592,0.02457,0.05916
9113,20.0,F,9113,0.03189,0.09746
7761,16.0,B,7761,0.37588,0.00792
7717,24.0,B,7717,0.00672,0.00684
1730,24.0,D,1730,0.01363,0.00981
5036,24.0,A,5036,0.05899,0.00118
1560,12.0,D,1560,0.06612,0.02784
8575,16.0,B,8575,0.0572,0.00991
6583,16.0,C,6583,0.01325,0.02026
7572,24.0,A,7572,0.01472,0.00186
8667,24.0,E,8667,0.00429,0.00606
6682,28.0,F,6682,0.04303,0.07246
2885,36.0,B,2885,0.01062,0.00063
8642,28.0,C,8642,0.00124,0.00073
703,32.0,A,703,0.05309,0.0005
6553,16.0,B,6553,0.01597,0.01201
4836,24.0,C,4836,0.00593,0.00205
7890,12.0,A,7890,0.16183,0.04093
5888,20.0,B,5888,0.02688,0.00628
5393,36.0,B,5393,0.00277,0.00011
287,36.0,B,287,0.0037,0.00013
8625,20.0,A,8625,0.05468,0.006
6401,24.0,E,6401,0.00394,0.00472
9126,28.0,B,9126,0.00134,0.00052
1699,20.0,C,1699,0.0291,0.0071
1599,24.0,C,1599,0.0032,0.00939
7931,40.0,B,7931,0.04273,0.00011
2433,24.0,E,2433,0.0014,0.01504
2267,12.0,A,2267,0.10599,0.04813
7057,40.0,A,7057,0.04642,2e-05
4805,32.0,D,4805,0.01237,0.00048
3689,20.0,D,3689,0.04767,0.00988
9877,32.0,D,9877,0.00588,0.0003
9286,24.0,A,9286,0.03253,0.00117
8133,16.0,F,8133,0.02163,0.01529
5766,28.0,F,5766,0.04049,0.07409
4310,32.0,C,4310,0.05179,0.00092
3869,24.0,D,3869,0.04248,0.00568
2637,24.0,D,2637,0.00884,0.00335
6445,40.0,C,6445,0.01134,0.00366
7167,36.0,E,7167,0.00352,0.00516
1986,16.0,C,1986,0.11236,0.01379
2649,12.0,B,2649,0.0574,0.02638
6259,36.0,F,6259,0.05653,0.05148
5727,24.0,D,5727,0.01877,0.00198
9983,28.0,D,9983,0.20962,0.0045
3581,24.0,E,3581,0.00891,0.05835
5252,36.0,C,5252,0.0029,0.01105
4590,16.0,D,4590,0.00228,0.0159
6469,36.0,A,6469,0.023,5e-05
5264,36.0,D,5264,0.03351,0.0046
8178,28.0,E,8178,0.03554,0.00406
5437,12.0,D,5437,0.11511,0.06494
9279,36.0,E,9279,0.01748,0.01551
179,32.0,A,179,0.00176,0.00052
3577,32.0,B,3577,0.01491,0.00028
7988,12.0,A,7988,0.02792,0.0292
6127,40.0,D,6127,0.02442,0.00024
8324,20.0,E,8324,0.01048,0.00712
2303,40.0,F,2303,0.04001,0.02993
5193,24.0,D,5193,0.01507,0.01002
1714,32.0,F,1714,0.00492,0.02535
4055,16.0,E,4055,0.07779,0.01385
5133,40.0,F,5133,0.03025,0.03863
5562,16.0,E,5562,0.101,0.02389
6487,24.0,A,6487,0.01187,0.00165
6326,36.0,F,6326,0.02024,0.05135
261,40.0,E,261,0.00131,0.01906
6459,28.0,D,6459,0.01352,0.00341
9122,20.0,D,9122,0.00948,0.00648
9296,36.0,F,9296,0.01566,0.04404
7871,12.0,A,7871,0.05995,0.02692
4714,20.0,D,4714,0.00268,0.01186
1799,12.0,B,1799,0.00241,0.03009
6368,16.0,D,6368,0.0203,0.00628
3937,20.0,C,3937,0.04842,0.00694
7564,20.0,D,7564,0.00494,0.00329
6579,12.0,A,6579,0.04186,0.02087
3434,28.0,C,3434,0.05841,0.00164
2669,20.0,C,2669,0.01223,0.00706
6871,28.0,E,6871,0.07999,0.00794
1758,24.0,C,1758,0.00679,0.00256
3669,32.0,F,3669,0.0578,0.04361
3554,24.0,D,3554,0.023,0.01074
4255,36.0,D,4255,0.02568,0.00528
9848,32.0,E,9848,0.00629,0.0029
4625,20.0,D,4625,0.03594,0.00482
6072,24.0,D,6072,0.09948,0.0095
8861,24.0,E,8861,0.01686,0.01779
4340,24.0,B,4340,0.00107,0.00349
7058,28.0,B,7058,0.00131,0.0021
9946,40.0,B,9946,0.04721,0.00031
7591,24.0,C,7591,0.00574,0.00332
2929,40.0,D,2929,0.09409,0.00636
7786,32.0,A,7786,0.0357,0.00015
4893,32.0,F,4893,0.00717,0.01474
2743,12.0,E,2743,0.01258,0.04223
8984,32.0,F,8984,0.16934,0.02328
702,36.0,F,702,0.00651,0.01009
2188,20.0,F,2188,0.06106,0.04229
300,12.0,B,300,0.24891,0.05043
6841,40.0,D,6841,0.00563,0.00101
5553,12.0,C,5553,0.06191,0.03222
6064,24.0,A,6064,0.01613,0.00201
6029,20.0,E,6029,0.03237,0.01074
7042,20.0,C,7042,0.01087,0.00792
6665,40.0,D,6665,0.00461,0.00407
4054,12.0,A,4054,0.05502,0.03639
1246,36.0,C,1246,0.02888,0.00238
3461,40.0,E,3461,0.00123,0.00331
293,24.0,A,293,0.08405,0.002
6452,36.0,A,6452,0.04724,0.00018
9500,28.0,B,9500,0.00614,0.00047
8929,36.0,F,8929,0.02447,0.01947
9740,40.0,A,9740,0.038,5e-05
1901,24.0,D,1901,0.07661,0.00224
2618,12.0,F,2618,0.01689,0.03989
9978,32.0,B,9978,0.00112,0.00023
4534,36.0,E,4534,0.00452,0.03186
4023,24.0,E,4023,0.00206,0.00945
232,16.0,B,232,0.01545,0.01392
1896,16.0,A,1896,0.10975,0.01237
2215,28.0,F,2215,0.03222,0.00332
4073,28.0,F,4073,0.07542,0.06935
265,32.0,F,265,0.00597,0.04251
3894,16.0,A,3894,0.02569,0.00944
1213,28.0,D,1213,0.0142,0.00117
5386,20.0,C,5386,0.00267,0.00498
5976,40.0,E,5976,0.00494,0.02152
9610,40.0,B,9610,0.00056,0.00024
8552,28.0,E,8552,0.01072,0.00295
8404,36.0,B,8404,0.04276,0.00022
7795,16.0,F,7795,0.00687,0.04137
2693,32.0,A,2693,0.04137,0.00036
4996,40.0,E,4996,0.00356,0.00366
5696,12.0,F,5696,0.06495,0.05995
4066,16.0,A,4066,0.03338,0.006
3288,16.0,A,3288,0.08194,0.00794
5457,16.0,D,5457,0.35431,0.02425
4590,16.0,C,4590,0.01194,0.03435
6390,28.0,D,6390,0.10253,0.0019
7405,28.0,D,7405,0.01527,0.00166
9049,40.0,C,9049,0.02354,0.0017
8437,40.0,A,8437,0.04552,4e-05
9687,28.0,B,9687,0.00471,0.0011
9772,20.0,D,9772,0.16133,0.02154
157,32.0,A,157,0.03062,0.00013
4120,28.0,A,4120,0.04909,0.0015
884,16.0,B,884,0.00214,0.01754
3450,20.0,B,3450,0.00974,0.00349
985,16.0,C,985,0.02116,0.00681
9645,28.0,F,9645,0.02744,0.01922
4885,36.0,C,4885,0.01653,0.00012
1904,12.0,B,1904,0.0127,0.0536
4193,40.0,E,4193,0.08302,0.02156
7705,36.0,B,7705,0.11299,0.00241
3333,36.0,E,3333,0.00211,0.00854
4997,12.0,A,4997,0.235,0.03502
8396,32.0,E,8396,0.00415,0.0006
4825,16.0,F,4825,0.05673,0.04965
3709,20.0,F,3709,0.04226,0.06704
6510,32.0,D,6510,0.00458,0.01228
6243,24.0,B,6243,0.0232,0.00205
5188,16.0,F,5188,0.0088,0.08201
1767,40.0,E,1767,0.10292,0.03303
989,24.0,C,989,0.00385,0.00286
1666,36.0,D,1666,0.00175,0.00096
7122,32.0,D,7122,0.01838,0.0033
6211,32.0,B,6211,0.0263,0.0005
5447,32.0,A,5447,0.04303,0.00028
6290,12.0,E,6290,0.01271,0.02094
4282,24.0,F,4282,0.28754,0.01882
4342,32.0,C,4342,0.00867,0.00138
2980,20.0,B,2980,0.00657,0.00889
7018,12.0,A,7018,0.09035,0.02606
7701,16.0,D,7701,0.00776,0.00865
5819,28.0,F,5819,0.10738,0.02239
5,12.0,B,5,0.06237,0.0213
6247,36.0,E,6247,0.02518,0.0263
6274,36.0,E,6274,0.0191,0.0287
9248,40.0,E,9248,0.00823,0.00279
6063,16.0,A,6063,0.17382,0.01384
3961,24.0,A,3961,0.05979,0.00175
807,20.0,C,807,0.00132,0.00585
665,40.0,B,665,0.01362,0.00063
5877,24.0,A,5877,0.0243,0.00204
7560,36.0,A,7560,0.0177,8e-05
2512,32.0,D,2512,0.00052,0.00074
6948,16.0,D,6948,0.03324,0.03044
1971,20.0,E,1971,0.00699,0.02394
4159,16.0,E,4159,0.06414,0.03398
7629,16.0,D,7629,0.1257,0.01276
3938,32.0,D,3938,0.00379,0.00232
9122,40.0,E,9122,0.01377,0.02472
8854,28.0,F,8854,0.03515,0.09388
7955,28.0,A,7955,0.02031,0.00074
6655,12.0,B,6655,0.0857,0.03113
1928,16.0,A,1928,0.002,0.01228
2646,28.0,D,2646,0.02529,0.00637
3302,16.0,A,3302,0.03675,0.0198
8602,20.0,E,8602,0.10306,0.00868
1609,36.0,C,1609,0.00038,0.0015
3603,40.0,A,3603,0.04336,4e-05
5361,28.0,A,5361,0.0433,0.00097
598,12.0,A,598,0.16529,0.05542
8117,20.0,E,8117,0.0505,0.00656
3591,36.0,A,3591,0.00413,9e-05
5366,24.0,C,5366,0.01056,0.00962
1296,24.0,B,1296,0.00117,0.00102
1355,12.0,F,1355,0.01872,0.04257
7189,16.0,D,7189,0.01929,0.01202
700,16.0,A,700,0.13521,0.00951
9099,28.0,C,9099,0.00194,0.00082
2061,20.0,F,2061,0.04991,0.0407
8813,16.0,B,8813,0.30268,0.01692
4460,32.0,E,4460,0.04354,0.00203
8723,24.0,F,8723,0.12165,0.02772
1689,20.0,A,1689,0.04853,0.00828
5188,16.0,A,5188,0.02577,0.01162
4047,16.0,F,4047,0.05657,0.05291
4516,12.0,D,4516,1.0564,0.04221
9502,16.0,F,9502,0.05668,0.08414
3846,12.0,B,3846,0.00978,0.02597
6323,24.0,B,6323,0.01131,0.00158
9011,24.0,A,9011,0.02187,0.00228
9189,20.0,A,9189,0.01803,0.00424
1095,40.0,A,1095,0.02045,3e-05
5002,28.0,B,5002,0.00709,0.00064
7402,40.0,D,7402,0.00688,0.00053
6408,32.0,C,6408,0.0013,0.00528
9784,24.0,E,9784,0.08509,0.06521
1309,16.0,D,1309,0.10655,0.0086
8081,20.0,D,8081,0.00472,0.01623
2514,12.0,E,2514,0.07174,0.05844
4873,28.0,D,4873,0.01642,0.00343
1555,28.0,A,1555,0.04548,0.00086
7644,12.0,B,7644,0.01184,0.02561
7989,16.0,A,7989,0.16767,0.01759
3683,16.0,C,3683,0.00464,0.01186
5768,12.0,B,5768,0.00597,0.0339
886,36.0,E,886,0.00979,0.00374
3534,36.0,E,3534,0.00344,0.00641
6018,24.0,D,6018,0.00927,0.02917
3526,24.0,C,3526,0.0237,0.00457
8288,24.0,F,8288,0.01035,0.13855
9120,36.0,D,9120,0.01956,0.00151
8497,28.0,A,8497,0.02776,0.00086
3833,28.0,E,3833,0.02472,0.01254
2919,20.0,E,2919,0.0646,0.0102
3332,24.0,D,3332,0.03468,0.00348
321,40.0,E,321,0.10184,0.02481
1174,20.0,B,1174,0.00683,0.00809
1255,24.0,E,1255,0.00312,0.03444
3688,40.0,C,3688,0.00282,0.00168
300,16.0,D,300,0.0757,0.0148
7833,16.0,A,7833,0.03269,0.01136
2179,40.0,A,2179,0.02506,7e-05
6477,20.0,E,6477,0.06438,0.00953
9947,20.0,A,9947,0.03632,0.00519
5444,28.0,C,5444,0.01478,0.00467
8653,24.0,B,8653,0.00259,0.00223
7247,32.0,D,7247,0.02796,0.00399
1552,32.0,C,1552,0.02237,0.00092
6868,12.0,B,6868,0.00582,0.01663
6854,16.0,E,6854,0.03106,0.03107
4920,36.0,D,4920,0.00049,0.00109
4752,36.0,C,4752,0.10466,0.00097
9312,28.0,D,9312,0.69558,0.00107
4962,32.0,B,4962,0.11087,0.00138
6465,28.0,A,6465,0.03154,0.0004
4560,36.0,D,4560,0.01251,0.00407
6001,16.0,E,6001,0.01367,0.0273
1414,16.0,C,1414,0.00572,0.01402
2955,12.0,E,2955,0.00978,0.06026
3468,32.0,B,3468,0.00145,0.00055
7422,36.0,F,7422,0.07413,0.05894
822,40.0,E,822,0.01681,0.00957
8152,16.0,E,8152,0.00796,0.02134
2670,36.0,E,2670,0.00697,0.0014
3754,32.0,A,3754,0.00157,0.0005
1366,28.0,F,1366,0.03186,0.08447
2477,24.0,D,2477,0.03752,0.00396
5315,36.0,A,5315,0.03652,0.0001
7782,16.0,E,7782,0.04011,0.02779
2429,24.0,B,2429,0.00637,0.00211
7946,36.0,A,7946,0.04728,0.00013
3864,32.0,A,3864,0.01334,0.00026
1067,20.0,A,1067,0.03479,0.00684
3955,40.0,A,3955,0.02027,7e-05
2645,32.0,B,2645,0.01303,0.00042
4906,40.0,C,4906,0.0023,0.00045
5168,20.0,F,5168,0.04203,0.07773
8580,16.0,C,8580,0.00527,0.00964
1425,20.0,B,1425,0.02555,0.00467
52,16.0,A,52,0.03575,0.00926
5718,36.0,C,5718,0.01926,0.00173
139,20.0,D,139,0.00523,0.00611
7052,32.0,D,7052,0.00646,0.00103
594,36.0,B,594,0.01693,0.00015
878,24.0,C,878,0.03077,0.00509
8292,40.0,E,8292,0.00368,0.00859
2081,36.0,E,2081,0.01374,0.00046
37,12.0,D,37,0.01886,0.01808
1616,12.0,D,1616,0.06891,0.02524
2841,20.0,D,2841,0.03864,0.03562
7945,40.0,B,7945,0.01679,0.00051
9841,20.0,C,9841,0.00223,0.00624
4231,16.0,E,4231,0.01946,0.01811
6659,36.0,D,6659,0.1982,0.00136
6688,20.0,D,6688,0.00113,0.00306
1447,32.0,C,1447,0.00033,0.00048
3477,12.0,A,3477,0.05229,0.03061
8835,24.0,A,8835,0.02309,0.00246
6807,40.0,C,6807,0.03214,0.00506
4910,28.0,C,4910,0.14908,0.00053
1720,24.0,A,1720,0.02633,0.00168
3885,16.0,F,3885,0.01087,0.03094
3066,16.0,D,3066,0.01483,0.014
4346,32.0,F,4346,0.00062,0.01006
3701,12.0,A,3701,0.09447,0.02458
6740,36.0,F,6740,0.03926,0.02403
4775,32.0,B,4775,0.00588,0.00125
8599,28.0,F,8599,0.05243,0.04668
8720,24.0,A,8720,0.13749,0.00185
1500,24.0,B,1500,0.00194,0.00194
6232,28.0,E,6232,0.01428,0.04726
1582,12.0,D,1582,0.03688,0.02503
6709,20.0,A,6709,0.01236,0.00498
8691,40.0,B,8691,0.02243,9e-05
9510,32.0,B,9510,0.00408,0.00063
5015,28.0,D,5015,0.01048,0.01193
1828,36.0,C,1828,0.00424,0.00025
7786,40.0,E,7786,0.08409,0.03908
6866,36.0,A,6866,0.01494,0.00019
956,28.0,E,956,0.01535,0.01489
7731,32.0,A,7731,0.01606,0.00026
3890,12.0,E,3890,0.13068,0.06768
2782,32.0,A,2782,0.02343,0.00026
5495,28.0,B,5495,0.00453,0.00062
1157,12.0,B,1157,0.07118,0.04363
1414,32.0,A,1414,0.00975,0.00023
6733,24.0,D,6733,0.00289,0.00128
8503,20.0,D,8503,0.03136,0.00476
6003,36.0,F,6003,0.00655,0.01548
5545,32.0,F,5545,0.00921,0.02972
6544,12.0,D,6544,0.00251,0.03671
1989,24.0,A,1989,0.01556,0.00212
3570,12.0,F,3570,0.03715,0.04181
4963,40.0,C,4963,0.00255,0.00082
8809,40.0,D,8809,0.0078,0.01257
5781,24.0,F,5781,0.02328,0.02284
4667,36.0,F,4667,0.05382,0.00469
5480,28.0,D,5480,0.04821,0.00097
2642,12.0,A,2642,0.06327,0.04547
8699,32.0,A,8699,0.03827,0.00034
2173,40.0,C,2173,0.02871,0.0038
4788,40.0,C,4788,0.00052,0.00147
2491,28.0,A,2491,0.01032,0.00058
2075,36.0,E,2075,0.00406,0.01383
1888,28.0,D,1888,0.01199,0.01649
9843,36.0,F,9843,0.02287,0.02221
4935,32.0,E,4935,0.00572,0.01539
9411,36.0,A,9411,0.02146,0.00017
2716,24.0,C,2716,0.01849,0.00302
5669,12.0,D,5669,0.02763,0.02658
8101,40.0,A,8101,0.02904,7e-05
7008,16.0,B,7008,0.00543,0.01069
917,24.0,B,917,0.17365,0.00366
1612,20.0,A,1612,0.04109,0.00296
769,16.0,A,769,0.02455,0.00924
5801,28.0,D,5801,0.04532,0.00234
2244,20.0,E,2244,0.01033,0.01788
9043,28.0,E,9043,0.00638,0.01192
9088,40.0,B,9088,0.06885,0.00159
3276,12.0,C,3276,0.02281,0.02607
8777,36.0,E,8777,0.03656,0.00173
9824,32.0,E,9824,0.05683,0.02427
4737,20.0,B,4737,0.00884,0.00591
3381,28.0,D,3381,0.00751,0.0013
4293,28.0,B,4293,0.11527,0.00124
9205,28.0,E,9205,0.01238,0.00934
7721,32.0,C,7721,0.00858,0.00781
6422,16.0,C,6422,0.00442,0.01872
7218,12.0,B,7218,0.00119,0.02255
7591,28.0,C,7591,0.06471,0.00166
5227,12.0,E,5227,0.03931,0.03903
9960,36.0,B,9960,0.0017,0.00026
9291,16.0,B,9291,0.00642,0.01284
846,28.0,A,846,0.01224,0.00089
4238,36.0,E,4238,0.01949,0.01323
9954,36.0,A,9954,0.0311,9e-05
2310,32.0,A,2310,0.07173,0.0002
6656,36.0,E,6656,0.00095,0.01182
5054,32.0,B,5054,0.00478,0.00081
1997,16.0,C,1997,0.03699,0.01362
6414,40.0,C,6414,0.02516,0.00314
9516,28.0,D,9516,0.05785,0.01772
2256,32.0,D,2256,0.00861,0.01257
1402,40.0,F,1402,0.01226,0.00588
6606,16.0,D,6606,0.10152,0.01545
4883,36.0,D,4883,0.00107,0.00041
4357,40.0,E,4357,0.00445,0.01172
6679,16.0,C,6679,0.00826,0.00965
554,20.0,D,554,0.00258,0.00713
8891,32.0,E,8891,0.0979,0.00133
4837,36.0,E,4837,0.0196,0.01517
9316,40.0,F,9316,0.01768,0.00924
7041,36.0,B,7041,0.00159,0.00032
7535,20.0,D,7535,0.02461,0.01387
1022,28.0,D,1022,0.00638,0.00454
1947,24.0,A,1947,0.03801,0.00247
4279,28.0,B,4279,0.21654,0.00041
8637,16.0,C,8637,0.00365,0.00767
3771,12.0,E,3771,0.00878,0.0454
2515,20.0,B,2515,0.03183,0.00834
6141,16.0,E,6141,0.00714,0.04703
3998,28.0,E,3998,0.11198,0.04302
8532,36.0,E,8532,0.02435,0.0028
4774,40.0,E,4774,0.00273,0.00505
8025,36.0,B,8025,0.00379,0.00048
6473,24.0,C,6473,0.07464,0.00552
7490,40.0,A,7490,0.02445,6e-05
4593,16.0,A,4593,0.02319,0.00523
5497,28.0,C,5497,0.00556,0.00923
4331,12.0,F,4331,0.21645,0.15191
2313,40.0,E,2313,0.00422,0.00438
8938,20.0,F,8938,0.0139,0.04302
5012,12.0,A,5012,0.07301,0.01692
5129,24.0,B,5129,0.01501,0.00134
1086,36.0,B,1086,0.00151,0.00098
1672,36.0,B,1672,0.03483,0.00045
8806,28.0,C,8806,0.02326,0.01204
7515,40.0,F,7515,0.0307,0.02448
2915,20.0,D,2915,0.01025,0.00396
2611,28.0,C,2611,0.16282,0.0017
1597,28.0,D,1597,0.01015,0.00418
2837,40.0,B,2837,0.02458,7e-05
8078,16.0,F,8078,0.0414,0.02758
6903,28.0,C,6903,0.0085,0.00866
5964,12.0,E,5964,0.03604,0.0801
2833,32.0,B,2833,0.00312,0.00049
9157,24.0,F,9157,0.0275,0.0475
2985,32.0,F,2985,0.00762,0.06474
4889,36.0,C,4889,0.25337,0.00024
99,20.0,B,99,0.02898,0.00604
3769,36.0,E,3769,0.00269,0.02113
2587,16.0,B,2587,0.01219,0.0144
3275,24.0,A,3275,0.0408,0.00301
6461,20.0,B,6461,0.05146,0.00521
7711,20.0,D,7711,0.00583,0.0063
1347,24.0,E,1347,0.04769,0.02106
7334,32.0,C,7334,0.03081,0.00325
9201,36.0,F,9201,0.00866,0.00644
5674,28.0,F,5674,0.06527,0.08376
4611,28.0,A,4611,0.04926,0.00055
8876,24.0,E,8876,0.00098,0.03004
3397,12.0,C,3397,0.00651,0.03427
1850,12.0,F,1850,0.02242,0.1141
2555,40.0,A,2555,0.02479,5e-05
4891,12.0,B,4891,0.00802,0.03682
8631,28.0,A,8631,0.0271,0.00062
3511,32.0,C,3511,0.00559,0.00619
7792,32.0,C,7792,0.00117,0.00036
7956,40.0,E,7956,0.00213,0.00873
6414,40.0,B,6414,0.01325,0.00081
4537,32.0,A,4537,0.0487,0.00036
5824,20.0,D,5824,0.00306,0.03676
5263,16.0,B,5263,0.07357,0.01714
5786,12.0,B,5786,0.11541,0.04329
7093,36.0,A,7093,0.01817,0.0001
1175,40.0,D,1175,0.02405,0.00048
1015,36.0,A,1015,0.01686,0.00014
5964,40.0,D,5964,0.00342,0.0012
6975,24.0,C,6975,0.00332,0.0043
589,28.0,A,589,0.06737,0.00114
3278,40.0,C,3278,0.00139,0.00098
6478,28.0,B,6478,0.44453,0.00181
6732,28.0,B,6732,0.06293,0.00064
5876,32.0,D,5876,0.10185,0.00149
1718,16.0,C,1718,0.0078,0.02077
150,16.0,B,150,0.07612,0.00935
724,36.0,D,724,0.04818,0.00708
1745,36.0,A,1745,0.058,0.00013
2120,40.0,E,2120,0.00107,0.0074
314,24.0,B,314,0.0039,0.00187
2539,24.0,C,2539,0.02279,0.00282
5394,24.0,C,5394,0.00248,0.00176
1252,24.0,B,1252,0.15468,0.00108
4600,36.0,B,4600,0.00698,0.00013
4631,40.0,B,4631,0.02973,0.00022
8895,28.0,A,8895,0.03526,0.00086
6236,28.0,F,6236,0.00559,0.03607
5372,28.0,C,5372,0.0361,0.00083
2487,32.0,A,2487,0.02195,0.00033
9053,20.0,B,9053,0.02761,0.00785
8203,28.0,C,8203,0.00165,0.00138
5002,40.0,B,5002,0.04259,0.00051
9171,16.0,A,9171,0.17904,0.01122
9324,36.0,D,9324,0.22983,0.00233
3625,24.0,D,3625,0.4317,0.00203
2553,12.0,F,2553,0.01033,0.08898
7584,28.0,D,7584,0.01732,0.00089
9266,40.0,D,9266,0.06825,0.00045
6074,16.0,D,6074,0.00488,0.02303
7007,16.0,C,7007,0.01036,0.00866
7891,40.0,F,7891,0.0587,0.06706
8116,32.0,E,8116,0.0039,0.00056
637,40.0,C,637,0.00246,0.0007
9186,40.0,A,9186,0.0248,4e-05
486,28.0,E,486,0.00421,0.01297
9883,16.0,C,9883,0.518,0.00909
8762,24.0,E,8762,0.00817,0.01687
5295,20.0,A,5295,0.43421,0.64981
656,28.0,C,656,0.00201,0.00125
6247,32.0,B,6247,0.0215,0.00059
6314,32.0,C,6314,0.03092,0.00126
7957,28.0,B,7957,0.00792,0.00079
5547,40.0,F,5547,0.0312,0.03624
45,20.0,F,45,0.00492,0.02491
8469,40.0,E,8469,0.01083,0.01831
8297,20.0,B,8297,0.02693,0.00515
3568,36.0,A,3568,0.01303,0.00023
8939,28.0,D,8939,0.0235,0.00242
8067,36.0,B,8067,0.02788,0.00124
9894,32.0,E,9894,0.0151,0.01556
6142,40.0,A,6142,0.02524,5e-05
7559,28.0,B,7559,0.03538,0.00096
9302,36.0,B,9302,0.00094,0.00053
4610,28.0,E,4610,0.02915,0.01171
2962,32.0,A,2962,0.0232,0.00042
6383,24.0,A,6383,0.09309,0.00151
4542,36.0,C,4542,0.01675,0.00084
3679,20.0,A,3679,0.09596,0.00382
1358,28.0,F,1358,0.02283,0.06534
989,40.0,E,989,0.00544,0.0541
9680,24.0,F,9680,0.00891,0.02213
329,40.0,A,329,0.02414,5e-05
3425,16.0,E,3425,0.03018,0.04249
563,36.0,A,563,0.04771,0.00014
2748,16.0,E,2748,0.02239,0.01795
4000,32.0,E,4000,0.02726,0.02872
2165,36.0,A,2165,0.037,0.00017
3200,28.0,E,3200,0.01263,0.00822
5992,40.0,B,5992,0.00869,0.00058
4427,24.0,B,4427,0.36556,0.00199
918,24.0,F,918,0.029,0.11966
5878,20.0,D,5878,0.01029,0.00325
5206,28.0,A,5206,0.02547,0.00052
7629,28.0,B,7629,0.01932,0.0008
3989,40.0,C,3989,0.04884,0.00345
8020,16.0,A,8020,0.05271,0.02114
4997,28.0,C,4997,0.01731,0.003
5496,36.0,B,5496,0.02335,0.00021
3849,40.0,A,3849,0.01838,4e-05
300,40.0,B,300,0.01451,0.00282
5264,20.0,F,5264,0.0268,0.03295
858,32.0,C,858,0.00112,0.00165
8235,32.0,A,8235,0.01673,0.00017
835,36.0,E,835,0.08678,0.00225
6470,32.0,A,6470,0.03823,0.00068
3700,32.0,B,3700,0.01232,0.00042
5734,12.0,F,5734,0.02691,0.05102
4574,16.0,A,4574,0.08554,0.01331
8082,24.0,B,8082,0.00056,0.00398
9107,20.0,B,9107,0.04951,0.00596
5081,28.0,A,5081,0.15116,0.00082
8145,28.0,E,8145,0.02273,0.00345
474,16.0,E,474,0.02004,0.02835
4988,32.0,F,4988,0.01015,0.0016
8344,32.0,F,8344,0.0933,0.01321
5667,16.0,A,5667,0.10849,0.01602
8811,12.0,A,8811,0.09329,0.06882
5068,12.0,E,5068,0.02942,0.0523
2213,12.0,F,2213,0.02815,0.03651
8855,36.0,D,8855,0.02641,0.00178
5565,16.0,A,5565,0.03746,0.01281
216,36.0,D,216,0.018,0.00287
9697,32.0,F,9697,0.00106,0.02402
2412,20.0,E,2412,0.00173,0.03837
3231,20.0,B,3231,0.00509,0.00523
7121,40.0,F,7121,0.0127,0.01967
6607,40.0,C,6607,0.01553,0.0027
6924,12.0,A,6924,0.05789,0.0538
8136,36.0,C,8136,0.00152,0.00083
7221,28.0,F,7221,0.05991,0.02952
3716,12.0,B,3716,0.00486,0.01541
6716,28.0,C,6716,0.0029,0.00071
6401,20.0,C,6401,0.00184,0.00714
7724,28.0,B,7724,0.01497,0.00084
3777,12.0,E,3777,0.04112,0.03428
5886,20.0,A,5886,0.03939,0.00834
8032,40.0,B,8032,0.09107,0.0001
2410,16.0,C,2410,0.00672,0.01411
6890,24.0,E,6890,0.05581,0.02405
3957,36.0,A,3957,0.03056,0.00012
3833,36.0,D,3833,0.02162,0.00758
2789,28.0,C,2789,0.00198,0.00442
4295,20.0,F,4295,0.03404,0.03903
6144,24.0,D,6144,0.0749,0.00491
6192,36.0,D,6192,0.01862,0.00178
2018,20.0,A,2018,0.01965,0.00464
3968,20.0,C,3968,0.00664,0.00423
8244,16.0,F,8244,0.03082,0.02102
7913,28.0,B,7913,0.03415,0.00164
4660,40.0,A,4660,0.03059,5e-05
7717,16.0,C,7717,0.02449,0.01813
6085,24.0,C,6085,0.00277,0.00242
4496,12.0,F,4496,0.04629,0.10528
113,32.0,E,113,0.00694,0.00826
7230,36.0,A,7230,0.01734,9e-05
7976,28.0,F,7976,0.00108,0.03769
8995,40.0,A,8995,0.04819,4e-05
1068,16.0,D,1068,0.01387,0.01545
4879,40.0,C,4879,0.00439,0.00203
3410,32.0,D,3410,0.01323,0.00143
9125,28.0,D,9125,0.0023,0.01069
4316,20.0,A,4316,0.00817,0.00798
1471,32.0,A,1471,0.03684,0.00028
7351,28.0,F,7351,0.04466,0.04384
2201,40.0,D,2201,0.01103,0.00082
8059,40.0,C,8059,0.00039,0.00092
7282,28.0,F,7282,0.06034,0.11088
256,28.0,A,256,0.01141,0.00095
820,24.0,A,820,0.04904,0.00218
1219,40.0,E,1219,0.00473,0.02269
6168,20.0,A,6168,0.04699,0.00826
6272,12.0,E,6272,0.11636,0.02702
1556,20.0,E,1556,0.01297,0.0177
6117,32.0,E,6117,0.00846,0.01314
6615,36.0,A,6615,0.03083,0.00011
1561,12.0,F,1561,0.09103,0.02894
4509,24.0,E,4509,0.04331,0.01852
8354,28.0,D,8354,0.00074,0.00278
8081,24.0,B,8081,0.04123,0.00223
1329,32.0,E,1329,0.0114,0.00236
1590,32.0,D,1590,0.05746,0.00412
5442,40.0,E,5442,0.0097,0.01995
4704,28.0,F,4704,0.00395,0.00662
8856,40.0,D,8856,0.00705,0.00032
9659,32.0,C,9659,0.03822,0.00343
4813,40.0,C,4813,0.18308,0.00052
3158,36.0,F,3158,0.02136,0.02841
1428,20.0,B,1428,0.00759,0.00947
2734,24.0,F,2734,0.01418,0.054
5159,36.0,B,5159,0.06777,0.00029
1287,40.0,E,1287,0.05351,0.0034
2374,16.0,D,2374,0.01217,0.01053
8391,24.0,D,8391,0.00289,0.0053
3854,40.0,F,3854,0.02972,0.02667
1578,12.0,D,1578,0.02748,0.03545
5920,20.0,C,5920,0.02358,0.00571
3400,36.0,B,3400,0.02432,0.00155
8947,32.0,E,8947,0.05695,0.00212
4445,28.0,E,4445,0.00292,0.02611
6790,16.0,F,6790,0.00612,0.06856
235,12.0,F,235,0.03036,0.04288
898,24.0,B,898,0.00441,0.00319
9958,40.0,F,9958,0.00404,0.04891
7533,24.0,D,7533,0.01297,0.01516
5011,12.0,B,5011,0.01012,0.03081
4947,20.0,F,4947,0.01868,0.00683
3490,12.0,C,3490,0.08311,0.03186
2114,24.0,A,2114,0.05709,0.00164
4501,28.0,D,4501,0.02465,0.00823
7286,12.0,A,7286,0.16143,0.0119
4144,16.0,B,4144,0.00129,0.01167
2094,20.0,A,2094,0.00428,0.00664
5194,36.0,C,5194,0.09081,0.00069
9976,20.0,E,9976,0.13581,0.03343
3243,36.0,A,3243,0.01573,0.00011
7081,16.0,A,7081,0.02678,0.01565
4983,28.0,D,4983,0.0265,0.00292
8054,12.0,B,8054,0.03364,0.02351
8295,36.0,B,8295,0.00397,0.00067
4037,24.0,F,4037,0.00514,0.0198
5132,32.0,B,5132,0.00088,0.00036
7822,24.0,C,7822,0.00312,0.00139
716,28.0,A,716,0.01144,0.00069
3794,16.0,C,3794,0.04059,0.01128
604,36.0,C,604,0.00151,0.00136
3890,20.0,F,3890,0.00956,0.02118
6451,32.0,C,6451,0.02308,0.00088
6760,40.0,B,6760,0.03158,0.00023
1386,20.0,C,1386,0.01995,0.00504
4375,40.0,D,4375,0.00431,0.00057
2631,24.0,F,2631,0.07012,0.02441
9568,32.0,D,9568,0.03849,0.00484
7732,24.0,B,7732,0.00171,0.00249
1055,36.0,A,1055,0.05007,0.00013
938,28.0,E,938,0.00468,0.01983
3450,16.0,B,3450,0.01465,0.01492
4843,28.0,D,4843,0.01919,0.0018
5197,28.0,D,5197,0.03368,0.00239
7032,24.0,C,7032,0.03326,0.00368
1414,40.0,D,1414,0.00215,0.00449
7406,24.0,B,7406,0.00598,0.00104
6619,40.0,B,6619,0.00973,0.00023
7807,24.0,A,7807,0.04346,0.00163
6833,36.0,F,6833,0.00825,0.02832
8148,24.0,F,8148,0.04818,0.04942
4431,20.0,D,4431,0.00631,0.02699
5613,16.0,A,5613,0.03466,0.01831
5383,28.0,E,5383,0.01119,0.00665
7809,12.0,B,7809,0.00236,0.03918
6877,16.0,B,6877,0.10645,0.00848
760,16.0,D,760,0.04276,0.02128
6940,36.0,B,6940,0.0184,0.00028
5024,16.0,C,5024,0.06019,0.01146
5875,12.0,D,5875,0.00178,0.03223
6394,32.0,B,6394,0.00191,0.00078
89,16.0,C,89,0.02726,0.00969
6042,40.0,B,6042,0.01922,0.00196
9419,20.0,E,9419,0.02064,0.06306
1076,12.0,F,1076,0.00603,0.04021
9605,24.0,A,9605,0.05431,0.00318
2639,28.0,E,2639,0.00921,0.01502
1110,40.0,A,1110,0.01024,4e-05
8638,40.0,F,8638,0.00339,0.01952
2868,20.0,D,2868,0.05177,0.01052
1036,20.0,F,1036,0.00615,0.02309
7010,12.0,A,7010,0.16226,0.03018
9133,24.0,F,9133,0.03259,0.04278
9359,36.0,D,9359,0.0055,0.00545
6055,32.0,B,6055,0.00966,0.00123
9748,20.0,B,9748,0.00029,0.00545
3275,32.0,A,3275,0.00819,0.00034
3771,24.0,F,3771,0.02916,0.03749
6090,12.0,F,6090,0.02536,0.03799
1915,28.0,D,1915,0.00221,0.00187
8095,28.0,E,8095,0.01084,0.01203
2410,28.0,A,2410,0.01987,0.00063
614,36.0,A,614,0.0228,0.00017
374,16.0,B,374,0.00803,0.02591
3285,36.0,C,3285,0.00278,0.00013
8990,20.0,A,8990,0.01001,0.00322
5869,12.0,A,5869,0.04063,0.03185
7673,40.0,A,7673,0.03006,6e-05
6115,16.0,A,6115,0.09832,0.01658
4942,32.0,B,4942,0.01673,0.00054
373,40.0,A,373,0.03311,2e-05
3439,24.0,A,3439,0.02798,0.00117
564,12.0,A,564,0.14464,0.03233
6908,20.0,C,6908,0.32793,0.00419
2002,12.0,E,2002,0.16287,0.04813
2385,16.0,F,2385,0.01795,0.01871
8273,20.0,D,8273,0.03427,0.04422
2503,32.0,E,2503,0.24166,0.01617
2700,28.0,D,2700,0.02145,0.01371
8099,36.0,E,8099,0.03612,0.01754
1102,28.0,F,1102,0.0026,0.00707
8687,40.0,E,8687,0.00125,0.00327
407,20.0,C,407,0.00309,0.00844
1308,28.0,B,1308,0.00567,0.00101
7644,12.0,C,7644,0.10063,0.02245
1664,20.0,D,1664,0.02107,0.00753
9337,36.0,A,9337,0.01405,7e-05
1061,36.0,F,1061,0.00081,0.00731
4307,12.0,A,4307,0.06234,0.02705
6318,36.0,D,6318,0.01866,0.00036
4782,16.0,F,4782,0.00211,0.01267
4178,36.0,A,4178,0.04954,0.00012
1988,36.0,D,1988,0.01298,0.00282
4006,20.0,C,4006,0.0164,0.00562
8784,20.0,A,8784,0.03733,0.00535
3343,36.0,D,3343,0.00492,0.00295
4946,20.0,E,4946,0.00315,0.00742
4660,16.0,C,4660,0.44326,0.01269
980,32.0,C,980,0.00755,0.00289
7211,28.0,B,7211,0.04604,0.00086
1877,20.0,E,1877,0.02026,0.01321
48,20.0,A,48,0.02873,0.00627
494,16.0,C,494,0.03391,0.01429
1330,16.0,B,1330,0.00985,0.00888
7051,16.0,F,7051,0.03136,0.02078
4425,28.0,F,4425,0.03408,0.024
5866,36.0,D,5866,0.00592,0.00686
8831,16.0,A,8831,0.07182,0.01387
131,28.0,E,131,0.00714,0.0171
7574,40.0,A,7574,0.01688,6e-05
2685,12.0,F,2685,0.01208,0.03887
8277,24.0,A,8277,0.01528,0.00235
1285,12.0,C,1285,0.04026,0.02775
4209,36.0,B,4209,0.03322,0.00032
9869,28.0,A,9869,0.01248,0.00087
2366,16.0,F,2366,0.02209,0.08068
6293,16.0,A,6293,0.16845,0.01933
1012,28.0,A,1012,0.02493,0.00048
7260,32.0,E,7260,0.00648,0.00231
3964,16.0,A,3964,0.10051,0.01044
5507,16.0,B,5507,0.02868,0.01612
131,24.0,C,131,0.00683,0.00485
6188,20.0,D,6188,0.01914,0.00859
2109,24.0,D,2109,0.04202,0.01233
8661,32.0,E,8661,0.00525,0.00216
8648,20.0,A,8648,0.04269,0.00707
3331,20.0,F,3331,0.01938,0.05218
8296,16.0,F,8296,0.03461,0.03074
7088,36.0,A,7088,0.03969,0.00019
1384,36.0,F,1384,0.09523,0.04035
8664,36.0,B,8664,0.01759,0.00027
9045,36.0,A,9045,0.04016,9e-05
6337,24.0,A,6337,0.02947,0.00231
7340,32.0,F,7340,0.01207,0.02165
3686,32.0,E,3686,0.06773,0.00073
3079,20.0,C,3079,0.00275,0.00714
2956,40.0,D,2956,0.08964,0.01087
6789,32.0,E,6789,0.01107,0.00458
210,28.0,A,210,0.02378,0.00061
1574,32.0,F,1574,0.01967,0.03628
1930,36.0,F,1930,0.00429,0.02271
3807,16.0,D,3807,0.0491,0.01364
6656,32.0,E,6656,0.01938,0.03686
809,36.0,A,809,0.03742,9e-05
4055,16.0,F,4055,0.05992,0.00953
3781,24.0,B,3781,0.00549,0.00351
7477,24.0,A,7477,0.03511,0.00282
7782,24.0,B,7782,0.00212,0.00304
8315,32.0,E,8315,0.00545,0.01797
3527,28.0,F,3527,0.01318,0.12544
1099,16.0,B,1099,0.0014,0.01255
176,32.0,A,176,0.01046,0.00023
5840,28.0,A,5840,0.01191,0.00127
2660,32.0,D,2660,0.03563,0.00158
6256,32.0,A,6256,0.01058,0.00031
3814,24.0,D,3814,0.09858,0.0033
335,32.0,F,335,0.08201,0.05044
4162,36.0,D,4162,0.03481,0.0007
6094,32.0,F,6094,0.05987,0.07454
3382,24.0,A,3382,0.00677,0.00124
3775,32.0,C,3775,0.02451,0.00086
4222,28.0,E,4222,0.03222,0.00958
8220,36.0,D,8220,0.0007,0.00098
2421,40.0,B,2421,0.00628,0.00112
3925,20.0,E,3925,0.0201,0.03943
5824,12.0,F,5824,0.00769,0.07619
3408,32.0,D,3408,0.05242,0.00268
8226,28.0,F,8226,0.20657,0.06261
2569,16.0,A,2569,0.0642,0.01073
2419,36.0,F,2419,0.02911,0.03065
7428,12.0,A,7428,0.05901,0.0276
3076,16.0,E,3076,0.00449,0.02311
9706,32.0,B,9706,0.00751,0.00036
9686,28.0,D,9686,0.01535,0.00311
7090,28.0,C,7090,0.47159,0.01571
2111,40.0,B,2111,0.00139,0.00096
4324,40.0,A,4324,0.05992,7e-05
7147,36.0,E,7147,0.01258,0.0131
5758,28.0,E,5758,0.01609,0.01831
895,12.0,A,895,0.12364,0.03385
3902,12.0,D,3902,0.03284,0.02075
3915,12.0,F,3915,0.02474,0.08378
3220,40.0,B,3220,0.01594,0.00024
9961,36.0,E,9961,0.01593,0.00174
8135,36.0,C,8135,0.00821,0.00169
4534,12.0,F,4534,0.03374,0.02405
2927,16.0,D,2927,0.01493,0.01991
7860,40.0,F,7860,0.0164,0.02645
5947,36.0,D,5947,0.10169,0.01282
9581,20.0,A,9581,0.02843,0.00733
8686,40.0,B,8686,0.07064,0.00067
4743,16.0,A,4743,0.05727,0.01202
416,36.0,A,416,0.02222,0.00012
2694,36.0,E,2694,0.01454,0.00897
7962,28.0,F,7962,0.03331,0.01388
2029,12.0,C,2029,0.01612,0.0497
3237,16.0,F,3237,0.04532,0.09359
7219,24.0,B,7219,0.0146,0.00448
6115,40.0,F,6115,0.00736,0.01041
9809,28.0,A,9809,0.02482,0.00078
4736,20.0,F,4736,0.02005,0.01229
6465,32.0,F,6465,0.00795,0.01423
7064,32.0,D,7064,0.02011,0.00058
6679,16.0,B,6679,0.07546,0.01678
7547,32.0,E,7547,0.03161,0.06145
6849,16.0,D,6849,0.04158,0.01428
7867,20.0,A,7867,0.06429,0.00573
4409,40.0,F,4409,0.01074,0.03873
7428,20.0,F,7428,0.08209,0.08712
8098,32.0,C,8098,0.0221,0.00062
6613,32.0,B,6613,0.01114,0.00105
7967,32.0,F,7967,0.01625,0.06946
8359,40.0,B,8359,0.03951,0.00182
689,32.0,C,689,0.00986,0.00062
8362,20.0,F,8362,0.01836,0.02671
3707,40.0,D,3707,0.00354,0.0028
5370,32.0,B,5370,0.00087,0.00025
5194,28.0,D,5194,0.01186,0.00132
3297,40.0,D,3297,0.01576,0.0029
1017,40.0,F,1017,0.02547,0.03152
5642,24.0,A,5642,0.02238,0.00184
4846,40.0,E,4846,0.02897,0.02294
5057,28.0,A,5057,0.06057,0.00106
6114,20.0,A,6114,0.02603,0.00425
6037,32.0,A,6037,0.00308,0.00041
6677,20.0,F,6677,0.00394,0.07013
6432,24.0,D,6432,0.00243,0.0041
1541,16.0,E,1541,0.03413,0.03056
4842,12.0,F,4842,0.00148,0.044
5102,32.0,C,5102,0.11853,0.00158
7668,12.0,B,7668,0.03326,0.03285
2238,16.0,B,2238,0.01185,0.02106
75,40.0,F,75,0.00243,0.01851
1504,20.0,C,1504,0.01006,0.00499
5202,24.0,B,5202,0.00727,0.00224
2887,32.0,B,2887,0.00511,0.00033
5296,28.0,C,5296,0.18977,0.00132
2348,36.0,A,2348,0.03173,0.00016
1117,12.0,E,1117,0.10107,0.0386
724,20.0,D,724,0.0018,0.00879
9842,32.0,A,9842,0.00599,0.00032
5494,36.0,C,5494,0.04412,0.00013
174,12.0,C,174,0.09113,0.07433
6819,28.0,C,6819,0.00427,0.00645
8073,16.0,A,8073,0.05455,0.00937
3838,36.0,E,3838,0.00744,0.01383
2391,40.0,C,2391,0.02784,0.00116
4116,32.0,E,4116,0.04036,0.00854
1546,24.0,C,1546,0.00122,0.00133
6944,24.0,E,6944,0.01602,0.03391
1960,12.0,B,1960,0.01155,0.02548
566,40.0,C,566,0.01913,0.00089
2576,12.0,F,2576,0.03815,0.06526
1537,20.0,A,1537,0.01219,0.00473
9549,36.0,D,9549,0.00047,0.00102
507,32.0,F,507,0.04376,0.01635
6492,32.0,E,6492,0.00301,0.00376
5715,36.0,F,5715,0.01295,0.02323
1527,36.0,D,1527,0.01062,0.00032
8084,28.0,A,8084,0.01988,0.00069
275,32.0,D,275,0.01713,0.00182
2834,40.0,C,2834,0.0505,0.0031
5207,36.0,D,5207,0.00169,0.00011
1157,36.0,B,1157,0.01487,0.00091
5938,24.0,E,5938,0.00655,0.00963
74,12.0,C,74,0.01884,0.04458
8782,20.0,A,8782,0.03349,0.00366
3219,40.0,F,3219,0.0022,0.03614
7645,20.0,E,7645,0.00816,0.01702
2862,20.0,E,2862,0.00923,0.03306
8907,16.0,D,8907,0.02798,0.01012
419,28.0,D,419,0.00291,0.0169
1555,16.0,B,1555,0.06784,0.00658
226,24.0,D,226,0.01261,0.01012
2697,20.0,F,2697,0.00487,0.0687
1825,16.0,F,1825,0.01467,0.0406
3,12.0,A,3,0.04247,0.03701
5791,32.0,E,5791,0.00445,0.00215
6864,12.0,B,6864,0.03228,0.03226
7342,36.0,E,7342,0.00504,0.00116
40,40.0,F,40,0.02739,0.05381
4578,24.0,C,4578,0.01008,0.00389
6490,12.0,B,6490,0.00579,0.03813
5312,12.0,A,5312,0.0326,0.02325
7994,28.0,A,7994,0.00969,0.00083
7175,12.0,D,7175,0.08657,0.01687
4543,20.0,F,4543,0.02414,0.01431
7498,40.0,A,7498,0.01973,4e-05
7215,40.0,C,7215,0.00225,0.00248
3115,20.0,B,3115,0.06003,0.00467
1588,36.0,F,1588,0.05496,0.02839
12,36.0,F,12,0.00556,0.00317
9968,24.0,E,9968,0.0043,0.0151
2506,12.0,A,2506,0.16518,0.04346
9154,40.0,C,9154,0.00876,0.003
3851,36.0,B,3851,0.0034,0.0015
1238,20.0,B,1238,0.01672,0.00372
7131,36.0,E,7131,0.16893,0.01244
1704,20.0,D,1704,0.05697,0.00762
4448,16.0,B,4448,0.00622,0.0121
1233,24.0,D,1233,0.01089,0.00424
1930,16.0,B,1930,0.02358,0.01182
753,12.0,E,753,0.02365,0.06042
9500,40.0,F,9500,0.01096,0.01651
2113,20.0,B,2113,0.01442,0.00449
6932,24.0,D,6932,0.04099,0.00372
9709,32.0,C,9709,0.03145,0.00035
940,20.0,E,940,0.00244,0.02416
2813,20.0,F,2813,0.01199,0.1634
5763,24.0,F,5763,0.03814,0.10799
1433,24.0,B,1433,0.01847,0.00146
9444,36.0,C,9444,0.01399,0.00078
2102,16.0,B,2102,0.14948,0.01014
7365,28.0,B,7365,0.00322,0.00101
8130,28.0,E,8130,0.04729,0.01136
3092,28.0,A,3092,0.01591,0.00089
1405,36.0,E,1405,0.00149,0.02336
1910,24.0,A,1910,0.04359,0.00325
9080,36.0,E,9080,0.00475,0.00489
772,20.0,C,772,0.02614,0.00178
8231,36.0,A,8231,0.0489,0.00012
9427,36.0,D,9427,0.00377,0.00029
9598,20.0,A,9598,0.03434,0.004
3661,20.0,E,3661,0.00167,0.01213
5695,28.0,C,5695,0.01224,0.00082
5526,28.0,F,5526,0.00478,0.01628
8243,28.0,A,8243,0.02931,0.00069
7348,16.0,B,7348,0.24306,0.02297
424,36.0,C,424,0.70982,0.00022
6643,32.0,C,6643,0.02174,0.00056
8236,40.0,F,8236,0.00293,0.01972
818,32.0,F,818,0.0134,0.02849
9903,32.0,F,9903,0.08948,0.00427
2916,20.0,C,2916,0.06412,0.01132
4181,40.0,F,4181,0.13883,0.00528
7410,36.0,C,7410,0.02097,0.00098
7801,36.0,E,7801,0.03054,0.01145
2058,12.0,C,2058,0.00795,0.02484
7062,36.0,C,7062,0.00975,0.00089
1673,28.0,D,1673,0.00167,0.00111
7373,32.0,E,7373,0.00132,0.00662
7552,32.0,B,7552,0.0084,0.003
1049,28.0,F,1049,0.06616,0.02346
9490,32.0,E,9490,0.01334,0.00764
1926,16.0,D,1926,0.01408,0.01036
4604,20.0,A,4604,0.03181,0.00495
8526,36.0,B,8526,0.00109,0.00092
9041,36.0,E,9041,0.0553,0.02311
4800,16.0,C,4800,0.01914,0.01168
807,12.0,A,807,0.0779,0.05
6526,32.0,C,6526,0.0139,0.00103
6380,12.0,F,6380,0.02556,0.04126
6245,40.0,D,6245,0.13383,0.00073
6605,36.0,A,6605,0.01632,0.00014
1980,40.0,F,1980,0.02768,0.01037
7441,20.0,B,7441,0.08157,0.00394
5711,32.0,B,5711,0.00378,0.00151
9927,16.0,C,9927,0.00325,0.01547
3791,36.0,A,3791,0.02572,9e-05
4893,12.0,C,4893,0.00834,0.03466
1668,16.0,B,1668,0.01633,0.02648
1323,28.0,A,1323,0.04808,0.0008
2031,40.0,E,2031,0.06208,0.0085
2423,28.0,E,2423,0.0943,0.00274
6280,16.0,E,6280,0.00823,0.01529
783,24.0,E,783,0.03202,0.02741
9679,40.0,A,9679,0.03326,3e-05
9929,28.0,E,9929,0.00957,0.00478
1628,40.0,C,1628,0.01472,0.00153
705,40.0,D,705,0.01137,0.00033
2705,12.0,C,2705,0.00986,0.02978
7114,28.0,B,7114,0.0097,0.00086
2801,40.0,C,2801,0.01205,8e-05
2413,36.0,D,2413,0.0176,0.00173
1880,20.0,B,1880,0.03033,0.00778
6738,24.0,F,6738,0.12579,0.01043
7777,40.0,E,7777,0.01796,0.01848
136,24.0,F,136,0.00844,0.00353
7516,20.0,A,7516,0.04592,0.00677
6153,24.0,C,6153,0.02295,0.00602
9083,20.0,D,9083,0.01116,0.0138
45,16.0,E,45,0.00938,0.03652
2050,12.0,B,2050,0.05162,0.03064
4723,16.0,E,4723,0.02058,0.02269
2399,20.0,E,2399,0.00052,0.0141
9579,36.0,A,9579,0.02305,0.00019
4009,40.0,A,4009,0.03334,2e-05
5884,20.0,D,5884,0.00803,0.02212
6672,24.0,B,6672,0.00165,0.00247
3204,28.0,A,3204,0.03265,0.00101
2024,28.0,B,2024,0.0265,0.00029
4185,20.0,D,4185,0.04938,0.01915
53,16.0,C,53,0.00348,0.01353
5809,32.0,D,5809,0.01061,0.01732
5213,16.0,C,5213,0.06293,0.01637
3013,20.0,F,3013,0.02484,0.128
4256,16.0,F,4256,0.03659,0.083
7102,32.0,C,7102,0.00045,0.00232
7199,36.0,D,7199,0.01625,0.00145
6034,12.0,B,6034,0.06634,0.02014
4454,12.0,E,4454,0.01633,0.02779
6021,12.0,F,6021,0.03077,0.03798
7599,28.0,C,7599,0.01808,0.00084
2010,16.0,D,2010,0.14191,0.01946
5616,36.0,A,5616,0.03825,0.00015
5902,36.0,F,5902,0.00475,0.01386
9001,36.0,A,9001,0.0084,0.0001
603,16.0,A,603,3.53209,4.45071
1354,36.0,B,1354,0.14418,0.00237
2341,12.0,A,2341,0.05846,0.02915
4487,40.0,A,4487,0.02849,5e-05
2575,20.0,D,2575,0.00226,0.0083
3376,16.0,D,3376,0.12912,0.0186
3923,32.0,E,3923,0.09929,0.04611
8124,32.0,F,8124,0.01214,0.01649
8731,20.0,E,8731,0.06522,0.04724
5295,28.0,F,5295,0.0163,0.01532
5755,20.0,D,5755,0.0612,0.01901
7521,12.0,B,7521,0.01569,0.0268
4341,40.0,F,4341,0.76919,0.02596
1607,28.0,E,1607,0.00099,0.02389
2021,40.0,A,2021,0.02339,6e-05
4675,36.0,C,4675,0.10995,0.0077
7085,24.0,E,7085,0.01682,0.00584
2435,32.0,F,2435,0.01262,0.06245
6295,24.0,B,6295,0.0052,0.00172
7188,40.0,C,7188,0.00902,0.00024
2454,28.0,E,2454,0.00362,0.02534
1230,36.0,F,1230,0.00858,0.01207
2641,32.0,F,2641,0.0269,0.03168
1637,36.0,D,1637,0.01314,0.00022
4767,16.0,D,4767,0.00927,0.00963
414,16.0,B,414,0.00599,0.00897
1148,20.0,F,1148,0.05744,0.01124
7501,32.0,B,7501,0.04407,0.00062
3635,20.0,C,3635,0.05896,0.0059
5437,24.0,B,5437,0.00344,0.00249
1457,16.0,A,1457,0.08316,0.00824
4072,16.0,A,4072,0.1078,0.01296
5583,16.0,C,5583,0.01583,0.00966
9452,24.0,C,9452,0.01138,0.00079
8786,20.0,D,8786,0.03006,0.01166
6786,28.0,A,6786,0.03807,0.00077
6231,12.0,C,6231,0.02554,0.02063
2224,32.0,D,2224,0.10958,0.0009
4946,24.0,B,4946,0.00475,0.00219
881,24.0,E,881,0.00917,0.03616
6040,20.0,D,6040,0.00178,0.01262
8258,16.0,E,8258,0.00124,0.02382
4509,28.0,B,4509,0.24919,0.0015
4073,28.0,A,4073,0.01427,0.00048
8828,36.0,B,8828,0.04404,0.0007
6226,20.0,E,6226,0.00529,0.01084
9519,32.0,F,9519,0.015,0.03724
9756,20.0,C,9756,0.01108,0.00355
9349,28.0,E,9349,0.0703,0.03039
8548,28.0,A,8548,0.10659,0.00114
6329,16.0,A,6329,0.04271,0.01385
1427,12.0,D,1427,0.00899,0.02374
5221,36.0,E,5221,0.03682,0.14672
627,24.0,E,627,0.01237,0.01951
285,32.0,F,285,0.00347,0.00518
1865,20.0,C,1865,0.0133,0.0062
2317,28.0,D,2317,0.06819,0.00063
4130,40.0,C,4130,0.0658,0.00244
8645,36.0,E,8645,0.00437,0.02088
7944,20.0,B,7944,0.01109,0.00776
7879,24.0,F,7879,0.0098,0.03137
507,40.0,D,507,0.00417,0.00375
7189,20.0,F,7189,0.03249,0.00657
7593,16.0,A,7593,0.0305,0.00698
2607,20.0,C,2607,0.01351,0.00781
665,24.0,F,665,0.03265,0.06491
4021,32.0,E,4021,0.11921,0.04663
1792,24.0,D,1792,0.00224,0.0031
4074,32.0,B,4074,0.00406,0.0003
7250,16.0,D,7250,0.0067,0.0122
4765,24.0,E,4765,0.15943,0.00353
507,16.0,F,507,0.04722,0.01306
3713,16.0,A,3713,0.07928,0.01257
7344,20.0,F,7344,0.03462,0.08783
5050,24.0,B,5050,0.00087,0.00231
6136,12.0,F,6136,0.05193,0.0442
9643,16.0,E,9643,0.01256,0.0107
2102,16.0,E,2102,0.21471,0.02168
2919,32.0,F,2919,0.02116,0.02234
5175,28.0,D,5175,0.00076,0.00168
1320,20.0,E,1320,0.03753,0.03647
3431,12.0,C,3431,0.01652,0.03305
2750,24.0,D,2750,0.00276,0.0038
5218,16.0,C,5218,0.00965,0.00901
5276,16.0,B,5276,0.17345,0.01487
5996,24.0,C,5996,0.00071,0.00331
3149,28.0,E,3149,0.0488,0.01883
4972,16.0,D,4972,0.01766,0.01474
9670,28.0,A,9670,0.02932,0.00047
6681,36.0,C,6681,0.00332,0.00265
1155,36.0,D,1155,0.0294,0.01739
6778,40.0,B,6778,0.01665,0.00067
8256,20.0,C,8256,0.04381,0.01209
5442,28.0,E,5442,0.04315,0.03098
1772,28.0,A,1772,0.02908,0.00071
8108,32.0,B,8108,0.00305,0.00031
6,40.0,D,6,0.00393,0.00245
6070,16.0,C,6070,0.00234,0.01761
4663,40.0,B,4663,0.03444,0.00016
3212,12.0,A,3212,0.17955,0.02041
991,12.0,B,991,0.0212,0.04245
3001,16.0,A,3001,0.05647,0.00682
7938,12.0,A,7938,0.11477,0.03458
3851,12.0,C,3851,0.12172,0.0236
4910,36.0,E,4910,0.00263,0.01475
6711,20.0,B,6711,0.00665,0.00917
3428,24.0,E,3428,0.00058,0.01868
6604,12.0,A,6604,0.07129,0.02475
9427,36.0,B,9427,0.00519,0.00084
3848,40.0,B,3848,0.06298,0.00051
8477,16.0,E,8477,0.01242,0.01561
2841,32.0,C,2841,0.01624,0.00081
4528,24.0,D,4528,0.02203,0.00642
7694,16.0,A,7694,0.03595,0.01604
1431,16.0,F,1431,0.08917,0.05636
243,28.0,A,243,0.00811,0.0006
6516,32.0,A,6516,0.01723,0.00026
5379,40.0,C,5379,0.00565,0.00866
5577,28.0,D,5577,0.00187,0.004
284,32.0,F,284,0.01947,0.0305
4679,12.0,D,4679,0.04402,0.03785
9061,28.0,F,9061,0.03698,0.14277
7059,36.0,F,7059,0.00549,0.01874
6440,32.0,E,6440,0.06124,0.03714
5963,32.0,D,5963,0.00066,0.00046
8125,40.0,C,8125,0.00487,0.00859
2826,20.0,B,2826,0.15475,0.00764
5557,16.0,E,5557,0.0237,0.02186
6874,40.0,F,6874,0.01652,0.00922
4814,20.0,C,4814,0.03676,0.01373
9531,32.0,C,9531,0.00114,0.00044
4029,20.0,C,4029,0.02371,0.00703
3447,16.0,E,3447,0.00601,0.03548
1125,40.0,F,1125,0.01467,0.01128
7001,32.0,B,7001,0.00517,0.00041
6822,16.0,B,6822,0.13519,0.00796
2497,16.0,B,2497,0.00524,0.01457
4189,24.0,D,4189,0.05253,0.00172
5797,20.0,E,5797,0.01605,0.01008
188,28.0,F,188,0.01237,0.01094
4228,16.0,C,4228,0.02379,0.01425
4084,16.0,D,4084,0.00341,0.02246
5086,28.0,F,5086,0.00126,0.12592
382,40.0,A,382,0.00564,4e-05
8210,24.0,B,8210,0.0087,0.00537
8408,32.0,C,8408,0.0314,0.00145
5174,40.0,A,5174,0.02011,2e-05
5840,24.0,A,5840,0.03334,0.00175
5650,16.0,C,5650,0.02454,0.00972
3611,24.0,E,3611,0.03916,0.02143
1246,16.0,C,1246,0.02084,0.01319
900,28.0,E,900,0.07087,0.01087
758,24.0,F,758,0.04622,0.03912
6605,36.0,D,6605,0.05665,0.00203
1513,36.0,C,1513,0.05622,0.00577
2251,20.0,C,2251,0.00226,0.00439
4918,40.0,C,4918,0.00828,0.01675
4049,28.0,E,4049,0.01273,0.02371
2940,24.0,C,2940,0.00452,0.00248
2278,32.0,C,2278,0.0051,0.00141
1733,24.0,A,1733,0.01404,0.00186
4611,24.0,F,4611,0.10135,0.01368
2199,36.0,B,2199,0.36303,0.00089
7308,36.0,F,7308,0.01181,0.00885
5288,16.0,B,5288,0.39389,0.01215
7437,24.0,F,7437,0.02862,0.01034
4758,28.0,C,4758,0.00709,0.00092
1934,20.0,F,1934,0.00535,0.00728
8043,36.0,C,8043,0.00217,0.00053
6182,12.0,E,6182,0.11521,0.03799
1189,16.0,F,1189,0.02557,0.0262
4661,12.0,C,4661,0.02118,0.02892
1275,24.0,C,1275,0.03101,0.00435
1311,20.0,C,1311,0.00235,0.0186
2060,28.0,B,2060,0.03524,0.00161
6473,12.0,C,6473,0.02364,0.0625
4247,40.0,C,4247,0.0256,0.00012
1269,40.0,A,1269,0.03475,3e-05
5238,12.0,C,5238,0.00738,0.03238
591,12.0,E,591,0.00563,0.05472
7365,28.0,D,7365,0.0517,0.00197
945,16.0,B,945,0.00527,0.01755
3766,32.0,B,3766,0.00577,0.00028
441,32.0,D,441,0.03295,0.0046
3205,12.0,F,3205,0.03177,0.03582
503,16.0,E,503,0.00746,0.01799
2096,12.0,A,2096,0.13196,0.03625
1235,24.0,E,1235,0.02073,0.02376
4793,40.0,F,4793,0.01282,0.06334
3204,20.0,B,3204,0.1215,0.00674
2629,40.0,D,2629,0.01503,0.01
7455,12.0,C,7455,0.00778,0.02786
3117,40.0,F,3117,0.01265,0.01634
8622,40.0,B,8622,0.25749,7e-05
5560,20.0,F,5560,0.02001,0.0345
2770,28.0,C,2770,0.00093,0.00126
5385,36.0,B,5385,0.01962,0.00034
6903,16.0,E,6903,0.01741,0.03342
552,12.0,D,552,0.03284,0.03461
8139,36.0,D,8139,0.00412,0.00236
6877,40.0,F,6877,0.02097,0.09296
2880,16.0,B,2880,0.00373,0.00793
7480,40.0,C,7480,0.00025,0.0005
1621,24.0,D,1621,0.01428,0.01602
4377,40.0,E,4377,0.04707,0.01958
6011,16.0,C,6011,0.00181,0.00964
8518,36.0,A,8518,0.01643,9e-05
6568,20.0,B,6568,0.0068,0.00574
508,24.0,C,508,0.06585,0.00946
5733,32.0,E,5733,0.01031,0.02424
7163,40.0,A,7163,0.02146,5e-05
1087,20.0,E,1087,0.00203,0.00716
3886,12.0,E,3886,0.05844,0.04158
5238,16.0,B,5238,0.00167,0.0096
7818,20.0,F,7818,0.01473,0.0342
4678,20.0,E,4678,0.00397,0.01695
6679,12.0,B,6679,0.15437,0.02781
4175,28.0,A,4175,0.01446,0.00055
832,28.0,E,832,0.00931,0.00178
837,40.0,D,837,0.03383,0.00049
7455,28.0,E,7455,0.00567,0.00321
5437,12.0,E,5437,0.02375,0.07484
5144,20.0,A,5144,0.0251,0.00554
5250,36.0,F,5250,0.01541,0.05483
8335,40.0,B,8335,0.04882,8e-05
4897,40.0,F,4897,0.01417,0.03293
9547,20.0,D,9547,0.04148,0.00421
9580,28.0,B,9580,0.0279,0.0034
3137,16.0,C,3137,0.03766,0.01636
3186,28.0,D,3186,0.04611,0.00217
8185,36.0,B,8185,0.01179,0.00047
8661,40.0,C,8661,0.00273,0.00397
1709,40.0,C,1709,0.06925,0.00549
9335,20.0,B,9335,0.01436,0.00379
9267,20.0,D,9267,0.02407,0.00507
9450,16.0,C,9450,0.10035,0.02565
9255,32.0,B,9255,0.00166,0.0003
5982,36.0,C,5982,0.00081,0.0005
5673,16.0,D,5673,0.01843,0.01758
5398,24.0,D,5398,0.00731,0.00256
6312,40.0,C,6312,0.00259,0.00794
9595,40.0,C,9595,0.02189,0.00178
3161,28.0,B,3161,0.02085,0.00069
2245,24.0,C,2245,0.01032,0.00123
3784,36.0,F,3784,0.00539,0.02735
9451,40.0,B,9451,0.03338,5e-05
3865,28.0,A,3865,0.02687,0.00036
705,32.0,C,705,0.06487,0.01211
7619,36.0,D,7619,0.0058,0.00269
4672,40.0,B,4672,0.20801,0.00014
3698,24.0,F,3698,0.07573,0.00663
5599,32.0,E,5599,0.00407,0.01378
4672,28.0,A,4672,0.02957,0.00117
6697,36.0,D,6697,0.01389,0.00367
4456,32.0,C,4456,0.00825,0.00062
8751,16.0,F,8751,0.02714,0.03406
397,40.0,B,397,0.01731,8e-05
4620,20.0,A,4620,0.02957,0.0025
4322,12.0,D,4322,0.03348,0.03464
2279,16.0,C,2279,0.00147,0.01396
3607,28.0,F,3607,0.15011,0.01375
5733,28.0,F,5733,0.02603,0.0088
9651,36.0,C,9651,0.0976,0.00307
5484,16.0,C,5484,0.00582,0.01927
3810,12.0,C,3810,0.09163,0.06327
9054,16.0,F,9054,0.0419,0.03104
6526,24.0,D,6526,0.02826,0.00277
6300,40.0,C,6300,0.04357,0.00034
9360,36.0,B,9360,0.05955,0.00041
8882,20.0,B,8882,0.00285,0.00407
6188,20.0,F,6188,0.17407,0.01819
237,24.0,F,237,0.02722,0.02254
3285,36.0,B,3285,0.00299,0.00018
8412,28.0,E,8412,0.01917,0.02623
6280,24.0,D,6280,0.00034,0.0045
2295,28.0,A,2295,0.02328,0.00057
144,24.0,B,144,0.16662,0.0026
7146,20.0,B,7146,0.0143,0.00727
5036,24.0,F,5036,0.02051,0.00993
4891,32.0,B,4891,0.00522,0.00097
7214,24.0,E,7214,0.07555,0.00392
4794,28.0,F,4794,0.10038,0.08239
6649,24.0,F,6649,0.01838,0.01917
1984,28.0,E,1984,0.0223,0.04818
1349,12.0,F,1349,0.01472,0.07434
79,24.0,D,79,0.00334,0.005
8106,24.0,D,8106,0.02446,0.00251
3878,40.0,E,3878,0.01444,0.01289
5829,12.0,A,5829,0.03447,0.03052
1909,28.0,A,1909,0.00986,0.00065
6887,20.0,E,6887,0.04441,0.01944
4534,20.0,B,4534,0.08466,0.00665
2576,36.0,E,2576,0.00849,0.00469
9535,36.0,A,9535,0.0341,0.00015
5086,20.0,B,5086,0.00264,0.00423
7289,28.0,E,7289,0.00649,0.01819
2815,32.0,A,2815,0.01792,0.00036
6661,40.0,A,6661,0.03717,8e-05
9684,32.0,F,9684,0.03965,0.01404
7916,24.0,A,7916,0.04084,0.00168
2767,12.0,F,2767,0.06012,0.03171
8755,24.0,C,8755,0.05956,0.00392
2704,28.0,E,2704,0.02926,0.00457
2816,28.0,E,2816,0.00831,0.00512
2954,24.0,C,2954,0.0017,0.00255
4900,16.0,D,4900,0.00503,0.01773
642,16.0,C,642,0.02573,0.00918
6251,28.0,F,6251,0.0585,0.06522
9876,40.0,C,9876,0.00662,0.00208
506,28.0,E,506,0.00315,0.01354
226,20.0,F,226,0.09877,0.02429
2434,12.0,B,2434,0.12595,0.02489
4761,12.0,E,4761,0.05345,0.04335
6874,20.0,A,6874,0.00785,0.00599
5900,12.0,B,5900,0.00575,0.04212
6814,12.0,B,6814,0.00949,0.01745
7931,12.0,B,7931,0.07335,0.03244
3324,24.0,B,3324,0.00039,0.00164
5314,36.0,B,5314,0.02746,0.00136
9457,36.0,C,9457,0.00904,0.00011
7269,24.0,D,7269,0.00876,0.00344
6344,24.0,F,6344,0.03654,0.05872
6461,32.0,D,6461,0.00288,0.00192
4176,20.0,D,4176,0.02476,0.00554
1323,12.0,B,1323,0.00568,0.01516
1229,32.0,F,1229,0.00337,0.07999
2100,28.0,A,2100,0.03435,0.00132
3326,20.0,B,3326,0.02141,0.00505
2247,16.0,A,2247,0.03256,0.01408
7063,20.0,D,7063,0.01305,0.01854
5619,16.0,F,5619,0.00816,0.07547
3294,20.0,E,3294,0.05715,0.00921
5058,24.0,B,5058,0.00354,0.00167
8391,28.0,B,8391,0.01299,0.00074
8422,32.0,A,8422,0.01447,0.00018
9783,16.0,F,9783,0.00916,0.05034
7703,36.0,D,7703,0.00983,0.00201
12,12.0,F,12,0.05984,0.0224
1447,28.0,F,1447,0.07679,0.0722
1595,24.0,A,1595,0.05203,0.0029
9255,20.0,A,9255,0.03851,0.0076
4784,20.0,B,4784,0.05715,0.00444
6299,20.0,A,6299,0.0099,0.00585
1595,20.0,A,1595,0.07936,0.00427
3547,32.0,D,3547,0.02228,0.00116
1043,28.0,F,1043,0.10909,0.01921
2825,16.0,F,2825,0.007,0.15439
9275,24.0,A,9275,0.03362,0.00331
8136,28.0,F,8136,0.0238,0.03304
327,12.0,F,327,0.00869,0.06034
5974,24.0,F,5974,0.01719,0.04192
2884,24.0,F,2884,0.01386,0.00818
8438,40.0,A,8438,0.03282,5e-05
1915,28.0,E,1915,0.01295,0.02778
5558,16.0,E,5558,0.01353,0.04225
5749,36.0,D,5749,0.00996,0.00081
1493,24.0,B,1493,0.04204,0.00439
842,16.0,A,842,0.10998,0.01339
9941,20.0,C,9941,0.05636,0.01413
4518,16.0,E,4518,0.01831,0.01175
3331,32.0,C,3331,0.0012,0.00036
6825,20.0,A,6825,0.06738,0.00497
8190,16.0,C,8190,0.06287,0.00442
338,32.0,D,338,0.02189,0.00283
7137,20.0,E,7137,0.03934,0.00474
3253,12.0,D,3253,0.01651,0.0425
7599,24.0,D,7599,0.00551,0.003
7119,20.0,C,7119,0.01477,0.01237
100,24.0,C,100,0.00364,0.00939
5591,40.0,D,5591,0.01595,0.00069
2052,12.0,A,2052,0.12372,0.02719
896,16.0,D,896,0.04563,0.00691
2313,40.0,B,2313,0.00227,0.00104
426,32.0,C,426,0.01771,0.00162
9318,16.0,A,9318,0.03518,0.01046
3370,12.0,C,3370,0.00344,0.02464
5888,32.0,B,5888,0.08335,0.00044
5572,32.0,A,5572,0.00818,0.00027
4366,20.0,B,4366,0.00865,0.00511
2600,20.0,F,2600,0.10724,0.06956
9092,16.0,C,9092,0.00239,0.01055
387,32.0,A,387,0.03097,0.00029
2027,16.0,B,2027,0.02623,0.01755
1685,40.0,A,1685,0.02597,6e-05
3341,12.0,B,3341,0.01513,0.03604
6767,40.0,D,6767,0.05234,0.00063
6288,40.0,F,6288,0.05928,0.02271
8501,16.0,E,8501,0.01556,0.03175
8813,32.0,C,8813,0.00172,0.00067
404,32.0,C,404,0.00107,0.00134
3081,12.0,D,3081,0.3774,0.03381
1967,36.0,E,1967,0.00872,0.04078
6015,16.0,B,6015,0.01359,0.01685
2778,12.0,D,2778,0.11649,0.04546
162,20.0,E,162,0.01157,0.0242
4049,16.0,B,4049,0.04639,0.00844
1916,32.0,E,1916,0.00632,0.0003
8909,36.0,D,8909,0.00639,0.00262
923,36.0,D,923,0.00863,0.00049
8087,40.0,D,8087,0.00175,0.00098
6024,40.0,C,6024,0.03579,0.00102
4719,20.0,C,4719,0.08425,0.00505
4320,24.0,C,4320,0.00425,0.00168
9450,24.0,C,9450,0.01405,0.00269
1610,12.0,C,1610,0.01013,0.04445
8276,16.0,F,8276,0.03889,0.01274
786,32.0,C,786,0.00161,0.00269
9893,24.0,A,9893,0.03136,0.00387
3138,24.0,B,3138,0.00799,0.00247
7950,32.0,C,7950,0.00085,0.00202
8854,24.0,F,8854,0.00907,0.00276
8481,36.0,A,8481,0.07668,0.00014
7169,40.0,B,7169,0.03999,0.00036
2746,36.0,F,2746,0.10749,0.03563
274,32.0,B,274,0.00558,0.0007
9175,40.0,D,9175,0.01375,0.0003
2185,12.0,E,2185,0.04756,0.08325
3508,36.0,C,3508,0.02382,0.00024
8663,28.0,B,8663,0.00398,0.0009
3982,40.0,F,3982,0.00912,0.04899
9645,36.0,D,9645,0.0275,0.02326
3657,28.0,B,3657,0.00795,0.0036
6130,12.0,D,6130,0.14749,0.03957
9815,24.0,F,9815,0.03311,0.00669
1089,28.0,D,1089,0.00254,0.00129
2806,24.0,C,2806,0.00474,0.00263
7186,20.0,D,7186,0.14946,0.00693
9504,36.0,C,9504,0.01448,0.00292
4367,32.0,A,4367,0.03646,0.00032
5883,32.0,B,5883,0.05439,0.0004
3175,36.0,F,3175,0.00467,0.02824
625,20.0,A,625,0.02744,0.00898
4906,16.0,D,4906,0.19055,0.0132
8163,24.0,A,8163,0.02751,0.00254
6741,28.0,A,6741,0.07402,0.00039
4451,24.0,A,4451,0.01582,0.00195
4213,40.0,D,4213,0.00565,0.00362
627,12.0,F,627,0.00888,0.04269
2943,24.0,E,2943,0.00211,0.01624
5967,40.0,E,5967,0.00297,0.00802
9765,36.0,F,9765,0.00328,0.03126
5653,28.0,A,5653,0.03257,0.00103
9031,32.0,D,9031,0.00401,0.00123
2987,32.0,E,2987,0.00273,0.01356
3190,12.0,B,3190,0.04968,0.02967
5011,16.0,E,5011,0.01247,0.0177
5754,12.0,A,5754,0.06994,0.03369
6099,12.0,F,6099,0.0139,0.04395
4100,36.0,E,4100,0.13336,0.00229
8564,32.0,E,8564,0.00619,0.00333
8398,40.0,F,8398,0.02806,0.02231
9666,32.0,A,9666,0.01265,0.00033
2874,24.0,B,2874,0.00107,0.00261
5230,20.0,A,5230,0.08641,0.00485
4042,36.0,E,4042,0.01343,0.01766
3480,28.0,E,3480,0.0458,0.00672
9979,20.0,E,9979,0.1549,0.02651
444,12.0,C,444,0.00119,0.0435
6204,32.0,D,6204,0.00426,0.00053
6971,12.0,B,6971,0.19356,0.03959
5703,28.0,D,5703,0.00239,0.00519
4220,24.0,E,4220,0.00288,0.01696
5869,16.0,A,5869,0.06657,0.00973
3677,12.0,A,3677,0.02921,0.0443
4886,28.0,C,4886,0.00416,0.00084
6455,36.0,C,6455,0.2764,0.00292
5331,24.0,E,5331,0.0015,0.0821
5569,12.0,F,5569,0.02503,0.1242
8387,20.0,F,8387,0.00709,0.12633
1709,32.0,B,1709,0.002,0.00074
4536,24.0,F,4536,0.00975,0.0144
3537,28.0,D,3537,0.00351,0.00125
2909,12.0,C,2909,0.00605,0.03107
7975,16.0,F,7975,0.03282,0.04546
5253,16.0,B,5253,0.02083,0.00687
4940,36.0,E,4940,0.00464,0.004
3499,12.0,E,3499,0.03443,0.0267
6895,36.0,C,6895,0.06561,0.00047
8671,32.0,F,8671,0.05192,0.01737
2790,20.0,A,2790,0.02141,0.0056
2570,32.0,B,2570,0.00947,0.00025
6006,16.0,A,6006,0.1465,0.0098
7134,40.0,F,7134,0.00752,0.01929
6308,40.0,D,6308,0.01179,0.00098
6973,32.0,D,6973,0.00699,0.01066
4855,28.0,C,4855,0.00661,0.00526
2639,40.0,B,2639,0.0055,0.00083
5231,28.0,E,5231,0.02515,0.02578
1511,28.0,A,1511,0.00963,0.00112
3656,16.0,C,3656,0.0225,0.01168
3165,20.0,B,3165,0.00289,0.0042
6578,20.0,E,6578,0.00816,0.02715
3208,24.0,B,3208,0.00663,0.00269
1630,32.0,C,1630,0.03698,0.00341
9070,24.0,F,9070,0.00442,0.01992
1044,40.0,F,1044,0.01122,0.05601
796,28.0,B,796,0.03676,0.00133
6763,40.0,B,6763,0.04886,8e-05
137,40.0,D,137,0.0039,0.00307
8867,32.0,D,8867,0.02489,0.00317
253,28.0,A,253,0.02703,0.0005
8822,28.0,A,8822,0.02806,0.00051
8987,16.0,E,8987,0.01549,0.00989
7462,28.0,A,7462,0.08324,0.00089
7970,24.0,B,7970,0.01465,0.00152
9662,32.0,B,9662,0.00439,0.00059
1197,12.0,A,1197,0.10157,0.03222
8668,32.0,D,8668,0.05528,0.00448
9426,20.0,F,9426,0.02119,0.02397
4344,16.0,D,4344,0.01405,0.00601
5927,40.0,A,5927,0.0056,5e-05
2964,32.0,A,2964,0.01532,0.00029
6829,16.0,E,6829,0.06524,0.03527
2465,28.0,F,2465,0.01661,0.01321
4446,32.0,A,4446,0.0237,0.00026
446,24.0,F,446,0.02614,0.04863
5747,28.0,B,5747,0.04833,0.00078
5612,32.0,F,5612,0.00643,0.01783
7754,32.0,D,7754,0.0788,0.00385
8035,24.0,E,8035,0.0039,0.0031
2736,24.0,B,2736,0.08092,0.00262
2497,16.0,E,2497,0.00297,0.00986
3651,24.0,F,3651,0.04332,0.02236
365,20.0,C,365,0.09651,0.00776
7829,16.0,F,7829,0.00531,0.02229
8191,24.0,D,8191,0.045,0.00516
5601,16.0,D,5601,0.01491,0.00625
5022,28.0,B,5022,0.00857,0.00077
1587,36.0,D,1587,0.00511,0.0047
654,12.0,A,654,0.09621,0.04706
7360,32.0,C,7360,0.00104,0.00273
7927,36.0,D,7927,0.01136,0.00434
3203,16.0,D,3203,0.00245,0.02489
7447,28.0,C,7447,0.00129,0.00123
3809,28.0,B,3809,0.00583,0.0009
4481,32.0,A,4481,0.02772,0.00053
2083,36.0,F,2083,0.38492,0.03762
7571,20.0,A,7571,0.04737,0.00526
9952,36.0,C,9952,0.00372,0.00029
8205,36.0,B,8205,0.01021,0.00027
3253,12.0,C,3253,0.05707,0.01263
3501,28.0,F,3501,0.01301,0.06537
7632,40.0,B,7632,0.0322,0.0002
8147,20.0,C,8147,0.01375,0.00393
7151,20.0,E,7151,0.0031,0.01255
4560,24.0,C,4560,0.02436,0.00697
2867,12.0,C,2867,0.94462,0.02674
4617,20.0,C,4617,0.00387,0.00412
6481,40.0,F,6481,0.01941,0.01759
5163,16.0,B,5163,0.02,0.01715
9662,28.0,C,9662,0.03633,0.00112
8034,40.0,F,8034,0.01556,0.01242
2851,40.0,B,2851,0.04712,0.00011
4720,28.0,E,4720,0.00207,0.00268
2867,16.0,A,2867,0.02464,0.01768
3402,28.0,B,3402,0.01025,0.00074
4096,40.0,D,4096,0.02134,0.00567
4867,20.0,B,4867,0.01128,0.00424
7663,28.0,B,7663,0.0176,0.00093
8325,40.0,D,8325,0.03148,0.00155
4778,12.0,C,4778,0.0231,0.02568
9008,20.0,A,9008,0.04713,0.0047
2790,12.0,E,2790,0.00107,0.03886
683,32.0,B,683,0.00476,0.00092
9725,20.0,D,9725,0.00526,0.00755
9516,24.0,D,9516,0.00714,0.0017
1771,40.0,B,1771,0.13873,0.00075
6667,24.0,B,6667,0.104,0.00287
5626,12.0,F,5626,0.02234,0.01767
1260,40.0,F,1260,0.00251,0.03604
1967,32.0,D,1967,0.13932,0.00047
6201,16.0,F,6201,0.0499,0.01408
5311,16.0,B,5311,0.00415,0.01455
1316,32.0,F,1316,0.03482,0.02095
9845,40.0,E,9845,0.05608,0.00146
4727,36.0,E,4727,0.0364,0.00827
4104,20.0,D,4104,0.00209,0.00616
9358,40.0,D,9358,0.01773,0.00407
2336,20.0,B,2336,0.00058,0.00351
3280,32.0,B,3280,0.00625,0.00041
10000,24.0,F,10000,0.01847,0.1162
735,32.0,A,735,0.01,0.00026
983,12.0,C,983,0.03046,0.03407
1035,28.0,A,1035,0.029,0.00117
2691,28.0,B,2691,0.01982,0.00078
1597,28.0,F,1597,0.03308,0.01153
6976,20.0,E,6976,0.11712,0.03262
7650,24.0,D,7650,0.03247,0.00534
6521,16.0,B,6521,0.00292,0.00885
3684,12.0,C,3684,0.1556,0.0401
6084,36.0,E,6084,0.00461,0.04316
2749,32.0,E,2749,0.00317,0.01125
1095,12.0,D,1095,0.09101,0.03737
8089,20.0,A,8089,0.01065,0.00397
961,24.0,D,961,0.02035,0.00295
5227,28.0,A,5227,0.01994,0.00112
2764,40.0,A,2764,0.02792,5e-05
6486,20.0,B,6486,0.01553,0.00285
483,20.0,E,483,0.00543,0.00927
6802,28.0,B,6802,0.00154,0.00111
8641,16.0,C,8641,0.14404,0.0099
4369,32.0,F,4369,0.11694,0.03414
5551,16.0,B,5551,0.02082,0.01923
1847,32.0,C,1847,0.02138,0.00094
338,28.0,B,338,0.00065,0.00234
9884,40.0,F,9884,0.02009,0.01497
4305,28.0,D,4305,0.05302,0.00116
9074,20.0,B,9074,0.05651,0.00483
9199,28.0,A,9199,0.02231,0.00084
8570,16.0,D,8570,0.13096,0.01495
7236,40.0,F,7236,0.04223,0.08243
1466,36.0,B,1466,0.04609,0.00029
9700,28.0,B,9700,0.02429,0.00159
4986,36.0,D,4986,0.01581,0.00723
714,20.0,B,714,0.00491,0.00551
9744,32.0,A,9744,0.03657,0.00033
7204,36.0,E,7204,0.17239,0.0592
7357,20.0,A,7357,0.02677,0.00753
8719,36.0,B,8719,0.00139,0.00144
4166,28.0,A,4166,0.00938,0.00089
6628,24.0,E,6628,0.02973,0.02644
7637,28.0,D,7637,0.05007,0.00165
3475,28.0,B,3475,0.00138,0.00267
584,28.0,A,584,0.02707,0.00047
9605,28.0,D,9605,0.00723,0.00798
1049,12.0,D,1049,0.0224,0.01617
269,12.0,B,269,0.01477,0.03171
5995,12.0,B,5995,0.00563,0.02069
151,28.0,F,151,0.00734,0.04166
704,16.0,E,704,0.01525,0.04853
9278,36.0,F,9278,0.02327,0.01669
3173,36.0,F,3173,0.01005,0.0122
6614,24.0,C,6614,0.00964,0.00186
2853,40.0,F,2853,0.01979,0.01145
4607,36.0,E,4607,0.03589,0.01532
3729,28.0,A,3729,0.03877,0.00088
3706,28.0,D,3706,0.0574,0.00313
114,20.0,A,114,0.03609,0.00866
170,40.0,D,170,0.09321,0.00653
5641,20.0,E,5641,0.03123,0.04979
161,28.0,B,161,0.07466,0.00123
6280,28.0,E,6280,0.05646,0.0058
9401,24.0,F,9401,0.00246,0.01321
2972,20.0,A,2972,0.03076,0.0052
7551,16.0,D,7551,0.02124,0.03347
9261,40.0,A,9261,0.01607,5e-05
2370,40.0,C,2370,0.05523,0.00756
6003,28.0,E,6003,0.00622,0.01498
7899,36.0,D,7899,0.01764,0.00575
3795,28.0,C,3795,0.00848,0.00793
2957,16.0,E,2957,0.06443,0.01005
6928,32.0,B,6928,0.01407,0.00208
1547,32.0,A,1547,0.00504,0.00032
8011,40.0,C,8011,0.02672,0.0059
8407,36.0,E,8407,0.00225,0.00455
3084,24.0,F,3084,0.01491,0.02644
7213,32.0,C,7213,0.00763,0.00029
8168,24.0,D,8168,0.09087,0.00307
3267,20.0,E,3267,0.00723,0.01608
8852,40.0,A,8852,0.03114,6e-05
673,12.0,D,673,0.00374,0.04423
9482,24.0,B,9482,0.00926,0.00307
2096,20.0,A,2096,0.02811,0.00436
846,36.0,A,846,0.04518,0.00017
5209,28.0,B,5209,0.01922,0.00173
7161,36.0,E,7161,0.00601,0.00525
1564,20.0,D,1564,0.01438,0.00406
1083,24.0,A,1083,0.02754,0.00202
1151,24.0,B,1151,0.00061,0.00244
3684,12.0,E,3684,0.00465,0.03075
658,28.0,B,658,0.07155,0.0008
1321,24.0,D,1321,0.00897,0.00661
8938,16.0,A,8938,0.01754,0.0137
214,32.0,C,214,0.07284,0.00832
1186,16.0,A,1186,0.0275,0.01072
1878,32.0,B,1878,0.004,0.00142
4686,24.0,E,4686,0.04697,0.01384
8703,32.0,B,8703,0.01309,0.00033
6082,12.0,F,6082,0.0735,0.13019
7975,20.0,F,7975,0.07256,0.02306
5749,40.0,D,5749,0.01036,0.0037
7662,32.0,C,7662,0.00195,0.00051
9615,20.0,A,9615,0.03112,0.0081
7482,36.0,B,7482,0.00585,0.00223
2704,28.0,D,2704,0.09488,0.00186
2547,24.0,A,2547,0.02332,0.00253
8782,28.0,A,8782,0.0274,0.00075
3797,20.0,D,3797,0.00156,0.00794
3035,28.0,C,3035,0.00759,0.00244
1612,28.0,E,1612,0.01745,0.00662
5415,24.0,C,5415,0.00924,0.00462
3296,32.0,C,3296,0.0025,0.0021
4598,24.0,C,4598,0.00055,0.00638
9512,28.0,E,9512,0.00687,0.01174
3207,20.0,B,3207,0.05135,0.00521
305,24.0,D,305,0.13205,0.0105
8188,20.0,C,8188,0.02851,0.00413
9563,36.0,F,9563,0.00813,0.00874
2332,28.0,E,2332,0.0045,0.10382
4687,32.0,A,4687,0.04091,0.00034
8546,16.0,D,8546,0.00047,0.01696
9332,40.0,F,9332,0.01348,0.0125
9715,40.0,B,9715,0.18087,6e-05
4302,20.0,D,4302,0.00869,0.01459
7515,28.0,C,7515,0.01258,0.00131
1313,28.0,E,1313,0.10171,0.00546
4857,32.0,B,4857,0.0214,0.00082
3620,16.0,A,3620,0.07831,0.00693
8820,32.0,F,8820,0.0235,0.04735
8849,20.0,A,8849,0.03585,0.00304
4732,24.0,B,4732,0.0029,0.00336
9733,32.0,E,9733,0.01163,0.00494
4662,40.0,E,4662,0.01009,0.0082
2221,24.0,F,2221,0.00736,0.02395
9509,28.0,C,9509,0.06417,0.00826
5417,36.0,F,5417,0.01015,0.01031
7770,24.0,E,7770,0.02296,0.02141
6573,40.0,E,6573,0.00093,0.00107
2044,12.0,B,2044,0.03486,0.02842
5426,40.0,C,5426,0.0958,0.00279
4320,16.0,F,4320,0.00358,0.01788
7659,20.0,B,7659,0.02424,0.00498
8637,28.0,B,8637,0.56097,0.00091
7267,36.0,A,7267,0.01987,9e-05
2600,36.0,A,2600,0.03363,6e-05
491,28.0,B,491,0.03994,0.00149
3005,40.0,C,3005,0.1172,0.00138
8884,36.0,A,8884,0.02315,0.00016
8964,32.0,C,8964,0.0054,0.00312
5977,20.0,C,5977,0.13065,0.00675
4618,20.0,E,4618,0.07457,0.03058
7645,24.0,B,7645,0.00979,0.00123
2482,16.0,F,2482,0.01393,0.01437
5707,28.0,B,5707,0.01252,0.00335
8842,28.0,E,8842,0.01713,0.0738
9076,28.0,C,9076,0.0024,0.01137
3126,16.0,F,3126,0.00388,0.02685
306,24.0,D,306,0.09753,0.00734
2707,28.0,E,2707,0.0055,0.02545
7814,16.0,B,7814,0.15482,0.01881
5861,20.0,B,5861,0.02471,0.00664
1650,20.0,F,1650,0.01114,0.01114
5402,28.0,C,5402,0.00928,0.00172
8581,28.0,A,8581,0.0195,0.00076
1510,16.0,F,1510,0.10029,0.03493
5638,20.0,C,5638,0.00288,0.00677
2459,20.0,C,2459,0.02329,0.00796
7954,36.0,D,7954,0.04855,0.00022
5473,16.0,B,5473,0.00708,0.00416
7153,36.0,E,7153,0.02205,0.00048
2688,20.0,C,2688,0.02321,0.0126
2125,40.0,D,2125,0.03388,0.00125
8682,20.0,C,8682,0.0129,0.00147
8587,20.0,D,8587,0.02012,0.0039
1042,16.0,C,1042,0.03958,0.01798
4148,24.0,C,4148,0.00397,0.00393
1334,16.0,D,1334,0.00578,0.01642
6780,16.0,F,6780,0.1054,0.02076
6499,40.0,B,6499,0.00562,3e-05
1879,36.0,D,1879,0.00276,0.00547
2010,24.0,D,2010,0.00245,0.00839
1479,40.0,B,1479,0.00521,0.00052
5525,12.0,B,5525,0.02089,0.02018
4772,36.0,D,4772,0.03466,0.00044
8374,20.0,F,8374,0.03558,0.06841
775,12.0,E,775,0.01807,0.06665
9583,36.0,F,9583,0.04508,0.06516
9267,32.0,F,9267,0.03532,0.04258
5442,24.0,C,5442,0.03431,0.00292
2867,36.0,C,2867,0.15035,0.00142
4444,36.0,F,4444,0.03256,0.01399
6774,32.0,E,6774,0.00096,0.00152
8519,16.0,E,8519,0.00668,0.02189
5259,32.0,A,5259,0.00538,0.00039
6683,28.0,E,6683,0.00134,0.02111
7596,36.0,C,7596,0.0039,0.0003
208,12.0,F,208,0.00701,0.04538
8190,28.0,F,8190,0.01417,0.03856
4022,20.0,B,4022,0.0158,0.00629
9303,32.0,B,9303,0.0032,0.00089
6477,40.0,A,6477,0.02303,6e-05
3763,36.0,F,3763,0.00684,0.03323
4275,20.0,C,4275,0.0008,0.0055
7483,16.0,C,7483,0.00907,0.02108
218,16.0,E,218,0.00312,0.02752
9551,32.0,C,9551,0.01903,0.00032
2511,36.0,F,2511,0.05905,0.10401
4871,20.0,A,4871,0.04847,0.00376
8303,32.0,C,8303,0.00077,0.00052
290,32.0,F,290,0.00379,0.08395
503,32.0,E,503,0.00398,0.06666
8548,16.0,D,8548,0.04706,0.0177
1015,40.0,F,1015,0.03402,0.04847
8955,28.0,E,8955,0.01601,0.0351
3967,36.0,A,3967,0.03763,0.00014
1501,12.0,D,1501,0.05426,0.01647
5594,16.0,E,5594,0.01078,0.03316
4625,28.0,D,4625,0.13907,0.01003
2160,20.0,E,2160,0.06029,0.02028
7374,16.0,E,7374,0.00107,0.02
9032,28.0,A,9032,0.04518,0.0005
6541,20.0,C,6541,0.0095,0.00486
1378,20.0,A,1378,0.02572,0.00381
6545,24.0,D,6545,0.04494,0.00355
6653,36.0,F,6653,0.00443,0.0143
5127,36.0,F,5127,0.00345,0.00714
7942,20.0,D,7942,0.01279,0.00795
2606,16.0,F,2606,0.00303,0.0449
612,32.0,C,612,0.2621,0.00109
9440,40.0,F,9440,0.0282,0.06204
1476,40.0,D,1476,0.03385,0.00347
6277,12.0,B,6277,0.01998,0.04384
6059,32.0,E,6059,0.00234,0.03042
9516,24.0,C,9516,0.00313,0.00382
2195,28.0,A,2195,0.03207,0.00065
7321,28.0,B,7321,0.17236,0.00076
4409,16.0,D,4409,0.00732,0.01176
9031,16.0,D,9031,0.01478,0.01284
4751,28.0,C,4751,0.01864,0.00192
4539,24.0,D,4539,0.00606,0.00462
65,40.0,E,65,0.00288,0.00673
6244,36.0,A,6244,0.02842,0.00012
4614,16.0,A,4614,0.07457,0.00703
5708,16.0,A,5708,0.07436,0.00817
1911,20.0,B,1911,0.01064,0.00292
700,20.0,C,700,0.01446,0.00824
6507,24.0,B,6507,0.0384,0.00314
7858,28.0,F,7858,0.22618,0.02552
2529,12.0,C,2529,0.0436,0.04474
2436,16.0,F,2436,0.14978,0.01512
69,28.0,A,69,0.04097,0.00073
1071,24.0,F,1071,0.00203,0.00613
1986,12.0,A,1986,0.08659,0.0139
3597,12.0,F,3597,0.13019,0.04484
9400,40.0,C,9400,0.00252,0.00045
5334,16.0,C,5334,0.00967,0.01827
2827,20.0,B,2827,0.03216,0.00409
1519,24.0,B,1519,0.04174,0.00249
6902,24.0,F,6902,0.06532,0.00881
6244,32.0,D,6244,0.07884,0.00187
7390,28.0,C,7390,0.00036,0.0036
8770,32.0,D,8770,0.02104,0.00242
6072,28.0,D,6072,0.00084,0.002
2246,36.0,B,2246,0.00115,0.0001
836,20.0,D,836,0.00229,0.00296
2555,40.0,E,2555,0.01169,0.00786
6907,12.0,C,6907,0.07876,0.03052
1676,40.0,F,1676,0.03938,0.09852
4975,36.0,D,4975,0.04517,0.00305
3356,40.0,F,3356,0.02908,0.02773
8889,20.0,A,8889,0.03042,0.01004
338,40.0,F,338,0.02291,0.01038
2332,28.0,F,2332,0.02116,0.22174
498,40.0,F,498,0.00182,0.02656
5102,36.0,D,5102,0.00645,0.00027
7828,16.0,B,7828,0.00837,0.02008
6721,16.0,F,6721,0.0203,0.01383
6502,12.0,A,6502,0.18594,0.03616
7297,36.0,D,7297,0.00272,0.00901
9151,40.0,E,9151,0.00893,0.00717
8988,20.0,E,8988,0.02775,0.0162
8764,40.0,C,8764,0.00864,0.00606
2563,16.0,B,2563,0.10185,0.01237
3921,16.0,E,3921,0.16442,0.09534
9379,32.0,E,9379,0.00169,0.00597
4397,20.0,A,4397,0.02641,0.00528
6930,24.0,F,6930,0.0217,0.0772
6255,20.0,B,6255,0.30954,0.00507
9959,16.0,A,9959,0.09368,0.01288
1441,36.0,B,1441,0.0167,5e-05
2110,24.0,C,2110,0.04037,0.00429
4505,20.0,F,4505,0.03279,0.09831
9258,24.0,E,9258,0.01169,0.02787
2970,40.0,F,2970,0.0245,0.06764
3177,12.0,C,3177,0.16506,0.03374
8048,36.0,A,8048,0.01713,0.00018
6120,32.0,F,6120,0.07734,0.04698
4306,24.0,B,4306,0.07286,0.00121
5557,24.0,B,5557,0.00419,0.00212
6247,36.0,C,6247,0.0145,0.00361
8950,16.0,C,8950,0.00069,0.02397
2286,16.0,D,2286,0.05422,0.01777
4991,40.0,F,4991,0.00998,0.00107
4117,28.0,E,4117,0.00203,0.00191
4968,40.0,F,4968,0.01413,0.0107
5987,12.0,F,5987,0.00306,0.05067
1902,12.0,C,1902,0.07776,0.03165
7187,16.0,C,7187,0.01242,0.0196
3499,24.0,D,3499,0.00265,0.00338
7078,32.0,E,7078,0.09948,0.02909
6218,16.0,F,6218,0.03276,0.02963
210,24.0,F,210,0.0177,0.01357
5022,12.0,A,5022,0.08675,0.02592
3910,32.0,E,3910,0.00895,0.01377
957,20.0,F,957,0.02424,0.09056
890,12.0,E,890,0.00547,0.0541
2526,12.0,C,2526,0.01797,0.0295
7252,36.0,F,7252,0.02534,0.10358
8756,40.0,A,8756,0.02264,5e-05
9429,36.0,D,9429,0.13725,0.01388
7804,36.0,C,7804,0.00371,0.00134
9151,24.0,A,9151,0.03359,0.00234
7022,32.0,E,7022,0.05146,0.07607
725,24.0,B,725,0.00658,0.00293
6237,24.0,D,6237,0.00358,0.01005
4400,32.0,E,4400,0.00955,0.0004
7046,40.0,D,7046,0.00874,0.01281
884,40.0,D,884,0.00323,0.00209
7607,20.0,E,7607,0.00514,0.00832
6240,36.0,C,6240,0.06984,0.00193
7031,12.0,E,7031,0.01529,0.02921
7205,16.0,B,7205,0.0059,0.01209
8678,20.0,E,8678,0.02528,0.07223
5072,28.0,F,5072,0.05663,0.11807
6293,20.0,C,6293,0.07456,0.0061
5306,20.0,F,5306,0.04051,0.21506
5936,36.0,E,5936,0.06921,0.0029
7664,16.0,D,7664,0.06212,0.00455
7115,16.0,E,7115,0.00669,0.01379
5647,24.0,F,5647,0.0176,0.0159
1568,40.0,D,1568,0.09628,0.00075
1491,36.0,B,1491,0.04049,0.00031
1005,36.0,E,1005,0.00649,0.01439
3608,28.0,A,3608,0.09972,0.00053
5809,16.0,D,5809,0.00987,0.00683
3160,24.0,F,3160,0.0249,0.02968
8320,28.0,B,8320,0.34274,0.00075
9015,24.0,C,9015,0.026,0.00291
4785,16.0,C,4785,0.00655,0.00718
9788,28.0,B,9788,0.11741,0.00106
5268,24.0,D,5268,0.00815,0.00791
2064,16.0,C,2064,0.06466,0.00596
3107,12.0,F,3107,0.2047,0.05048
6677,32.0,A,6677,0.02924,0.00056
4605,12.0,B,4605,0.02653,0.04245
4628,28.0,D,4628,0.00105,0.0045
2069,12.0,D,2069,0.0446,0.04139
6696,28.0,C,6696,0.01471,0.00516
7678,24.0,B,7678,0.0182,0.00182
8501,28.0,A,8501,0.07319,0.00135
4129,24.0,F,4129,0.01918,0.03036
1096,36.0,E,1096,0.00773,0.00701
6685,12.0,B,6685,0.05129,0.04235
6142,40.0,E,6142,0.05034,0.02741
9529,24.0,A,9529,0.04085,0.00162
4594,20.0,C,4594,0.01616,0.0075
467,36.0,D,467,0.01239,0.00167
5534,36.0,C,5534,0.02751,0.00157
9036,28.0,A,9036,0.00985,0.00145
4311,28.0,F,4311,0.03606,0.09932
7657,20.0,E,7657,0.02107,0.02359
6572,28.0,E,6572,0.00438,0.00847
638,24.0,C,638,0.00429,0.00242
6350,36.0,C,6350,0.01323,0.00088
2292,20.0,F,2292,0.01048,0.03039
1596,28.0,B,1596,0.15901,0.00071
7430,16.0,C,7430,0.07328,0.00676
8453,32.0,C,8453,0.00505,0.00204
8607,16.0,E,8607,0.02235,0.01252
8870,40.0,A,8870,0.0391,4e-05
7896,36.0,F,7896,0.15593,0.05394
7215,40.0,E,7215,0.01352,0.0015
778,36.0,E,778,0.01121,0.00023
2401,36.0,D,2401,0.01888,0.00834
4463,28.0,B,4463,0.02942,0.00116
2358,32.0,C,2358,0.00904,0.00881
8795,40.0,E,8795,0.0269,0.02746
1747,32.0,E,1747,0.00436,0.01658
3966,32.0,D,3966,0.02207,0.00045
8302,28.0,B,8302,0.0135,0.00103
982,20.0,B,982,0.02116,0.0111
5222,32.0,F,5222,0.01744,0.03827
7226,40.0,D,7226,0.03647,0.00361
4433,20.0,C,4433,0.00466,0.0203
2860,28.0,D,2860,0.00513,0.00381
1882,40.0,B,1882,0.01857,0.00029
5489,32.0,F,5489,0.05085,0.02686
2845,24.0,E,2845,0.01485,0.05054
2798,20.0,B,2798,0.03462,0.00711
3116,12.0,B,3116,0.00328,0.03064
5390,16.0,D,5390,0.01556,0.01377
6523,32.0,D,6523,0.04479,0.00049
6339,32.0,E,6339,0.04762,0.01143
4797,36.0,F,4797,0.06348,0.06644
8732,40.0,C,8732,0.02941,0.0001
5293,36.0,F,5293,0.05107,0.0055
7679,16.0,C,7679,0.00177,0.01998
2418,24.0,D,2418,0.00179,0.00659
8715,16.0,E,8715,0.02637,0.01556
1990,20.0,B,1990,0.20186,0.00119
9968,40.0,A,9968,0.03928,4e-05
8690,24.0,F,8690,0.0186,0.01262
7241,40.0,C,7241,0.08628,0.00304
7471,12.0,A,7471,0.03715,0.05146
7329,16.0,D,7329,0.01548,0.01176
4804,32.0,D,4804,0.03144,0.00118
7593,40.0,D,7593,0.17915,0.0045
7330,36.0,E,7330,0.03841,0.0229
5068,32.0,B,5068,0.02022,0.00048
1450,36.0,B,1450,0.01548,0.00022
1286,24.0,C,1286,0.00397,0.00475
8935,36.0,C,8935,0.01324,0.0003
1582,28.0,B,1582,0.17454,0.00099
8399,40.0,D,8399,0.09234,0.00255
5355,36.0,B,5355,0.0365,0.00083
7294,12.0,B,7294,0.02874,0.04253
1715,16.0,F,1715,0.02299,0.0874
1059,24.0,A,1059,0.01726,0.00242
4802,20.0,F,4802,0.02557,0.0227
2793,16.0,D,2793,0.00794,0.0337
3884,20.0,D,3884,0.14895,0.01197
878,12.0,D,878,0.02796,0.05111
4612,32.0,F,4612,0.02828,0.14618
7496,32.0,F,7496,0.01775,0.00537
7096,36.0,A,7096,0.03166,0.00015
7413,24.0,C,7413,0.05714,0.00614
5916,20.0,B,5916,0.0202,0.00592
5116,16.0,F,5116,0.00278,0.03742
6578,28.0,A,6578,0.03008,0.00065
4189,32.0,A,4189,0.00315,0.00039
7834,20.0,F,7834,0.08081,0.03533
9096,36.0,A,9096,0.05864,0.00018
4376,12.0,E,4376,0.09131,0.03227
821,36.0,D,821,0.00812,0.00407
4596,40.0,C,4596,0.00353,0.0004
7837,16.0,D,7837,0.02418,0.01634
7772,16.0,E,7772,0.01511,0.01566
9441,28.0,C,9441,0.01599,0.00055
1875,28.0,A,1875,0.04125,0.0012
6474,36.0,B,6474,0.007,0.00016
6628,16.0,F,6628,0.09398,0.02286
5586,20.0,A,5586,1.64283,1.90236
7331,16.0,A,7331,0.05058,0.01014
3156,36.0,B,3156,0.15303,0.00054
2919,28.0,A,2919,0.02285,0.00105
9004,28.0,E,9004,0.01034,0.0036
1655,32.0,B,1655,0.03978,0.00154
738,12.0,F,738,0.04717,0.02542
5930,28.0,B,5930,0.01598,0.00107
5071,36.0,F,5071,0.01041,0.08592
6581,16.0,B,6581,0.0309,0.01893
1681,40.0,F,1681,0.02426,0.02474
8399,20.0,E,8399,0.0034,0.029
5014,12.0,E,5014,0.04909,0.03995
8680,28.0,C,8680,0.04916,0.00427
4796,32.0,C,4796,0.0249,0.00014
5280,28.0,E,5280,0.03486,0.00724
7247,40.0,E,7247,0.01986,0.00062
2706,36.0,E,2706,0.0311,0.0065
7317,32.0,A,7317,0.02867,0.00026
4184,36.0,D,4184,0.0114,0.01982
5088,40.0,B,5088,0.00678,0.00015
5168,12.0,C,5168,0.06311,0.03272
9719,36.0,D,9719,0.1137,0.00541
8923,28.0,F,8923,0.04959,0.01911
4125,16.0,E,4125,0.12838,0.01553
422,32.0,C,422,0.01059,0.00205
3061,40.0,B,3061,0.07261,0.00057
8149,20.0,F,8149,0.01711,0.02755
1949,12.0,A,1949,0.02527,0.03896
1178,36.0,B,1178,0.02175,0.00016
6226,40.0,A,6226,0.03266,4e-05
5091,16.0,D,5091,0.01241,0.03229
4139,28.0,C,4139,0.01751,0.00454
2536,12.0,A,2536,0.04812,0.06448
834,32.0,B,834,0.0098,0.0003
8622,24.0,D,8622,0.27412,0.0047
1598,40.0,B,1598,0.00281,0.00061
9953,24.0,C,9953,0.00113,0.00124
2380,16.0,D,2380,0.02112,0.02229
8405,20.0,B,8405,0.10195,0.00447
1871,12.0,A,1871,0.10034,0.03022
4638,40.0,F,4638,0.03877,0.04461
707,12.0,A,707,0.06917,0.01558
4381,28.0,D,4381,0.00424,0.00208
6012,12.0,C,6012,0.00659,0.02988
2547,16.0,D,2547,0.00073,0.01914
6654,20.0,B,6654,0.05299,0.00446
9789,20.0,F,9789,0.05633,0.02513
6921,32.0,F,6921,0.00483,0.03312
9988,40.0,A,9988,0.12617,8e-05
470,12.0,D,470,0.00348,0.07021
445,28.0,D,445,0.0114,0.00492
3406,40.0,F,3406,0.03458,0.03184
3723,28.0,C,3723,0.00769,0.00121
1469,12.0,D,1469,0.00459,0.01935
464,40.0,D,464,0.01069,0.01115
4788,28.0,D,4788,0.06191,0.00086
2638,20.0,C,2638,0.0075,0.01014
9654,40.0,A,9654,0.12442,5e-05
259,36.0,F,259,0.01169,0.03248
6822,20.0,C,6822,0.00091,0.00432
271,36.0,E,271,0.02504,0.00858
8542,16.0,E,8542,0.008,0.04669
2957,28.0,A,2957,0.02695,0.00072
1866,28.0,F,1866,0.00707,0.04699
4414,40.0,F,4414,0.03888,0.07199
4645,36.0,E,4645,0.08522,0.01546
6497,24.0,F,6497,0.08113,0.0152
8895,16.0,A,8895,0.0384,0.01151
2682,20.0,A,2682,0.04449,0.01028
7029,32.0,A,7029,0.02456,0.00025
2815,24.0,E,2815,0.02276,0.02346
3958,36.0,E,3958,0.01504,0.00851
5130,24.0,A,5130,0.04515,0.00179
7939,20.0,D,7939,0.09118,0.00965
441,32.0,F,441,0.03946,0.02763
7134,24.0,B,7134,0.12156,0.00192
6834,40.0,A,6834,0.1266,7e-05
1530,20.0,C,1530,0.0038,0.00676
1595,32.0,B,1595,0.00304,0.00036
6264,24.0,F,6264,0.01039,0.09341
7060,12.0,B,7060,0.01792,0.01936
6048,20.0,D,6048,0.02844,0.00403
1234,28.0,E,1234,0.14387,0.00636
7369,36.0,A,7369,0.00445,0.00014
2994,32.0,A,2994,0.04322,0.00022
7717,32.0,C,7717,0.00325,0.00467
5662,20.0,A,5662,0.00301,0.0023
3895,40.0,B,3895,0.00307,0.00013
1038,24.0,B,1038,0.02583,0.00327
2295,20.0,F,2295,0.00986,0.10977
93,28.0,B,93,0.02996,0.00066
6089,36.0,B,6089,0.0149,0.00024
6461,36.0,E,6461,0.03163,0.00913
2807,32.0,E,2807,0.01917,0.00449
312,28.0,A,312,0.02084,0.00038
5094,32.0,B,5094,0.15722,0.00031
3363,40.0,B,3363,0.04968,0.00014
6479,24.0,F,6479,0.02092,0.05168
8354,32.0,D,8354,0.0041,0.00084
9319,16.0,B,9319,0.00046,0.00683
8618,40.0,B,8618,0.00511,0.00137
267,40.0,C,267,0.00533,0.00489
6575,40.0,F,6575,0.00648,0.02149
2993,40.0,E,2993,0.09998,0.00324
6769,36.0,E,6769,0.03159,0.07225
5532,40.0,E,5532,0.02416,0.00331
3133,36.0,A,3133,0.03436,0.0001
2455,36.0,D,2455,0.09374,0.00504
4981,40.0,B,4981,0.00144,0.00028
2572,40.0,F,2572,0.02237,0.12549
9964,24.0,C,9964,0.0227,0.00602
8591,24.0,D,8591,0.01735,0.00189
1257,28.0,A,1257,0.01554,0.00119
9304,36.0,C,9304,0.00608,0.0023
3309,24.0,E,3309,0.00476,0.03259
3278,24.0,C,3278,0.01517,0.00445
3331,20.0,E,3331,0.01428,0.01469
7725,20.0,B,7725,0.01072,0.00555
9661,20.0,E,9661,0.00362,0.00547
7161,20.0,F,7161,0.06357,0.01262
2286,40.0,D,2286,0.00424,0.00341
2521,32.0,C,2521,0.01151,0.00048
7338,40.0,E,7338,0.00329,0.00904
8914,24.0,E,8914,0.07065,0.05221
9361,32.0,C,9361,0.10503,0.00196
5476,40.0,E,5476,0.00276,0.05844
9953,28.0,E,9953,0.00383,0.00513
5153,32.0,A,5153,0.00923,0.00038
1327,24.0,D,1327,0.00405,0.00247
3833,32.0,B,3833,0.08024,0.00057
2068,40.0,F,2068,0.01449,0.04694
4653,12.0,E,4653,0.02454,0.08251
59,20.0,B,59,0.00777,0.00342
6916,24.0,F,6916,0.02494,0.02518
9891,20.0,A,9891,0.01917,0.00498
5016,36.0,C,5016,0.00383,0.00258
6079,36.0,F,6079,0.00786,0.08721
332,28.0,E,332,0.00295,0.00461
4962,32.0,A,4962,0.03819,0.00023
8517,16.0,B,8517,0.03984,0.01972
6500,40.0,F,6500,0.01664,0.08069
6261,20.0,B,6261,0.01015,0.00629
308,12.0,C,308,0.00862,0.03488
5768,12.0,F,5768,0.00782,0.16015
593,24.0,A,593,0.02778,0.00071
2840,40.0,B,2840,0.02754,5e-05
1054,24.0,A,1054,0.00361,0.00263
8553,20.0,E,8553,0.00209,0.00515
1663,36.0,F,1663,0.04567,0.02919
1346,12.0,C,1346,0.0307,0.01879
9838,40.0,E,9838,0.04139,0.00157
4078,36.0,C,4078,0.05934,0.00148
5235,40.0,C,5235,0.01624,0.0004
9094,40.0,C,9094,0.0017,0.00182
9941,28.0,F,9941,0.17375,0.04341
6227,16.0,C,6227,0.0342,0.01562
6827,28.0,B,6827,0.01488,0.00071
8824,32.0,F,8824,0.01835,0.01834
4835,40.0,A,4835,0.03033,4e-05
1449,36.0,C,1449,0.07849,0.00356
6537,16.0,F,6537,0.09338,0.04488
5509,20.0,E,5509,0.11469,0.02264
1572,12.0,D,1572,0.01165,0.02354
9667,24.0,F,9667,0.09972,0.04542
4071,24.0,A,4071,0.04294,0.00224
3607,32.0,D,3607,0.00456,0.0044
1442,20.0,F,1442,0.02155,0.06985
677,36.0,C,677,0.00903,0.00037
938,20.0,E,938,0.00427,0.00495
9821,16.0,B,9821,0.01141,0.00944
2567,12.0,D,2567,0.03179,0.03128
6953,32.0,C,6953,0.00441,0.00408
8787,32.0,E,8787,0.01125,0.00126
9849,32.0,E,9849,0.00687,0.00395
7961,40.0,C,7961,0.04667,0.00022
3691,36.0,F,3691,0.03112,0.01178
3239,20.0,F,3239,0.00386,0.03921
1998,12.0,B,1998,0.02057,0.01795
6420,40.0,C,6420,0.08464,0.00134
8185,36.0,F,8185,0.04402,0.05016
1532,24.0,E,1532,0.00633,0.02851
6104,24.0,C,6104,0.00244,0.00217
7337,24.0,D,7337,0.03459,0.00606
1119,12.0,B,1119,0.0738,0.04138
4972,32.0,C,4972,0.0024,0.00087
4103,40.0,F,4103,0.0383,0.08084
4588,32.0,A,4588,0.02568,0.00026
7584,12.0,B,7584,0.04238,0.04824
1622,28.0,A,1622,0.02924,0.00055
2372,16.0,D,2372,0.02579,0.01079
6527,24.0,D,6527,0.00196,0.00982
8878,24.0,A,8878,0.03102,0.00149
9685,20.0,D,9685,0.01988,0.00754
9798,24.0,C,9798,0.06512,0.00678
1755,24.0,A,1755,0.0373,0.00116
3997,12.0,D,3997,0.03746,0.0322
6717,28.0,C,6717,0.00974,0.00643
3546,36.0,F,3546,0.10014,0.0239
9050,28.0,A,9050,0.18315,0.00116
8839,36.0,A,8839,0.03152,0.00016
8234,28.0,D,8234,0.01672,0.00119
1001,36.0,F,1001,0.02931,0.05258
4539,40.0,D,4539,0.02982,0.00496
731,32.0,E,731,0.05969,0.00926
4603,36.0,B,4603,0.02254,0.00072
9562,16.0,C,9562,0.01235,0.00755
13,24.0,E,13,0.00956,0.05904
1746,20.0,E,1746,0.03607,0.01244
1198,20.0,C,1198,0.07427,0.00823
7913,16.0,D,7913,0.10339,0.02746
7922,12.0,B,7922,0.02977,0.03061
3362,40.0,B,3362,0.01864,0.00039
8738,32.0,C,8738,0.01431,0.00031
8297,32.0,E,8297,0.00642,0.01353
71,24.0,C,71,0.00558,0.01105
9785,36.0,D,9785,0.01453,0.00263
8664,16.0,E,8664,0.02852,0.02251
9001,36.0,F,9001,0.00859,0.00379
7616,32.0,F,7616,0.00992,0.04283
6139,24.0,A,6139,0.01267,0.00151
6177,40.0,D,6177,0.07185,0.00347
6915,16.0,D,6915,0.0172,0.04011
8753,40.0,E,8753,0.00366,0.00506
4774,40.0,C,4774,0.00354,0.00187
5074,12.0,C,5074,0.02708,0.02081
6273,16.0,B,6273,0.0163,0.00823
261,28.0,B,261,0.00902,0.00032
9567,28.0,B,9567,0.05062,0.00048
2921,16.0,F,2921,0.07877,0.04471
4435,12.0,A,4435,0.09871,0.03567
1694,20.0,A,1694,0.04068,0.00396
1093,16.0,E,1093,0.02758,0.08393
7417,24.0,B,7417,0.00585,0.00379
1984,36.0,D,1984,0.00569,0.00981
6243,16.0,C,6243,0.00111,0.0115
106,24.0,A,106,0.03305,0.00163
704,28.0,C,704,0.16732,0.00228
9282,24.0,C,9282,0.00169,0.00514
889,28.0,D,889,0.00532,0.00111
6508,32.0,E,6508,0.01493,0.01373
2433,12.0,C,2433,0.00372,0.0528
3345,24.0,F,3345,0.04314,0.00918
3804,32.0,F,3804,0.02999,0.01089
3416,40.0,E,3416,0.04344,0.00154
8614,12.0,A,8614,0.21927,0.04045
8697,16.0,F,8697,0.19504,0.07018
904,32.0,B,904,0.00071,0.0008
6620,32.0,E,6620,0.02398,0.00096
1594,28.0,C,1594,0.01871,0.00319
3517,16.0,B,3517,0.31741,0.00959
1588,28.0,B,1588,0.00339,0.00072
5534,16.0,C,5534,0.00231,0.02822
8994,28.0,F,8994,0.01142,0.01388
8330,32.0,C,8330,0.0101,0.00078
821,16.0,B,821,0.01205,0.00906
1736,28.0,E,1736,0.04304,0.00202
5583,20.0,C,5583,0.00419,0.00476
5128,20.0,E,5128,0.00217,0.02385
8862,20.0,A,8862,0.04135,0.00589
85,32.0,D,85,0.03578,0.00043
570,20.0,A,570,0.02977,0.0044
205,28.0,B,205,0.7198,0.00192
2899,28.0,B,2899,0.00023,0.00122
6677,28.0,B,6677,0.00351,0.00093
2821,36.0,F,2821,0.00693,0.07107
7318,20.0,D,7318,0.0192,0.00509
6377,28.0,D,6377,0.00171,0.00681
3201,16.0,F,3201,0.02276,0.02607
3537,36.0,E,3537,0.00933,0.001
5217,40.0,B,5217,0.04716,0.0001
775,20.0,A,775,0.14744,0.00491
2659,36.0,A,2659,0.04565,0.0001
9456,36.0,C,9456,0.03675,0.00062
4989,28.0,F,4989,0.0575,0.0979
5502,36.0,E,5502,0.06411,0.00578
8097,20.0,B,8097,0.00291,0.00653
1009,20.0,F,1009,0.0299,0.01321
3275,20.0,B,3275,0.03495,0.00889
5430,40.0,D,5430,0.00164,0.01461
2650,28.0,C,2650,0.00023,0.00814
5980,32.0,A,5980,0.02786,0.00029
9759,20.0,B,9759,0.48333,0.00685
3423,32.0,D,3423,0.00069,0.00089
156,28.0,C,156,0.06358,0.008
6188,40.0,B,6188,0.00144,0.00026
1034,16.0,A,1034,0.06594,0.01014
6857,16.0,D,6857,0.00171,0.01294
5539,32.0,C,5539,0.00089,0.00075
667,16.0,B,667,0.01399,0.01549
5063,40.0,F,5063,0.01262,0.02512
9793,36.0,F,9793,0.14232,0.01004
8127,28.0,B,8127,0.02055,0.00049
6538,20.0,A,6538,2.01324,2.34798
5335,24.0,B,5335,0.02186,0.00301
7324,32.0,B,7324,0.00156,0.00033
623,36.0,B,623,0.00092,0.00028
6971,24.0,B,6971,0.04268,0.00239
6485,20.0,D,6485,0.00137,0.01302
7203,36.0,F,7203,0.03681,0.01661
1326,36.0,E,1326,0.04637,0.00299
6510,16.0,B,6510,0.13061,0.01215
1858,40.0,B,1858,0.01169,0.00104
5405,28.0,B,5405,0.42046,0.00113
620,24.0,A,620,0.03787,0.00214
36,16.0,C,36,0.00735,0.01695
533,16.0,E,533,0.01121,0.01444
4190,36.0,C,4190,0.00178,0.00164
6842,36.0,A,6842,0.02747,0.00014
3686,28.0,B,3686,0.0102,0.00047
3167,12.0,A,3167,0.08616,0.02482
6432,36.0,A,6432,0.01295,0.00024
5990,32.0,D,5990,0.00826,0.00302
1792,24.0,B,1792,0.01903,0.00233
3027,40.0,C,3027,0.20249,0.00276
3410,20.0,C,3410,0.03436,0.00987
1704,32.0,A,1704,0.02664,0.00021
1081,28.0,E,1081,0.00229,0.02831
1991,12.0,C,1991,0.00669,0.03151
3232,40.0,B,3232,0.06886,0.0001
5223,20.0,B,5223,0.00549,0.00308
5621,32.0,B,5621,0.00439,0.00179
9567,24.0,B,9567,0.01372,0.00294
1000,36.0,A,1000,0.01088,7e-05
643,40.0,E,643,0.04667,0.00445
5499,40.0,C,5499,0.02715,0.00262
7155,20.0,A,7155,0.08843,0.0039
6878,28.0,B,6878,0.00076,0.00088
933,40.0,A,933,0.08044,5e-05
4194,20.0,B,4194,0.02747,0.00666
5634,40.0,A,5634,0.0298,5e-05
5069,24.0,A,5069,0.0045,0.00177
9939,16.0,A,9939,0.04514,0.01658
3154,40.0,F,3154,0.00451,0.02327
5033,32.0,E,5033,0.04646,0.01188
6457,28.0,C,6457,0.00825,0.0038
7552,24.0,E,7552,0.0217,0.00803
2202,36.0,F,2202,0.01536,0.03981
9586,28.0,F,9586,0.00469,0.02121
5749,16.0,E,5749,0.01167,0.03068
6743,36.0,B,6743,0.0061,0.0002
6935,20.0,C,6935,0.1994,0.00291
2452,20.0,D,2452,0.004,0.00697
8970,16.0,D,8970,0.04433,0.01443
197,16.0,A,197,0.05582,0.00624
6605,28.0,B,6605,0.03244,0.00194
7434,16.0,F,7434,0.04155,0.04252
4128,28.0,D,4128,0.16994,0.0017
6747,40.0,E,6747,0.0381,0.00769
2375,40.0,D,2375,0.02326,0.00368
4679,24.0,B,4679,0.01775,0.00217
6989,32.0,C,6989,0.00601,0.00079
7169,28.0,C,7169,0.09403,0.00499
4488,28.0,E,4488,0.01318,0.02002
9449,40.0,C,9449,0.00234,0.00132
5590,20.0,D,5590,0.00089,0.00875
3613,24.0,B,3613,0.11042,0.0026
313,16.0,D,313,0.00875,0.01007
2762,32.0,C,2762,0.0705,0.00801
1767,24.0,B,1767,0.00089,0.00225
1057,40.0,C,1057,0.1514,0.00145
3637,32.0,D,3637,0.0045,0.00277
8962,20.0,A,8962,0.02534,0.00697
7871,36.0,C,7871,0.01412,0.00233
7986,24.0,C,7986,0.02145,0.00567
6867,32.0,F,6867,0.00587,0.01604
9791,16.0,F,9791,0.04866,0.05573
4331,20.0,D,4331,0.31818,0.0051
532,32.0,B,532,0.02668,0.00016
6801,20.0,E,6801,0.08217,0.04841
7096,40.0,D,7096,0.19184,0.00489
3259,36.0,C,3259,0.00616,0.00027
1143,12.0,C,1143,0.08876,0.04638
6883,36.0,A,6883,0.02623,9e-05
7693,12.0,C,7693,0.00868,0.03765
7237,20.0,B,7237,0.07095,0.00795
6262,24.0,E,6262,0.03304,0.02059
8159,20.0,F,8159,0.03713,0.02657
3954,12.0,A,3954,0.15597,0.02058
788,16.0,B,788,0.00298,0.01681
2087,36.0,A,2087,0.01509,0.0001
7384,12.0,C,7384,0.02821,0.03717
2982,20.0,F,2982,0.03015,0.07193
4406,32.0,A,4406,0.02023,0.00052
8712,28.0,A,8712,0.0306,0.00106
3598,32.0,B,3598,0.01449,0.00038
8010,16.0,D,8010,0.02726,0.0112
9720,32.0,F,9720,0.00313,0.00262
1333,12.0,B,1333,0.11594,0.0257
3160,12.0,F,3160,0.08188,0.1846
4573,12.0,D,4573,0.07148,0.05262
7402,28.0,A,7402,0.02766,0.00063
4013,16.0,B,4013,0.0121,0.02004
3622,12.0,E,3622,0.11097,0.04671
3897,36.0,C,3897,0.02759,0.00221
3689,16.0,E,3689,0.02649,0.03606
3041,16.0,B,3041,0.08727,0.01277
5801,36.0,A,5801,0.03572,0.00016
2709,28.0,E,2709,0.00262,0.01006
6837,20.0,E,6837,0.01113,0.01678
4614,12.0,D,4614,0.03184,0.01838
3718,20.0,C,3718,0.00886,0.00778
2956,24.0,C,2956,0.02937,0.00511
7632,28.0,D,7632,0.00314,0.00207
5979,20.0,F,5979,0.00573,0.04105
5949,32.0,A,5949,0.01786,0.00054
1770,20.0,F,1770,0.00321,0.0366
2564,16.0,A,2564,0.0975,0.01217
7819,32.0,D,7819,0.33032,0.0021
5687,12.0,E,5687,0.03144,0.04027
2657,12.0,D,2657,0.00949,0.04905
2299,32.0,D,2299,0.00297,0.00038
9081,24.0,A,9081,0.02719,0.00188
5078,12.0,D,5078,0.01655,0.0311
4983,16.0,B,4983,0.01949,0.01014
2417,20.0,B,2417,0.00511,0.005
1171,24.0,D,1171,0.00164,0.00599
5682,20.0,C,5682,0.07796,0.00392
583,16.0,F,583,0.0198,0.12792
1141,16.0,C,1141,0.02173,0.01421
4297,24.0,E,4297,0.0544,0.00745
9592,24.0,D,9592,0.01357,0.00291
5018,32.0,E,5018,0.00794,0.00762
5678,32.0,D,5678,0.00095,0.00119
2281,24.0,F,2281,0.03423,0.00759
4993,28.0,F,4993,0.0082,0.00832
5410,12.0,D,5410,0.01326,0.04068
2467,16.0,E,2467,0.04798,0.0178
7043,20.0,D,7043,0.02078,0.0084
3876,16.0,E,3876,0.01113,0.02104
7971,32.0,D,7971,0.02421,0.02636
5455,20.0,B,5455,0.0055,0.00748
9129,28.0,A,9129,0.03028,0.00074
3041,20.0,F,3041,0.13284,0.03975
515,28.0,D,515,0.01457,0.00371
1627,16.0,C,1627,0.05975,0.01962
2562,20.0,E,2562,0.00259,0.02807
7584,28.0,A,7584,0.00861,0.0005
4735,36.0,B,4735,0.00284,0.00019
1880,40.0,B,1880,0.00364,0.00135
9706,32.0,C,9706,0.00532,0.00067
7533,36.0,B,7533,0.00973,0.0002
7503,28.0,B,7503,0.01639,0.00131
625,12.0,A,625,0.10987,0.02817
1447,16.0,A,1447,0.04952,0.00825
8746,40.0,C,8746,0.00095,0.00042
5534,32.0,D,5534,0.00696,0.00395
882,24.0,A,882,0.07408,0.00118
7676,16.0,A,7676,0.08956,0.01414
9722,36.0,A,9722,0.0373,8e-05
6595,40.0,C,6595,0.01461,0.00066
9555,28.0,A,9555,0.00793,0.00112
4565,28.0,D,4565,0.00566,0.00073
6525,28.0,A,6525,0.03114,0.00048
3338,12.0,B,3338,0.09868,0.02781
1946,20.0,C,1946,0.00272,0.00469
6694,20.0,D,6694,0.00491,0.01022
8698,40.0,A,8698,0.02317,5e-05
760,40.0,E,760,0.04048,0.00443
2800,28.0,C,2800,0.00641,0.00112
1960,36.0,A,1960,0.03651,0.00015
4741,16.0,A,4741,0.02557,0.00941
6052,12.0,A,6052,0.1291,0.02254
8602,28.0,D,8602,0.02689,0.00198
2450,16.0,F,2450,0.02329,0.02187
2108,40.0,F,2108,0.01353,0.01959
9695,16.0,B,9695,0.00998,0.00717
4898,12.0,C,4898,0.23654,0.03486
6628,20.0,F,6628,0.01354,0.01269
8712,32.0,B,8712,0.21922,0.00028
73,24.0,A,73,0.07534,0.00177
4834,32.0,E,4834,0.02217,0.00379
1502,32.0,D,1502,0.04283,0.00119
1400,12.0,F,1400,0.04551,0.03592
5696,20.0,B,5696,0.12466,0.00193
880,20.0,D,880,0.04463,0.02797
7516,12.0,A,7516,0.091,0.02204
544,12.0,A,544,0.05022,0.06076
4193,24.0,B,4193,0.00935,0.00105
1705,24.0,A,1705,0.04657,0.00096
8223,20.0,E,8223,0.00332,0.01803
1659,16.0,C,1659,0.00749,0.01845
9076,20.0,C,9076,0.00084,0.00449
3310,12.0,E,3310,0.0145,0.03033
9043,32.0,D,9043,0.01082,0.01468
8193,36.0,B,8193,0.00296,7e-05
6935,24.0,B,6935,0.02681,0.00406
9315,16.0,A,9315,0.04685,0.01677
3996,20.0,E,3996,0.00077,0.00901
8317,20.0,F,8317,0.01165,0.01353
8011,36.0,C,8011,0.0928,0.00428
687,40.0,C,687,0.00099,0.00156
4511,28.0,F,4511,0.00433,0.02093
7974,36.0,B,7974,0.0486,0.00013
8864,28.0,D,8864,0.18138,0.01263
6407,20.0,D,6407,0.05287,0.00473
1516,16.0,C,1516,0.01728,0.00954
9783,16.0,A,9783,0.07553,0.01238
5222,20.0,B,5222,0.03017,0.008
6579,24.0,C,6579,0.00234,0.02213
9814,40.0,D,9814,0.00577,0.01208
5677,28.0,D,5677,0.06426,0.00309
9680,32.0,D,9680,0.02144,0.0039
6787,40.0,B,6787,0.00452,0.0004
6273,36.0,B,6273,0.0006,0.00058
2675,12.0,B,2675,0.0243,0.0297
9545,40.0,C,9545,0.02302,0.00017
2852,32.0,D,2852,0.01308,0.00036
9029,36.0,C,9029,0.08613,0.00015
1955,16.0,C,1955,0.01069,0.01928
1317,28.0,F,1317,0.00389,0.06393
5452,16.0,F,5452,0.00424,0.01947
6817,12.0,A,6817,0.09738,0.03026
9417,40.0,E,9417,0.01023,0.02032
3144,40.0,B,3144,0.07633,6e-05
4387,40.0,B,4387,0.05979,8e-05
2094,16.0,C,2094,0.0037,0.00802
181,24.0,E,181,0.003,0.05923
4670,40.0,D,4670,0.03044,0.00198
9450,36.0,F,9450,0.01882,0.04526
1120,24.0,C,1120,0.00293,0.00356
3228,32.0,A,3228,0.01713,0.00034
1834,12.0,B,1834,0.00439,0.0354
2692,12.0,C,2692,0.16296,0.0127
7761,36.0,E,7761,0.02312,0.00624
3919,28.0,E,3919,0.0598,0.00776
5369,32.0,C,5369,0.00628,0.00103
9011,24.0,D,9011,0.05675,0.00258
9833,36.0,B,9833,0.05832,0.00051
3901,20.0,B,3901,0.00876,0.01456
9055,32.0,E,9055,0.08936,0.00522
2913,32.0,B,2913,0.00381,0.00071
7979,32.0,A,7979,0.02884,0.00034
3651,40.0,A,3651,0.03644,4e-05
6179,32.0,A,6179,0.06722,0.00029
4719,12.0,A,4719,0.05969,0.03434
1589,36.0,F,1589,0.02213,0.0931
4620,24.0,E,4620,0.05318,0.01441
2952,28.0,F,2952,0.00262,0.01777
3594,32.0,C,3594,0.0042,0.00093
1740,36.0,D,1740,0.00189,0.00891
7677,16.0,C,7677,0.05349,0.01548
5136,36.0,B,5136,0.00227,0.00017
77,16.0,C,77,0.08762,0.01377
1625,32.0,A,1625,0.00613,0.00025
6195,24.0,C,6195,0.62836,0.00393
8702,36.0,C,8702,0.00987,0.0016
795,12.0,A,795,0.14484,0.02544
661,16.0,D,661,0.00313,0.00962
37,28.0,F,37,0.00327,0.02637
1270,12.0,F,1270,0.01208,0.05005
1271,40.0,B,1271,0.00506,0.00015
2368,28.0,C,2368,0.02052,0.00338
2384,40.0,B,2384,0.03528,0.00039
4793,36.0,E,4793,0.00263,0.01654
3543,32.0,D,3543,0.0196,0.00872
1850,36.0,A,1850,0.05665,0.00016
5642,16.0,E,5642,0.01269,0.01595
784,36.0,F,784,0.00602,0.0311
6191,28.0,F,6191,0.02565,0.12398
1928,20.0,E,1928,0.00916,0.02687
3265,12.0,F,3265,0.01827,0.05076
6355,12.0,C,6355,0.05256,0.0363
4805,28.0,D,4805,0.01896,0.0112
9671,28.0,B,9671,0.0131,0.00143
753,28.0,F,753,0.01696,0.00772
6420,24.0,F,6420,0.00107,0.00623
3384,36.0,F,3384,0.08055,0.00095
6365,16.0,A,6365,0.04468,0.01139
9370,20.0,E,9370,0.01225,0.0253
1802,32.0,D,1802,0.03317,0.01473
8507,24.0,A,8507,0.04451,0.00293
6724,12.0,A,6724,0.10787,0.05209
4837,40.0,F,4837,0.02236,0.00755
4525,12.0,F,4525,0.10431,0.0203
6560,24.0,A,6560,0.02622,0.00304
8815,24.0,D,8815,0.00299,0.0177
2488,16.0,C,2488,0.1526,0.01134
333,16.0,C,333,0.15643,0.01608
7959,20.0,D,7959,0.12771,0.00676
9062,20.0,E,9062,0.00357,0.00954
6142,40.0,D,6142,0.00216,0.00803
2208,36.0,E,2208,0.0116,0.00227
8419,16.0,B,8419,0.00443,0.01478
6448,36.0,B,6448,0.00931,0.00089
2080,32.0,A,2080,0.03938,0.0002
1914,24.0,B,1914,0.00076,0.00327
6738,28.0,B,6738,0.02591,0.00109
6584,36.0,D,6584,0.04463,0.00308
459,12.0,E,459,0.01812,0.07965
3684,16.0,B,3684,0.02836,0.01705
842,36.0,F,842,0.02422,0.00844
4121,32.0,B,4121,0.00499,0.00043
7549,12.0,A,7549,0.09172,0.03589
9774,40.0,A,9774,0.01557,2e-05
7738,12.0,A,7738,0.15259,0.04615
2022,24.0,E,2022,0.21917,0.01492
3903,20.0,F,3903,0.00535,0.03686
8945,24.0,B,8945,0.01347,0.00261
3435,12.0,A,3435,0.05855,0.01951
3074,32.0,C,3074,0.05466,0.00175
5359,20.0,F,5359,0.01885,0.06073
5111,12.0,B,5111,0.03531,0.06148
4965,16.0,C,4965,0.00915,0.00653
9456,20.0,A,9456,0.00967,0.00789
552,36.0,A,552,0.00249,0.00013
4028,40.0,A,4028,0.01427,5e-05
2578,40.0,D,2578,0.00385,0.00497
4316,32.0,B,4316,0.00152,0.00183
7886,20.0,D,7886,0.0102,0.00886
9487,28.0,D,9487,0.00235,0.00108
6121,28.0,F,6121,0.06921,0.00964
7764,40.0,D,7764,0.00233,0.00205
1924,12.0,C,1924,0.02248,0.03926
1629,24.0,D,1629,0.00145,0.00466
1351,24.0,D,1351,0.00708,0.00143
9705,28.0,E,9705,0.08926,0.01643
2033,12.0,B,2033,0.01742,0.04019
5954,16.0,B,5954,0.01895,0.00785
4221,12.0,A,4221,0.06672,0.02438
4000,36.0,F,4000,0.00193,0.0045
6348,24.0,E,6348,0.01069,0.01851
2906,20.0,D,2906,0.02778,0.00494
8560,28.0,F,8560,0.01665,0.00564
3438,36.0,D,3438,0.00931,0.00529
9804,28.0,F,9804,0.10241,0.02028
1676,20.0,C,1676,0.40855,0.00795
7909,28.0,D,7909,0.04824,0.002
4364,20.0,E,4364,0.13529,0.01881
1297,20.0,E,1297,0.00125,0.02559
3073,20.0,C,3073,0.00853,0.00629
4251,28.0,A,4251,0.01656,0.00109
3961,20.0,C,3961,0.00562,0.01046
7216,24.0,B,7216,0.0218,0.00164
5499,32.0,E,5499,0.16273,0.04773
1115,40.0,E,1115,0.04032,0.00459
2,20.0,E,2,0.0299,0.02773
1196,20.0,E,1196,0.00961,0.01555
8698,16.0,F,8698,0.01888,0.02009
9160,16.0,D,9160,0.01295,0.01898
167,40.0,B,167,0.00592,0.00086
2736,28.0,E,2736,0.00089,0.0039
6292,24.0,C,6292,0.0915,0.00098
1773,20.0,C,1773,0.00367,0.00437
6592,32.0,B,6592,0.02308,0.00057
5004,16.0,E,5004,0.00933,0.048
9047,36.0,B,9047,0.04064,0.0001
6280,28.0,A,6280,0.04224,0.00056
5516,24.0,B,5516,0.00237,0.00249
9284,32.0,B,9284,0.01968,0.00048
1446,36.0,F,1446,0.00202,0.01914
9662,40.0,A,9662,0.06534,8e-05
4772,40.0,C,4772,0.01797,0.00368
8278,36.0,D,8278,0.0975,0.01046
9330,40.0,E,9330,0.00673,0.0006
5321,36.0,C,5321,0.18144,0.00151
9028,20.0,E,9028,0.00247,0.02019
2161,16.0,A,2161,0.04419,0.27738
2802,20.0,D,2802,0.00735,0.01891
1281,20.0,C,1281,0.08373,0.00747
5715,16.0,C,5715,0.01876,0.01849
7615,16.0,E,7615,0.02283,0.01787
3813,36.0,C,3813,0.00642,0.00629
4306,12.0,A,4306,0.03938,0.02785
4563,12.0,D,4563,0.04103,0.02009
4784,12.0,E,4784,0.03185,0.03541
7153,36.0,B,7153,0.01975,0.00042
7865,40.0,A,7865,0.04006,5e-05
25,32.0,D,25,0.02819,0.00813
3976,40.0,C,3976,0.01792,0.00259
6996,40.0,F,6996,0.02037,0.0632
5512,16.0,B,5512,0.01554,0.02602
6646,40.0,D,6646,0.01342,0.00299
4388,36.0,A,4388,0.0271,0.00013
8205,24.0,F,8205,0.01675,0.02025
8349,20.0,B,8349,0.00963,0.00416
8213,36.0,A,8213,0.02088,0.00017
5800,40.0,B,5800,0.0478,7e-05
2614,12.0,C,2614,0.02105,0.01659
5032,12.0,E,5032,0.02183,0.07774
7376,20.0,E,7376,0.05035,0.05521
3316,24.0,F,3316,0.03602,0.01822
2053,32.0,F,2053,0.01491,0.08658
4854,16.0,C,4854,0.01067,0.02091
7233,40.0,D,7233,0.01469,0.00272
5311,40.0,A,5311,0.01014,4e-05
4067,16.0,F,4067,0.07082,0.0371
296,24.0,F,296,0.02279,0.0382
8267,32.0,C,8267,0.00185,0.00363
962,40.0,C,962,0.02061,0.00035
9898,24.0,B,9898,0.56466,0.0018
9343,24.0,C,9343,0.00959,0.00824
3133,12.0,D,3133,0.01446,0.02724
381,16.0,F,381,0.00555,0.01766
574,24.0,A,574,0.02616,0.00178
3914,32.0,D,3914,0.00183,0.00079
4649,20.0,E,4649,0.00388,0.0128
217,32.0,A,217,0.03928,0.00024
8925,20.0,D,8925,0.00666,0.00866
7347,12.0,A,7347,0.03444,0.01857
835,16.0,F,835,0.00589,0.02491
3066,40.0,B,3066,0.01842,0.00051
6671,40.0,A,6671,0.02373,2e-05
8380,40.0,D,8380,0.04241,0.00709
2145,16.0,F,2145,0.08692,0.01897
8325,36.0,A,8325,0.0232,0.00019
3490,20.0,B,3490,0.00454,0.00306
6827,24.0,D,6827,0.00041,0.00422
5890,16.0,A,5890,0.04277,0.01749
5005,24.0,E,5005,0.02337,0.00667
6806,24.0,C,6806,0.10528,0.00545
4415,20.0,C,4415,0.02211,0.01109
7061,40.0,E,7061,0.01194,0.00937
2302,28.0,F,2302,0.00289,0.04129
7014,16.0,C,7014,0.022,0.01246
2714,20.0,F,2714,0.02049,0.04168
2477,36.0,C,2477,0.00518,0.00978
6958,32.0,C,6958,0.00102,0.00188
2079,28.0,C,2079,0.01466,0.0011
3287,28.0,B,3287,0.02378,0.00127
222,36.0,C,222,0.00207,0.00025
9877,36.0,B,9877,0.1197,0.00016
7160,16.0,C,7160,0.04703,0.01341
2765,16.0,D,2765,0.01517,0.01686
991,40.0,D,991,0.02241,0.00161
579,24.0,A,579,0.02734,0.00306
1026,16.0,E,1026,0.04343,0.02359
1521,24.0,A,1521,0.01359,0.00216
2638,36.0,E,2638,0.00329,0.02175
2556,24.0,E,2556,0.07682,0.00922
5963,32.0,B,5963,0.00066,0.00236
6447,12.0,D,6447,0.02792,0.03308
5689,28.0,B,5689,0.00114,0.00134
9852,40.0,C,9852,0.04907,0.00017
1499,32.0,B,1499,0.02876,0.00086
2662,24.0,F,2662,0.0051,0.01306
3445,28.0,E,3445,0.00509,0.00372
1481,16.0,F,1481,0.00278,0.04003
3108,36.0,D,3108,0.01696,0.01398
360,28.0,E,360,0.01957,0.01095
659,40.0,C,659,0.06614,0.00667
1525,40.0,C,1525,0.02407,0.00428
693,40.0,C,693,0.01642,0.00067
4491,12.0,D,4491,0.00848,0.05019
9200,28.0,A,9200,0.00427,0.00069
5148,12.0,C,5148,0.04655,0.03317
925,16.0,E,925,0.05452,0.02394
5032,36.0,D,5032,0.12955,0.00445
1055,20.0,E,1055,0.11197,0.00626
4531,28.0,D,4531,0.01263,0.00463
5843,20.0,E,5843,0.00753,0.01681
7394,32.0,F,7394,0.00581,0.00704
9872,24.0,A,9872,0.04715,0.00153
2540,40.0,E,2540,0.00154,0.01029
5464,20.0,C,5464,0.00789,0.01262
7031,24.0,E,7031,0.07063,0.0297
817,20.0,E,817,0.02983,0.0229
1348,12.0,D,1348,0.08186,0.06025
1960,36.0,B,1960,0.02863,0.0001
2358,16.0,A,2358,0.04159,0.02119
1248,24.0,F,1248,0.00451,0.05592
7447,28.0,F,7447,0.01856,0.02089
6465,16.0,F,6465,0.02216,0.02469
1206,32.0,E,1206,0.02525,0.01611
9824,16.0,F,9824,0.02854,0.04673
8162,32.0,A,8162,0.11904,0.00029
2382,32.0,B,2382,0.00125,0.00057
5776,12.0,A,5776,0.09964,0.03691
4602,32.0,D,4602,0.01649,0.00857
250,32.0,A,250,0.03532,0.00021
5535,28.0,E,5535,0.01328,0.02387
3767,32.0,C,3767,0.0314,0.00098
5884,20.0,C,5884,0.01558,0.00903
5885,12.0,C,5885,0.02945,0.03609
3508,16.0,C,3508,0.00567,0.01482
1568,16.0,E,1568,0.07527,0.08627
9719,40.0,F,9719,0.05707,0.07078
4465,36.0,D,4465,0.00663,0.00038
9881,16.0,D,9881,0.01178,0.02707
5823,28.0,A,5823,0.02904,0.00147
6129,36.0,C,6129,0.01972,0.00036
9602,24.0,F,9602,0.00908,0.03339
2490,12.0,E,2490,0.00336,0.03784
4909,12.0,B,4909,0.05053,0.01885
5489,40.0,C,5489,0.01122,9e-05
7984,36.0,C,7984,0.02139,0.00065
5716,28.0,C,5716,0.03148,0.00214
8783,16.0,D,8783,0.01103,0.01304
6146,12.0,D,6146,0.00552,0.0249
1729,24.0,A,1729,0.0717,0.00241
4735,28.0,F,4735,0.00984,0.04203
832,24.0,E,832,0.01642,0.00497
5789,28.0,A,5789,0.01068,0.00067
2685,24.0,C,2685,0.0018,0.00314
5682,36.0,B,5682,0.00097,0.00046
9489,28.0,D,9489,0.05574,0.00142
9447,24.0,C,9447,0.08487,0.00473
6554,20.0,F,6554,0.01604,0.05257
7874,16.0,B,7874,0.0038,0.00971
8008,16.0,E,8008,0.0047,0.01971
2341,28.0,A,2341,0.02024,0.00062
2145,28.0,E,2145,0.04073,0.01765
3066,24.0,C,3066,0.00794,0.0032
5146,36.0,A,5146,0.05538,0.00012
1677,32.0,F,1677,0.18654,0.00707
4671,12.0,E,4671,0.01711,0.06451
7397,16.0,D,7397,0.09614,0.00871
876,36.0,C,876,0.02429,0.00493
8249,24.0,A,8249,0.05181,0.00284
44,36.0,C,44,0.00042,0.0048
345,20.0,A,345,0.02687,0.00432
5872,36.0,E,5872,0.10456,0.02255
2129,12.0,D,2129,0.00506,0.02513
8850,36.0,F,8850,0.09853,0.03253
1086,40.0,C,1086,0.00342,0.00102
1520,12.0,C,1520,0.03674,0.03453
1716,40.0,A,1716,0.01217,3e-05
7355,36.0,C,7355,0.0162,0.00831
7249,20.0,E,7249,0.01452,0.01299
6154,20.0,B,6154,0.00802,0.00571
2536,24.0,B,2536,0.01278,0.00199
5054,36.0,F,5054,0.00584,0.12269
9963,16.0,F,9963,0.0021,0.01639
6577,24.0,D,6577,0.00402,0.00248
5098,12.0,A,5098,0.13455,0.01822
3004,32.0,F,3004,0.00398,0.00381
2649,32.0,C,2649,0.01212,0.0005
421,32.0,E,421,0.00582,0.01671
5953,20.0,D,5953,0.01777,0.01137
733,36.0,F,733,0.02926,0.01573
8078,28.0,B,8078,0.00616,0.0015
8981,28.0,C,8981,0.17701,0.00118
7602,40.0,C,7602,0.00562,0.00017
4361,32.0,C,4361,0.01943,0.00063
5345,40.0,B,5345,0.00459,0.00162
8496,36.0,B,8496,0.01741,0.00053
5623,36.0,C,5623,0.07393,0.00045
7865,12.0,B,7865,0.03443,0.05517
3496,12.0,E,3496,0.01029,0.02752
2171,28.0,A,2171,0.03216,0.0008
5572,40.0,C,5572,0.00259,0.00093
7043,32.0,E,7043,0.01574,0.00913
6611,40.0,B,6611,0.0095,0.00035
4159,32.0,D,4159,0.00526,0.00108
6908,24.0,F,6908,0.1169,0.00798
2926,24.0,D,2926,0.0287,0.00265
6255,28.0,F,6255,0.07115,0.05036
3177,16.0,B,3177,0.00676,0.01341
2181,24.0,E,2181,0.0032,0.01154
6350,32.0,E,6350,0.00223,0.03056
4321,24.0,E,4321,0.00711,0.00405
5068,20.0,E,5068,0.12036,0.01941
3908,32.0,A,3908,0.01442,0.00045
4171,36.0,E,4171,0.09852,0.01469
7592,28.0,C,7592,0.03011,0.00372
5695,24.0,B,5695,0.0006,0.00113
3795,12.0,E,3795,0.0355,0.04116
9082,32.0,D,9082,0.00273,0.00059
5403,28.0,E,5403,0.00513,0.00488
491,16.0,A,491,0.06674,0.01362
8613,40.0,D,8613,0.00644,0.00102
5487,40.0,F,5487,0.00196,0.07302
5850,32.0,C,5850,0.03899,0.00029
7682,40.0,B,7682,0.05491,5e-05
7567,20.0,B,7567,0.00339,0.00484
2116,24.0,A,2116,0.01554,0.00135
2460,36.0,F,2460,0.07297,0.04179
4284,32.0,C,4284,0.00385,0.00056
9310,24.0,C,9310,0.00274,0.00118
8614,32.0,E,8614,0.05847,0.01108
5273,36.0,B,5273,0.03085,0.00021
9854,20.0,B,9854,0.01887,0.00604
8135,28.0,B,8135,0.00095,0.00126
3575,36.0,B,3575,0.34714,0.0016
8713,36.0,B,8713,0.0122,0.00142
9555,40.0,A,9555,0.02663,5e-05
1536,40.0,A,1536,0.01513,5e-05
2599,28.0,B,2599,0.01169,0.00078
241,12.0,D,241,0.03015,0.03472
624,28.0,D,624,0.00196,0.00121
8066,32.0,A,8066,0.03463,0.00041
578,12.0,E,578,0.02165,0.07754
4776,40.0,B,4776,0.02018,0.0006
3648,36.0,B,3648,0.0105,0.00157
8771,40.0,E,8771,0.07245,0.01583
6815,12.0,C,6815,0.01188,0.02382
1719,28.0,D,1719,0.00046,0.00637
3070,12.0,A,3070,0.04957,0.02018
187,28.0,A,187,0.01749,0.00102
2431,16.0,A,2431,0.07121,0.0158
8310,16.0,B,8310,0.01144,0.00889
2346,36.0,D,2346,0.02834,0.00259
4036,16.0,F,4036,0.01401,0.01091
5516,12.0,F,5516,0.04458,0.03642
249,24.0,D,249,0.00411,0.00376
737,40.0,C,737,0.07513,0.0046
1919,16.0,B,1919,0.00507,0.0169
9048,24.0,F,9048,0.0586,0.0621
3978,20.0,D,3978,0.00905,0.00901
5866,24.0,F,5866,0.02736,0.12415
7953,36.0,E,7953,0.01455,0.02116
4454,16.0,B,4454,0.00725,0.01005
2163,28.0,A,2163,0.02572,0.00157
8581,36.0,C,8581,0.00889,0.00588
2050,32.0,F,2050,0.00743,0.00853
230,16.0,F,230,0.15175,0.01877
4394,24.0,F,4394,0.02795,0.01833
1751,28.0,B,1751,0.00958,0.00064
8072,40.0,F,8072,0.00459,0.00684
3015,40.0,C,3015,0.01055,0.00016
1069,20.0,B,1069,0.04007,0.00665
6359,28.0,D,6359,0.07494,0.00268
5278,12.0,D,5278,0.00314,0.05463
986,32.0,A,986,0.01073,0.00047
6726,28.0,A,6726,0.02506,0.00126
5489,16.0,D,5489,0.01127,0.02654
7733,36.0,A,7733,0.00464,0.00022
581,20.0,D,581,0.01894,0.0063
2747,40.0,F,2747,0.01896,0.01272
353,40.0,D,353,0.00449,0.00153
3498,32.0,B,3498,0.17589,0.00066
9342,20.0,E,9342,0.02068,0.01934
1504,16.0,B,1504,0.02159,0.00793
2710,20.0,E,2710,0.01596,0.03072
289,12.0,E,289,0.08778,0.05207
3202,16.0,D,3202,0.00241,0.02233
6006,20.0,A,6006,0.07054,0.00477
9323,36.0,A,9323,0.00632,0.00012
8524,36.0,F,8524,0.01798,0.01766
4664,16.0,D,4664,0.0056,0.0303
3330,12.0,D,3330,0.0302,0.04283
2977,32.0,A,2977,0.034,0.00023
2626,36.0,A,2626,0.01954,0.0001
3901,20.0,F,3901,0.0082,0.01172
6741,40.0,E,6741,0.03234,0.01693
7335,40.0,C,7335,0.00678,0.00064
1766,36.0,B,1766,0.05176,0.00053
8669,32.0,C,8669,0.00718,0.0004
9639,28.0,E,9639,0.02709,0.00443
2986,28.0,C,2986,0.005,0.00061
249,40.0,F,249,0.00305,0.02717
8216,28.0,B,8216,0.54276,0.00136
560,24.0,D,560,0.00509,0.0208
4689,32.0,F,4689,0.00523,0.1108
6701,24.0,B,6701,0.00555,0.00236
5898,32.0,A,5898,0.05832,0.00058
3413,28.0,D,3413,0.00559,0.004
2592,20.0,F,2592,0.02519,0.02443
4473,32.0,D,4473,0.00724,0.00017
2200,16.0,A,2200,0.02543,0.01422
7250,40.0,E,7250,0.48619,0.04739
4248,36.0,E,4248,0.04964,0.01078
2786,36.0,D,2786,0.00755,0.00169
4216,32.0,E,4216,0.01331,0.01069
1691,40.0,B,1691,0.15335,0.00056
4040,32.0,E,4040,0.0124,0.03289
7356,20.0,E,7356,0.00558,0.03398
6674,32.0,B,6674,1.07806,0.00096
7970,20.0,B,7970,0.02454,0.00585
5393,24.0,C,5393,0.00783,0.00196
1162,36.0,D,1162,0.03876,0.01826
1238,20.0,A,1238,0.02587,0.00612
1727,20.0,C,1727,0.02993,0.00449
7581,16.0,F,7581,0.22097,0.04247
5747,40.0,C,5747,0.01934,0.01096
9385,36.0,B,9385,0.01634,0.00014
2419,16.0,E,2419,0.01878,0.02508
2275,28.0,F,2275,0.00786,0.00387
6845,36.0,A,6845,0.04069,0.00012
804,28.0,A,804,0.03095,0.00108
2230,28.0,B,2230,0.01663,0.00057
8031,16.0,E,8031,0.08769,0.05332
2224,32.0,E,2224,0.01231,0.01778
4454,28.0,B,4454,0.00514,0.00058
1252,40.0,F,1252,0.01369,0.01629
3138,24.0,D,3138,0.05203,0.00566
8887,36.0,D,8887,0.00733,0.00104
4269,16.0,A,4269,0.06023,0.01668
6875,20.0,A,6875,0.03139,0.00405
3495,28.0,E,3495,0.06198,0.00887
2165,20.0,F,2165,0.02064,0.01206
481,40.0,C,481,0.0301,0.0023
861,28.0,A,861,0.0224,0.00063
1104,12.0,A,1104,0.03066,0.01672
2918,28.0,C,2918,0.14349,0.00681
1739,16.0,D,1739,0.01825,0.01296
7395,16.0,F,7395,0.01172,0.06995
1961,20.0,C,1961,0.03476,0.00442
9392,16.0,D,9392,0.03497,0.03442
2878,24.0,F,2878,0.12034,0.01061
3907,24.0,C,3907,0.00447,0.00251
1035,32.0,C,1035,0.05125,0.0006
3422,16.0,F,3422,0.00384,0.05856
1334,32.0,B,1334,0.00754,0.00047
1426,28.0,D,1426,0.18064,0.00171
2519,40.0,D,2519,0.0058,0.00122
7849,16.0,D,7849,0.01346,0.0125
6250,20.0,F,6250,0.01542,0.04818
1284,28.0,E,1284,0.02601,0.00699
4908,16.0,D,4908,0.05218,0.01417
8317,40.0,A,8317,0.07839,3e-05
3841,24.0,C,3841,0.11405,0.00391
1775,32.0,F,1775,0.02536,0.00857
3138,36.0,B,3138,0.00191,0.00037
9141,32.0,B,9141,0.02994,0.00118
8691,16.0,F,8691,0.01593,0.05567
7677,24.0,D,7677,0.06595,0.00662
9731,16.0,E,9731,0.0696,0.05551
1333,24.0,C,1333,0.02433,0.0023
547,20.0,D,547,0.00966,0.01015
4700,24.0,A,4700,0.00344,0.00111
606,24.0,E,606,0.0048,0.01237
290,12.0,D,290,0.02361,0.04078
1360,28.0,F,1360,0.05048,0.14545
8360,16.0,D,8360,0.00074,0.02003
9464,16.0,F,9464,0.01547,0.04589
8522,40.0,F,8522,0.03015,0.04007
7186,36.0,C,7186,0.00595,0.00033
775,16.0,B,775,0.00353,0.01281
6005,28.0,A,6005,0.018,0.00105
7166,36.0,A,7166,0.02879,9e-05
7483,24.0,B,7483,0.03747,0.00183
1877,20.0,F,1877,0.00286,0.03077
4636,28.0,D,4636,0.00708,0.00301
4956,12.0,C,4956,0.00723,0.03485
2120,12.0,D,2120,0.03562,0.04622
5458,24.0,B,5458,0.00903,0.00273
1466,28.0,F,1466,0.05695,0.04829
1931,36.0,F,1931,0.00791,0.02048
9641,28.0,D,9641,0.00175,0.00425
496,12.0,F,496,0.05645,0.02889
6114,12.0,B,6114,0.13896,0.03954
9177,40.0,B,9177,0.00524,0.00078
173,16.0,B,173,0.01463,0.01153
5583,16.0,D,5583,0.01893,0.00806
1454,24.0,A,1454,0.03398,0.00226
8759,28.0,A,8759,0.02635,0.00122
7124,20.0,C,7124,0.01832,0.00578
3948,36.0,E,3948,0.0077,0.03163
3280,24.0,D,3280,0.00617,0.01133
9034,20.0,A,9034,0.02561,0.00401
9890,40.0,D,9890,0.01346,0.00053
7376,16.0,D,7376,0.01435,0.01151
6068,16.0,E,6068,0.01262,0.02032
7439,40.0,D,7439,0.00227,0.00644
9080,40.0,F,9080,0.01105,0.02555
1108,36.0,F,1108,0.01516,0.06176
2566,32.0,B,2566,0.02328,0.0004
5619,36.0,D,5619,0.01546,0.00602
6980,32.0,A,6980,0.02366,0.00033
6823,40.0,D,6823,0.00331,0.0007
2763,32.0,E,2763,0.01564,0.00914
1285,40.0,B,1285,0.00509,0.0005
7152,36.0,D,7152,0.02219,0.0008
1447,20.0,A,1447,0.02929,0.00501
1803,36.0,E,1803,0.03425,0.06866
5707,12.0,A,5707,0.09213,0.01495
2743,28.0,F,2743,0.04716,0.00495
4516,24.0,D,4516,0.00128,0.00238
1974,24.0,B,1974,0.00143,0.00236
6434,20.0,B,6434,0.00644,0.00302
1114,36.0,A,1114,0.02997,0.00012
1153,32.0,F,1153,0.00792,0.02085
9702,28.0,E,9702,0.00192,0.00341
4008,24.0,C,4008,0.13173,0.00614
7469,20.0,F,7469,0.02035,0.01496
4677,16.0,B,4677,0.132,0.01276
502,20.0,E,502,0.03588,0.00768
3764,20.0,F,3764,0.00539,0.0134
6926,32.0,F,6926,0.0067,0.02316
7931,36.0,B,7931,0.00776,0.00101
8357,36.0,A,8357,0.042,0.00013
130,28.0,C,130,0.01296,0.01269
9717,20.0,A,9717,0.04974,0.00407
9403,40.0,E,9403,0.003,0.01231
5505,16.0,C,5505,0.03315,0.01653
6639,16.0,A,6639,0.14101,0.34149
3535,32.0,E,3535,0.00931,0.01159
6,12.0,F,6,0.02422,0.01865
6746,24.0,C,6746,0.00739,0.00301
7848,36.0,A,7848,0.03154,9e-05
6481,20.0,F,6481,0.00323,0.03155
516,20.0,F,516,0.00424,0.05812
2790,20.0,B,2790,0.04546,0.00572
8009,32.0,A,8009,0.05652,0.00028
207,36.0,E,207,0.0101,0.04259
6716,12.0,A,6716,0.08553,0.03258
5325,16.0,B,5325,0.00275,0.0127
6238,32.0,E,6238,0.01635,0.00867
4317,28.0,C,4317,0.0042,0.00235
2519,20.0,F,2519,0.01336,0.03823
229,20.0,F,229,0.01888,0.05953
1024,16.0,C,1024,0.05657,0.01732
2570,24.0,D,2570,0.01291,0.00368
2990,40.0,C,2990,0.00374,0.00045
9495,36.0,B,9495,0.07284,0.00015
8447,36.0,D,8447,0.80615,0.00129
4755,32.0,F,4755,0.01816,0.04948
1226,32.0,A,1226,0.02843,0.00033
7568,40.0,F,7568,0.00784,0.03235
9471,24.0,C,9471,0.03062,0.00204
4069,16.0,B,4069,0.1094,0.00513
9796,20.0,C,9796,0.04459,0.02688
323,20.0,B,323,0.00671,0.00662
8179,24.0,C,8179,0.01507,0.00132
6499,20.0,B,6499,0.03706,0.00364
7226,16.0,D,7226,0.01235,0.02151
8347,28.0,F,8347,0.05271,0.01753
2964,40.0,B,2964,0.00418,6e-05
3970,36.0,B,3970,0.02225,0.00079
2200,16.0,F,2200,0.01165,0.04742
8099,36.0,B,8099,0.00694,0.00046
7717,24.0,E,7717,0.00527,0.00696
9022,20.0,D,9022,0.02006,0.00754
1729,32.0,B,1729,0.00166,0.00063
4371,28.0,A,4371,0.03602,0.00026
1367,20.0,B,1367,0.00109,0.00472
5492,36.0,E,5492,0.00314,0.01059
7745,16.0,F,7745,0.1216,0.08035
144,40.0,A,144,0.03807,4e-05
3727,16.0,B,3727,0.00274,0.01734
538,36.0,E,538,0.00847,0.01824
3000,16.0,D,3000,0.01335,0.00958
1731,36.0,F,1731,0.07495,0.01446
5832,12.0,C,5832,0.09621,0.03166
6277,16.0,E,6277,0.03556,0.04547
7517,20.0,A,7517,0.00462,0.00699
3719,28.0,D,3719,0.04854,0.00157
5891,32.0,D,5891,0.14801,0.00047
6694,24.0,B,6694,0.0021,0.00328
4540,12.0,D,4540,0.01391,0.01898
3871,16.0,E,3871,0.00269,0.02077
1683,40.0,A,1683,0.00955,4e-05
3755,32.0,D,3755,0.00215,0.00206
6602,24.0,C,6602,0.01395,0.00233
1060,24.0,E,1060,0.11654,0.0042
4717,24.0,C,4717,0.01679,0.0139
3827,28.0,E,3827,0.0091,0.05682
9485,28.0,A,9485,0.02043,0.00062
8002,28.0,E,8002,0.00457,0.01417
2285,24.0,F,2285,0.0528,0.01703
5664,32.0,C,5664,0.00153,0.00744
447,32.0,A,447,0.00705,0.0002
5164,24.0,E,5164,0.00817,0.00308
4281,20.0,A,4281,0.0347,0.00725
9268,28.0,E,9268,0.00289,0.02994
779,24.0,B,779,0.02362,0.00196
2800,16.0,E,2800,0.0064,0.02646
3049,40.0,F,3049,0.0042,0.03891
1828,24.0,F,1828,0.03151,0.00625
9520,24.0,A,9520,0.02161,0.00307
2634,28.0,C,2634,0.0069,0.00149
9927,24.0,C,9927,0.00807,0.0056
2114,36.0,A,2114,0.04908,0.00017
1643,40.0,D,1643,0.27585,0.00219
4524,20.0,D,4524,0.01483,0.00935
2287,16.0,D,2287,0.00529,0.01127
7667,36.0,F,7667,0.0659,0.01317
6240,40.0,C,6240,0.02201,0.00645
110,20.0,F,110,0.01085,0.05071
9033,36.0,F,9033,0.02708,0.04163
1177,16.0,D,1177,0.03104,0.03439
4886,32.0,F,4886,0.03444,0.07489
1418,32.0,E,1418,0.00296,0.01341
3816,20.0,E,3816,0.00866,0.01008
3368,32.0,F,3368,0.00272,0.01173
9015,16.0,D,9015,0.01672,0.03356
9881,20.0,B,9881,0.00765,0.00146
7485,40.0,B,7485,0.11516,0.00083
29,32.0,B,29,0.0008,0.00068
885,16.0,B,885,0.01607,0.01065
5054,24.0,E,5054,0.00641,0.01646
3453,12.0,A,3453,0.08912,0.02018
3605,40.0,A,3605,0.01318,5e-05
609,16.0,A,609,0.06742,0.01475
7924,20.0,A,7924,0.02051,0.00348
8425,24.0,A,8425,0.01378,0.00166
7195,40.0,E,7195,0.02659,0.01736
7346,32.0,B,7346,0.05145,0.00048
2198,32.0,F,2198,0.31958,0.04974
4915,28.0,B,4915,0.00475,0.00161
9900,28.0,D,9900,0.0221,0.00179
918,28.0,B,918,0.01062,0.00126
7736,36.0,F,7736,0.00913,0.00459
4024,20.0,B,4024,0.02158,0.00541
3273,16.0,E,3273,0.01014,0.02099
8018,40.0,F,8018,0.21085,0.02113
1021,28.0,B,1021,0.00385,0.00117
4193,20.0,B,4193,0.00056,0.00505
1095,36.0,B,1095,0.00192,0.00063
7538,32.0,B,7538,0.00287,0.00111
9627,32.0,C,9627,0.00682,0.00522
9623,20.0,F,9623,0.03123,0.16584
2107,40.0,C,2107,0.83811,0.0054
5206,12.0,E,5206,0.169,0.03876
6296,28.0,D,6296,0.00839,0.00261
2664,12.0,F,2664,0.02731,0.0434
3797,28.0,D,3797,0.14698,0.00297
687,32.0,C,687,0.02791,0.00514
666,12.0,C,666,0.0219,0.02809
8777,16.0,F,8777,0.0149,0.02943
128,36.0,A,128,0.00651,0.00018
3331,36.0,C,3331,0.01406,0.0052
3185,16.0,A,3185,0.04562,0.01543
5054,28.0,C,5054,0.00717,0.00417
4047,24.0,A,4047,0.01932,0.0016
4921,16.0,C,4921,0.0865,0.01948
1277,24.0,D,1277,0.00454,0.00183
6555,32.0,A,6555,0.00959,0.00034
7692,16.0,A,7692,0.05305,0.01284
220,36.0,A,220,0.00452,0.00011
8266,32.0,D,8266,0.05581,0.01324
3691,16.0,B,3691,0.01306,0.01144
8467,20.0,C,8467,0.01951,0.01527
6853,32.0,E,6853,0.00759,0.00415
2965,24.0,C,2965,0.00593,0.00339
877,12.0,E,877,0.20505,0.03785
1607,36.0,B,1607,0.15643,0.00028
4903,16.0,D,4903,0.0265,0.02627
3418,28.0,A,3418,0.01505,0.00082
8223,28.0,D,8223,0.00303,0.00101
115,32.0,C,115,0.00133,0.00017
4701,20.0,C,4701,0.00671,0.00671
9493,16.0,F,9493,0.06025,0.03141
516,12.0,F,516,0.08231,0.15603
989,36.0,E,989,0.00154,0.04798
9336,20.0,E,9336,0.00369,0.00964
1215,32.0,B,1215,0.01,0.00066
209,32.0,D,209,0.11179,0.00482
7623,24.0,B,7623,0.00153,0.00202
2771,24.0,C,2771,0.01871,0.0013
4078,24.0,F,4078,0.00382,0.03269
8546,32.0,C,8546,0.00478,0.00413
8241,36.0,A,8241,0.01006,8e-05
9162,16.0,E,9162,0.00379,0.01217
8826,24.0,C,8826,0.00317,0.00426
371,40.0,F,371,0.00615,0.02069
5067,24.0,F,5067,0.00468,0.12634
4549,40.0,D,4549,0.00491,0.0012
2011,24.0,D,2011,0.02243,0.0013
9872,24.0,D,9872,0.01373,0.00336
2038,36.0,A,2038,0.05911,9e-05
9956,20.0,E,9956,0.02559,0.00879
5570,24.0,E,5570,0.01978,0.01785
2807,24.0,D,2807,0.07429,0.00355
6018,20.0,A,6018,0.01536,0.00328
4656,32.0,C,4656,0.04972,0.00372
7680,40.0,F,7680,0.01473,0.01666
6533,28.0,B,6533,0.02432,0.0005
7608,40.0,C,7608,0.0004,0.00029
3122,40.0,C,3122,0.11951,0.00213
8576,32.0,F,8576,0.02081,0.01703
3665,36.0,F,3665,0.00316,0.01239
1400,32.0,E,1400,0.01489,0.0087
3678,12.0,F,3678,0.03746,0.05198
6566,16.0,A,6566,0.01365,0.00932
8471,32.0,A,8471,0.04448,0.00037
4670,28.0,F,4670,0.01901,0.03287
1250,36.0,C,1250,0.01856,0.00142
353,20.0,E,353,0.01854,0.0155
4240,12.0,D,4240,0.01926,0.03964
8130,36.0,F,8130,0.00465,0.00858
1625,28.0,D,1625,0.07896,0.00132
1133,12.0,B,1133,0.00275,0.04658
8381,16.0,C,8381,0.00396,0.01267
9101,36.0,D,9101,0.0003,0.00339
4437,16.0,A,4437,0.04857,0.01185
6629,20.0,B,6629,0.02135,0.00558
6678,12.0,E,6678,0.02159,0.05881
1933,32.0,E,1933,0.00593,0.00338
380,28.0,C,380,0.07242,0.00965
9005,20.0,C,9005,0.00019,0.00856
3104,32.0,D,3104,0.00081,0.00126
5358,36.0,B,5358,0.02849,0.00066
1055,16.0,E,1055,0.02464,0.0197
3873,40.0,C,3873,0.0096,0.00202
6404,24.0,F,6404,0.00297,0.00914
4529,24.0,C,4529,0.01023,0.00326
4005,16.0,E,4005,0.01475,0.02908
6821,32.0,A,6821,0.02814,0.00039
9501,40.0,D,9501,0.00526,0.00158
2164,32.0,A,2164,0.0154,0.00038
319,20.0,F,319,0.01705,0.07269
2776,12.0,A,2776,0.05083,0.02928
3590,16.0,D,3590,0.03822,0.01516
8169,16.0,F,8169,0.03819,0.04802
5227,24.0,C,5227,0.06556,0.00294
4094,36.0,E,4094,0.01948,0.01155
5401,36.0,D,5401,0.00384,0.01428
2034,16.0,E,2034,0.00668,0.00974
1337,40.0,E,1337,0.01198,0.01313
5168,16.0,F,5168,0.12504,0.03788
5968,24.0,D,5968,0.01058,0.00531
6630,32.0,A,6630,0.01842,0.00031
1425,40.0,B,1425,0.07331,0.00086
3366,40.0,D,3366,0.0003,0.00062
2531,40.0,C,2531,0.00943,0.00611
3443,20.0,B,3443,0.09384,0.00519
9864,36.0,A,9864,0.0267,0.00024
9852,16.0,F,9852,0.02911,0.04943
6198,16.0,C,6198,0.074,0.01904
1732,28.0,A,1732,0.02213,0.00075
2019,20.0,E,2019,0.00926,0.01598
9892,16.0,D,9892,0.00331,0.05539
7819,36.0,D,7819,0.0008,0.00663
9476,28.0,B,9476,0.00975,0.00117
3199,36.0,E,3199,0.00344,0.0156
4709,36.0,F,4709,0.02633,0.05908
2574,20.0,F,2574,0.0073,0.01678
870,28.0,A,870,0.02541,0.00104
2904,24.0,F,2904,0.02456,0.01712
9654,20.0,F,9654,0.05172,0.04841
5595,28.0,E,5595,0.00918,0.0048
3457,12.0,E,3457,0.00891,0.02184
7739,20.0,F,7739,0.03806,0.03944
8069,28.0,B,8069,0.00084,0.001
198,16.0,F,198,0.01882,0.04046
121,12.0,D,121,0.02068,0.02087
5214,40.0,C,5214,0.03136,0.0073
9709,20.0,D,9709,0.14499,0.00523
7260,20.0,D,7260,0.05594,0.01056
9478,36.0,F,9478,0.11776,0.00314
3832,16.0,F,3832,0.00271,0.05437
2389,36.0,B,2389,0.00248,0.00018
5426,28.0,B,5426,0.30044,0.00036
4873,40.0,C,4873,0.01076,0.00115
5292,36.0,B,5292,0.02942,0.00022
8393,36.0,C,8393,0.04565,0.00137
9520,32.0,B,9520,0.00412,0.0006
9325,24.0,F,9325,0.04054,0.03131
9902,40.0,A,9902,0.03905,6e-05
7090,32.0,F,7090,0.0099,0.03586
5736,32.0,A,5736,0.01085,0.00047
4528,16.0,C,4528,0.20343,0.01652
6839,20.0,C,6839,0.15642,0.00436
6753,16.0,A,6753,0.11979,0.01758
2229,16.0,B,2229,0.0139,0.01435
9891,32.0,D,9891,0.00921,0.01256
4459,32.0,A,4459,0.06327,0.00015
7722,16.0,E,7722,0.00224,0.03571
2075,20.0,E,2075,0.01792,0.00943
5428,24.0,D,5428,0.00119,0.02196
4484,12.0,D,4484,0.05883,0.04334
6790,36.0,B,6790,0.00216,0.00071
7422,40.0,E,7422,0.11208,0.03258
1423,20.0,C,1423,0.02348,0.00633
85,28.0,C,85,0.06507,0.00386
1869,28.0,A,1869,0.02291,0.00064
8577,20.0,D,8577,0.00455,0.00698
5618,32.0,D,5618,0.03166,0.00125
6438,36.0,A,6438,0.03562,0.00015
5919,20.0,D,5919,0.00116,0.00403
8201,20.0,E,8201,0.02195,0.03422
9591,32.0,B,9591,0.07921,0.00031
385,28.0,E,385,0.01408,0.01707
3047,40.0,F,3047,0.03184,0.01257
9268,32.0,E,9268,0.07996,0.00962
6671,28.0,F,6671,0.01654,0.01708
4328,40.0,F,4328,0.00249,0.01075
368,40.0,C,368,0.00969,0.00249
6297,16.0,C,6297,0.03907,0.01304
8434,28.0,D,8434,0.03484,0.00535
483,36.0,D,483,0.00129,0.00337
3274,24.0,E,3274,0.06564,0.02328
1121,24.0,B,1121,0.03192,0.00116
3025,32.0,B,3025,0.00051,0.00053
7642,36.0,D,7642,0.00373,0.00428
6355,32.0,F,6355,0.04665,0.01254
1751,28.0,F,1751,0.03422,0.03618
8968,36.0,C,8968,0.46565,0.00339
3931,20.0,A,3931,0.01624,0.00838
2858,24.0,A,2858,0.02063,0.00284
440,36.0,B,440,0.0053,0.00015
7756,32.0,A,7756,0.02014,0.00033
1907,32.0,C,1907,0.01113,0.00062
4335,32.0,E,4335,0.07096,0.00272
8490,24.0,C,8490,0.00429,0.00244
2273,32.0,F,2273,0.00633,0.12381
9971,28.0,E,9971,0.0013,0.01292
1559,36.0,B,1559,0.00314,0.00088
4937,40.0,B,4937,0.02776,0.00027
910,36.0,D,910,0.00166,0.00318
7233,16.0,F,7233,0.11148,0.07818
7417,20.0,F,7417,0.00538,0.01839
970,36.0,D,970,0.00209,0.00225
8380,12.0,A,8380,0.16755,0.02898
5327,12.0,C,5327,0.01218,0.04725
3820,28.0,F,3820,0.01573,0.00883
260,20.0,B,260,0.00479,0.00979
4834,12.0,C,4834,0.06334,0.05017
9075,28.0,D,9075,0.00456,0.0038
710,32.0,A,710,0.011,0.00029
7805,32.0,E,7805,0.02507,0.01456
1886,40.0,D,1886,0.00733,0.00235
686,20.0,B,686,0.00986,0.00539
5346,20.0,B,5346,0.02117,0.00666
6671,40.0,F,6671,0.03556,0.16361
4633,20.0,D,4633,0.12438,0.00398
6045,28.0,D,6045,0.00684,0.00288
85,32.0,F,85,0.00317,0.01347
8789,32.0,F,8789,0.03847,0.00538
8846,28.0,F,8846,0.05848,0.00851
7367,36.0,E,7367,0.00834,0.00928
1351,40.0,B,1351,0.00569,5e-05
8978,16.0,B,8978,0.05169,0.01829
7991,20.0,F,7991,0.09532,0.08019
3977,32.0,B,3977,0.39008,0.00034
3147,28.0,C,3147,0.06908,0.00094
1474,20.0,B,1474,0.01273,0.00248
8686,28.0,F,8686,0.00793,0.06851
9595,28.0,D,9595,0.00735,0.0036
6381,12.0,E,6381,0.03902,0.02518
5673,36.0,A,5673,0.02115,0.00017
9383,40.0,E,9383,0.00328,0.00339
1729,20.0,F,1729,0.05476,0.02709
3361,28.0,B,3361,0.11898,0.00091
4071,20.0,C,4071,0.00141,0.00581
6003,24.0,C,6003,0.01258,0.00378
9502,24.0,B,9502,0.00806,0.00313
3504,20.0,D,3504,0.03082,0.0042
2309,36.0,E,2309,0.00033,0.00177
3162,20.0,E,3162,0.01565,0.01995
1876,32.0,B,1876,0.04999,0.00325
3740,40.0,B,3740,0.01931,0.00067
5994,12.0,D,5994,0.00178,0.03191
182,12.0,A,182,0.13019,0.04253
1118,24.0,C,1118,0.01262,0.00365
7855,32.0,A,7855,0.01382,0.00018
898,32.0,B,898,0.07986,0.00034
7234,16.0,F,7234,0.00755,0.05349
4624,24.0,C,4624,0.00598,0.00562
7366,24.0,B,7366,0.0155,0.00266
3805,20.0,D,3805,0.01156,0.00339
1939,20.0,C,1939,0.13864,0.00599
8946,36.0,F,8946,0.04881,0.00773
340,12.0,C,340,0.01767,0.02715
2736,12.0,E,2736,0.06472,0.07981
6121,12.0,B,6121,0.00167,0.02177
6712,36.0,C,6712,0.01088,0.00557
992,28.0,A,992,0.04194,0.00055
8244,32.0,F,8244,0.01619,0.0595
9653,24.0,F,9653,0.02918,0.02359
8319,20.0,D,8319,0.01183,0.01477
7964,32.0,C,7964,0.00695,0.00335
1304,36.0,B,1304,0.03021,0.00029
9860,28.0,A,9860,0.01264,0.00054
3319,40.0,D,3319,0.04004,0.00323
5786,16.0,B,5786,0.00167,0.01493
4705,28.0,F,4705,0.03861,0.00634
5907,32.0,F,5907,0.00192,0.01244
2885,24.0,F,2885,0.02194,0.04968
6530,40.0,A,6530,0.02562,5e-05
703,12.0,B,703,0.00817,0.02431
593,40.0,E,593,0.1275,0.00528
7093,36.0,F,7093,0.03273,0.0099
759,24.0,F,759,0.05647,0.02896
4285,24.0,F,4285,0.01873,0.05783
5784,36.0,B,5784,0.00058,0.00045
6123,24.0,F,6123,0.0144,0.02509
2272,12.0,B,2272,0.08181,0.0378
7307,16.0,B,7307,0.00598,0.01145
8247,32.0,A,8247,0.00927,0.00024
6059,36.0,A,6059,0.04998,0.0001
2462,20.0,F,2462,0.07889,0.06658
8993,16.0,A,8993,0.06075,0.01355
8017,28.0,D,8017,0.10898,0.00261
3488,16.0,E,3488,0.01092,0.02841
772,28.0,D,772,0.00663,0.00177
2918,32.0,B,2918,0.01333,0.00021
9406,20.0,B,9406,0.06822,0.00397
3117,24.0,F,3117,0.01323,0.00286
5406,36.0,F,5406,0.00664,0.01462
9072,20.0,E,9072,0.0209,0.00622
2067,16.0,D,2067,0.02556,0.02349
8989,24.0,A,8989,0.02058,0.00288
4802,24.0,E,4802,0.01839,0.00142
6077,28.0,B,6077,0.32381,0.00145
5912,24.0,F,5912,0.01194,0.03158
2015,16.0,B,2015,0.00985,0.02175
7695,24.0,D,7695,0.02897,0.00362
1365,12.0,F,1365,0.20237,0.15856
9293,28.0,F,9293,0.20623,0.132
4925,24.0,B,4925,0.00354,0.00361
8663,16.0,D,8663,0.07743,0.01361
8705,24.0,A,8705,0.02064,0.00201
9715,20.0,B,9715,0.00042,0.0041
1510,36.0,E,1510,0.00769,0.01115
621,28.0,C,621,0.00458,0.00179
3543,16.0,C,3543,0.00225,0.01842
8870,20.0,D,8870,0.01846,0.0146
4942,28.0,E,4942,0.1287,0.00177
6899,40.0,C,6899,0.05737,0.00221
3534,24.0,B,3534,0.03093,0.00391
5164,28.0,B,5164,0.00654,0.00098
8852,16.0,C,8852,0.01959,0.01295
2710,32.0,F,2710,0.00285,0.06119
3034,36.0,A,3034,0.00949,0.00013
3163,28.0,D,3163,0.03958,0.00137
1483,28.0,D,1483,0.00894,0.00421
3417,12.0,C,3417,0.05846,0.02489
3207,16.0,A,3207,0.18015,0.01847
9514,40.0,C,9514,0.04284,0.0113
768,12.0,B,768,0.01277,0.0407
7704,16.0,F,7704,0.00897,0.03863
2904,36.0,C,2904,0.0245,0.00303
1431,36.0,F,1431,0.01265,0.01522
5176,32.0,C,5176,0.07931,0.00934
7906,40.0,E,7906,0.07885,0.00968
2035,24.0,B,2035,0.06673,0.00277
2344,28.0,F,2344,0.01046,0.13625
9289,36.0,B,9289,0.00179,0.00025
7922,28.0,B,7922,0.01496,0.00249
6148,20.0,C,6148,0.00219,0.01061
8193,24.0,F,8193,0.04887,0.00449
3320,20.0,E,3320,0.01238,0.03162
9920,28.0,A,9920,0.06212,0.00065
2018,28.0,F,2018,0.02112,0.03763
5255,20.0,C,5255,0.01288,0.00829
3033,40.0,A,3033,0.01064,8e-05
1807,24.0,B,1807,0.0006,0.00174
8834,32.0,A,8834,0.02515,0.00054
9232,36.0,A,9232,0.02104,0.00017
3341,28.0,F,3341,0.00137,0.01445
4392,36.0,A,4392,0.02783,0.00019
3687,36.0,E,3687,0.00942,0.00497
5517,12.0,A,5517,0.1039,0.04322
1040,24.0,F,1040,0.02644,0.05964
3994,24.0,B,3994,0.0687,0.00186
2189,28.0,D,2189,0.00831,0.0124
7696,20.0,E,7696,0.01776,0.00327
5149,40.0,C,5149,0.18286,0.00082
2302,16.0,D,2302,0.01735,0.00612
8563,20.0,B,8563,0.00394,0.00585
2509,20.0,E,2509,0.01734,0.0264
7497,32.0,D,7497,0.00631,0.0006
3158,28.0,D,3158,0.00719,0.00847
5867,40.0,A,5867,0.0431,5e-05
8831,24.0,F,8831,0.01998,0.02157
5695,12.0,D,5695,0.01324,0.05205
6650,20.0,D,6650,0.00974,0.0087
7363,12.0,B,7363,0.68509,0.05249
4333,12.0,E,4333,0.01001,0.03527
8895,32.0,E,8895,0.00248,0.01921
9125,20.0,B,9125,0.08939,0.01151
9956,16.0,C,9956,0.00598,0.01364
1231,28.0,A,1231,0.0039,0.00056
6855,12.0,A,6855,0.08995,0.03835
5568,20.0,F,5568,0.03696,0.01386
2820,12.0,D,2820,0.00933,0.02804
8312,40.0,C,8312,0.00249,0.01098
8490,32.0,B,8490,0.00667,0.00039
360,40.0,B,360,0.00613,0.00019
9739,40.0,A,9739,0.02834,3e-05
9914,36.0,D,9914,0.23517,0.00023
9887,36.0,F,9887,0.07858,0.07716
1252,32.0,F,1252,0.03777,0.00555
3029,24.0,C,3029,0.00429,0.00324
6854,24.0,E,6854,0.01098,0.01405
5503,32.0,E,5503,0.04685,0.01317
5616,16.0,A,5616,0.02688,0.01714
2999,40.0,B,2999,0.00238,0.00024
9531,32.0,E,9531,0.01151,0.05502
6154,16.0,C,6154,0.01305,0.026
9429,40.0,B,9429,0.00764,0.00096
3804,12.0,A,3804,0.09072,0.02835
269,28.0,C,269,0.05114,0.00081
262,12.0,D,262,0.0134,0.04428
4657,40.0,F,4657,0.01835,0.01222
981,24.0,D,981,0.05492,0.00189
4089,12.0,B,4089,0.04528,0.01892
9000,28.0,F,9000,0.00647,0.03599
7404,24.0,B,7404,0.00495,0.00148
4688,28.0,D,4688,0.13016,0.00484
7139,40.0,D,7139,0.01014,0.00281
5504,12.0,C,5504,0.00778,0.03478
7965,16.0,F,7965,0.01673,0.0215
5028,40.0,F,5028,0.02559,0.01517
9736,24.0,A,9736,0.03094,0.00114
7733,20.0,C,7733,0.00287,0.00471
2342,40.0,B,2342,0.01759,5e-05
8319,32.0,A,8319,0.00138,0.00023
8194,16.0,C,8194,0.04369,0.00806
8597,16.0,B,8597,0.00217,0.00399
7735,32.0,E,7735,0.05733,0.00832
2104,16.0,A,2104,0.04936,0.00551
4500,16.0,C,4500,0.02665,0.00962
4809,24.0,C,4809,0.00781,0.00352
2233,28.0,F,2233,0.10074,0.05367
9747,16.0,C,9747,0.15821,0.01247
9753,36.0,B,9753,0.0096,0.00064
7437,24.0,C,7437,0.48119,0.00514
8742,40.0,D,8742,0.02049,0.00224
3304,16.0,B,3304,0.01522,0.01446
3888,24.0,E,3888,0.02232,0.01792
3244,16.0,A,3244,0.02073,0.01507
6775,12.0,D,6775,0.00934,0.02282
6768,24.0,A,6768,0.0685,0.00167
4017,40.0,D,4017,0.01002,0.00819
170,16.0,C,170,0.01011,0.01411
595,20.0,A,595,0.0143,0.00356
7369,28.0,E,7369,0.01224,0.06926
5518,40.0,C,5518,0.01192,0.00174
4701,28.0,D,4701,0.07294,0.00761
6488,12.0,C,6488,0.05569,0.04093
2144,24.0,A,2144,0.04236,0.00286
2975,16.0,B,2975,0.03395,0.01856
6959,20.0,B,6959,0.04773,0.00362
8011,40.0,E,8011,0.05268,0.02436
1214,40.0,F,1214,0.0222,0.03987
1069,16.0,E,1069,0.05249,0.02771
2352,32.0,D,2352,0.01445,0.00582
6088,32.0,C,6088,0.00407,0.00235
1794,16.0,D,1794,0.02032,0.0049
8558,32.0,F,8558,0.00198,0.04684
6995,24.0,F,6995,0.00956,0.028
1163,36.0,C,1163,0.0183,0.00021
5454,28.0,A,5454,0.03044,0.00095
2538,16.0,A,2538,0.05995,0.01045
7642,24.0,B,7642,0.01145,0.00283
7586,32.0,F,7586,0.01716,0.14923
816,32.0,F,816,0.0198,0.0176
173,36.0,F,173,0.00498,0.07976
8285,32.0,A,8285,0.04809,0.00049
1521,36.0,B,1521,0.01252,0.00049
1427,20.0,B,1427,0.00976,0.00484
3853,36.0,B,3853,0.27339,0.00019
9657,16.0,F,9657,0.00901,0.03192
3243,12.0,C,3243,0.18261,0.02974
2503,16.0,B,2503,0.03786,0.00793
7120,28.0,C,7120,0.01545,0.00349
5077,16.0,F,5077,0.01927,0.16691
550,36.0,A,550,0.02316,0.00021
1743,40.0,B,1743,0.00965,0.00031
9796,16.0,E,9796,0.00152,0.02029
4595,36.0,D,4595,0.01801,0.00023
797,40.0,A,797,0.05882,5e-05
7063,16.0,A,7063,0.0326,0.02167
2198,16.0,C,2198,0.03071,0.00822
928,40.0,E,928,0.04899,0.00233
593,12.0,D,593,0.02125,0.03344
5286,16.0,A,5286,0.05962,0.01206
2627,32.0,A,2627,0.02802,0.00036
6038,40.0,C,6038,0.00405,0.00017
7273,16.0,A,7273,0.03794,0.02098
9069,40.0,F,9069,0.03383,0.00494
4067,12.0,E,4067,0.03272,0.05101
3018,36.0,C,3018,0.05958,0.0005
8007,16.0,C,8007,0.02026,0.01275
1477,20.0,A,1477,0.04697,0.00317
935,16.0,B,935,0.00518,0.01836
9799,16.0,C,9799,0.00091,0.00983
6326,20.0,E,6326,0.03036,0.01468
2069,16.0,F,2069,0.01803,0.0487
3435,28.0,A,3435,0.02449,0.0007
487,24.0,D,487,0.03303,0.00248
3610,32.0,A,3610,0.01878,0.00028
1118,32.0,B,1118,0.01373,0.00039
3447,28.0,E,3447,0.02042,0.0042
6841,20.0,C,6841,0.02814,0.01514
4453,36.0,A,4453,0.01778,7e-05
3937,20.0,A,3937,0.05446,0.00213
3762,24.0,A,3762,0.05532,0.00246
96,36.0,F,96,0.00422,0.03019
7988,36.0,F,7988,0.05615,0.00529
6775,28.0,C,6775,0.0066,0.00164
4145,28.0,D,4145,0.01974,0.00146
5463,16.0,F,5463,0.02383,0.03096
3704,16.0,B,3704,0.04817,0.015
2931,20.0,C,2931,0.02013,0.01514
8650,16.0,A,8650,0.07484,0.01116
100,24.0,F,100,0.0322,0.01093
8523,40.0,D,8523,0.00419,0.00837
2022,20.0,F,2022,0.01743,0.07788
8381,24.0,A,8381,0.00679,0.0015
2232,36.0,D,2232,0.00627,0.00507
16,16.0,B,16,0.01207,0.01547
8496,16.0,E,8496,0.00621,0.01998
8864,32.0,F,8864,0.0039,0.08427
5274,16.0,D,5274,0.00338,0.01118
8089,20.0,B,8089,0.01609,0.00376
9149,20.0,E,9149,0.00757,0.0054
3497,12.0,A,3497,0.10557,0.02848
4868,40.0,F,4868,0.00796,0.01189
695,40.0,F,695,0.01791,0.03949
2983,24.0,C,2983,0.00773,0.00281
4560,28.0,D,4560,0.03369,0.00388
2566,32.0,E,2566,0.11355,0.0162
8653,20.0,F,8653,0.0445,0.04981
8334,20.0,A,8334,0.00232,0.00501
3731,16.0,C,3731,0.02832,0.00897
8586,20.0,A,8586,0.03386,0.00612
3246,40.0,A,3246,0.02987,3e-05
7669,20.0,D,7669,0.01998,0.00442
6514,28.0,E,6514,0.0166,0.00343
1743,12.0,C,1743,0.01555,0.04529
3158,24.0,B,3158,0.01431,0.00242
7234,36.0,E,7234,0.02984,0.00627
2745,20.0,D,2745,0.00436,0.01335
3439,28.0,D,3439,0.16336,0.0028
61,28.0,B,61,0.1357,0.00072
4507,40.0,E,4507,0.01548,0.01076
1504,28.0,E,1504,0.00284,0.01082
3955,20.0,C,3955,0.1081,0.00518
3813,32.0,D,3813,0.02416,0.00197
7621,32.0,C,7621,0.00272,0.00114
2972,28.0,B,2972,0.05911,0.00157
6884,24.0,B,6884,0.08206,0.00233
2590,16.0,B,2590,0.00955,0.00916
9389,36.0,B,9389,0.0479,0.00022
9106,40.0,A,9106,0.00661,4e-05
9558,28.0,F,9558,0.00246,0.02718
1928,40.0,A,1928,0.00485,5e-05
8549,36.0,E,8549,0.01284,0.07134
3773,20.0,B,3773,0.02297,0.00831
923,32.0,D,923,0.00209,0.00415
2319,24.0,F,2319,0.01643,0.0064
1798,24.0,C,1798,0.01878,0.00349
4517,20.0,F,4517,0.00531,0.05211
3354,40.0,F,3354,0.02114,0.04325
9164,40.0,C,9164,0.0084,0.001
1404,16.0,C,1404,0.03025,0.00837
8671,36.0,F,8671,0.01467,0.04924
4308,28.0,A,4308,0.04554,0.00104
6912,36.0,A,6912,0.01751,0.00013
4473,28.0,F,4473,0.02642,0.11072
3383,36.0,A,3383,0.02567,9e-05
5892,16.0,B,5892,0.00283,0.01919
1285,36.0,E,1285,0.07039,0.01538
7832,28.0,F,7832,0.01022,0.01624
1479,20.0,F,1479,0.02,0.02236
6025,12.0,A,6025,0.07715,0.02122
1049,12.0,B,1049,0.05935,0.05058
2351,28.0,C,2351,0.00684,0.00231
1491,20.0,E,1491,0.00155,0.00945
1335,32.0,A,1335,0.03198,0.00065
923,24.0,E,923,0.01951,0.00821
7117,24.0,D,7117,0.00157,0.00362
2013,40.0,B,2013,0.00925,8e-05
176,12.0,B,176,0.09478,0.02272
9802,16.0,F,9802,0.06507,0.03703
5654,40.0,C,5654,0.03062,0.00161
6567,40.0,F,6567,0.06953,0.02666
6993,28.0,D,6993,0.11674,0.01068
9736,20.0,A,9736,0.06432,0.00313
8422,20.0,C,8422,0.04847,0.00662
9424,28.0,D,9424,0.00594,0.00148
8792,36.0,D,8792,0.01082,0.00349
6393,32.0,C,6393,0.01201,0.00088
240,16.0,C,240,0.01915,0.0127
1662,28.0,D,1662,0.0022,0.00226
7887,28.0,E,7887,0.0031,0.01048
3615,20.0,A,3615,0.04895,0.00297
3057,28.0,A,3057,0.04401,0.00076
2543,28.0,C,2543,0.00139,0.00353
4497,16.0,E,4497,0.0163,0.03866
4732,24.0,E,4732,0.01607,0.00645
639,12.0,A,639,0.15289,0.02634
4458,16.0,B,4458,0.15802,0.01833
8002,24.0,A,8002,0.05745,0.00348
2714,20.0,C,2714,0.04371,0.00758
4797,16.0,F,4797,0.08808,0.04164
3305,16.0,C,3305,0.00588,0.00373
1124,28.0,C,1124,0.18474,0.00128
494,16.0,D,494,0.02535,0.02393
5856,32.0,A,5856,0.04888,0.00029
6436,12.0,B,6436,0.00255,0.04114
3541,32.0,C,3541,0.00026,0.00099
8561,40.0,C,8561,0.02145,0.00033
5903,32.0,B,5903,0.09282,0.00109
9341,40.0,A,9341,0.03167,3e-05
8590,32.0,F,8590,0.01244,0.03311
8077,36.0,A,8077,0.00745,0.00015
8981,20.0,B,8981,0.00096,0.00437
1213,16.0,B,1213,0.01049,0.01104
1233,36.0,F,1233,0.00361,0.07718
5231,32.0,A,5231,0.01509,0.00051
6590,16.0,B,6590,0.00396,0.01992
4051,24.0,A,4051,0.06063,0.00219
2863,20.0,F,2863,0.00438,0.11487
7305,24.0,E,7305,0.00633,0.00376
6657,20.0,A,6657,0.01433,0.00371
4258,40.0,C,4258,0.04605,0.00544
6191,16.0,A,6191,0.03619,0.00492
9423,28.0,F,9423,0.00175,0.02909
8024,40.0,F,8024,0.002,0.02536
6440,12.0,A,6440,0.08,0.00713
7055,40.0,F,7055,0.03493,0.10709
3379,32.0,C,3379,0.02347,0.00123
7657,28.0,E,7657,0.00617,0.00632
5684,24.0,F,5684,0.02115,0.0559
3820,16.0,E,3820,0.0055,0.02092
3667,40.0,E,3667,0.00553,0.04485
9516,40.0,D,9516,0.01008,0.00605
5922,40.0,F,5922,0.08842,0.028
890,32.0,C,890,0.04232,0.00031
7746,24.0,C,7746,0.35024,0.00184
8383,28.0,E,8383,0.0347,0.05038
7829,32.0,E,7829,0.04441,0.01279
1060,12.0,F,1060,0.02596,0.01997
7714,24.0,C,7714,0.03986,0.01016
4149,28.0,A,4149,0.03376,0.00068
328,24.0,C,328,0.03388,0.00593
9803,28.0,F,9803,0.00239,0.04894
1806,36.0,C,1806,0.01428,0.00032
6753,40.0,F,6753,0.00948,0.022
137,32.0,A,137,0.00772,0.00012
1767,20.0,B,1767,0.00235,0.00509
23,28.0,F,23,0.04482,0.02111
3330,24.0,C,3330,0.0571,0.00145
9603,28.0,A,9603,0.03118,0.00099
2552,12.0,E,2552,0.01472,0.02619
671,28.0,B,671,0.00823,0.00084
2009,40.0,A,2009,0.0688,3e-05
5329,24.0,D,5329,0.04494,0.00892
404,24.0,E,404,0.00523,0.00575
6594,24.0,B,6594,0.05371,0.00231
6198,20.0,F,6198,0.01856,0.0428
7143,28.0,E,7143,0.00498,0.029
9835,32.0,E,9835,0.04982,0.00175
2932,40.0,A,2932,0.02869,6e-05
1803,40.0,D,1803,0.02685,0.00016
8970,24.0,B,8970,0.01206,0.00197
7504,36.0,B,7504,0.0582,0.00097
273,12.0,D,273,0.01001,0.02279
4184,36.0,E,4184,0.00625,0.03622
2947,24.0,A,2947,0.03969,0.00296
4723,36.0,E,4723,0.02162,0.00785
853,16.0,A,853,0.03999,0.00707
7938,16.0,A,7938,0.02511,0.00916
1536,32.0,F,1536,0.01874,0.01593
5330,20.0,C,5330,0.02069,0.00464
4476,16.0,E,4476,0.03956,0.02213
1301,24.0,E,1301,0.00421,0.00424
9004,20.0,C,9004,0.02397,0.00943
2458,32.0,C,2458,0.00078,0.00131
7079,16.0,E,7079,0.02255,0.01461
2235,36.0,E,2235,0.03988,0.00914
6449,16.0,B,6449,0.01366,0.01019
6121,32.0,D,6121,0.00472,0.00252
8374,40.0,A,8374,0.04254,5e-05
2571,12.0,F,2571,0.03713,0.11647
3616,24.0,B,3616,0.00329,0.00262
7625,40.0,A,7625,0.02602,6e-05
5404,16.0,E,5404,0.008,0.01501
8793,20.0,F,8793,0.00346,0.01524
8306,28.0,B,8306,0.00227,0.00182
5646,16.0,C,5646,0.01227,0.00998
9631,20.0,A,9631,0.02027,0.00483
785,40.0,B,785,0.00364,0.00041
9400,36.0,E,9400,0.24276,0.02229
6542,40.0,F,6542,0.01558,0.02584
1194,28.0,F,1194,0.03512,0.0469
2758,40.0,C,2758,0.39379,0.00207
5831,20.0,E,5831,0.01516,0.01615
9270,28.0,B,9270,0.01512,0.00124
9165,20.0,B,9165,0.07419,0.00412
2773,12.0,A,2773,0.07069,0.02681
671,12.0,F,671,0.01576,0.03996
8480,36.0,C,8480,0.02179,0.002
9759,28.0,D,9759,0.0196,0.00173
7654,40.0,F,7654,0.02959,0.00172
8644,32.0,C,8644,0.00866,0.01727
8146,12.0,A,8146,0.01718,0.02893
1059,16.0,C,1059,0.00165,0.01266
3348,40.0,B,3348,0.01902,0.00016
1611,40.0,E,1611,0.00098,0.00305
8787,36.0,E,8787,0.11936,0.00739
3444,16.0,F,3444,0.0263,0.06834
2299,24.0,D,2299,0.00403,0.00745
779,32.0,D,779,0.02779,0.00059
9180,28.0,C,9180,0.01015,0.00234
8272,16.0,B,8272,0.01716,0.00872
2267,36.0,E,2267,0.01738,0.00678
6054,40.0,E,6054,0.01797,0.01825
8065,16.0,F,8065,0.02558,0.01832
9684,40.0,E,9684,0.01925,0.01384
2726,36.0,E,2726,0.01676,0.00385
9173,20.0,D,9173,0.00775,0.01841
6269,24.0,A,6269,0.02584,0.00285
8015,20.0,A,8015,0.04435,0.00544
6902,12.0,C,6902,0.01406,0.03924
5446,12.0,B,5446,0.01144,0.03167
3539,40.0,B,3539,0.01964,0.00042
4059,16.0,F,4059,0.02438,0.07004
9680,24.0,D,9680,0.01025,0.0183
8999,24.0,A,8999,0.02708,0.00327
4872,24.0,D,4872,0.00743,0.00755
6949,36.0,B,6949,0.02385,0.00268
3776,28.0,F,3776,0.01126,0.01769
2276,24.0,B,2276,0.00048,0.00234
5890,28.0,E,5890,0.00403,0.01981
2126,20.0,F,2126,0.02554,0.02345
7260,24.0,A,7260,0.02338,0.00133
6198,36.0,B,6198,0.0013,0.00075
3907,32.0,A,3907,0.02917,0.00044
1465,28.0,D,1465,0.10534,0.00378
3480,40.0,B,3480,0.00667,0.00014
9198,28.0,A,9198,0.02428,0.00093
5791,40.0,A,5791,0.05215,4e-05
435,40.0,E,435,0.00628,0.00075
7026,12.0,B,7026,0.00761,0.02655
2977,24.0,D,2977,0.04404,0.00681
7044,16.0,D,7044,0.0023,0.01449
6055,28.0,C,6055,0.01251,0.00418
3144,36.0,F,3144,0.02913,0.0298
3952,36.0,E,3952,0.0118,0.00182
544,12.0,F,544,0.03149,0.08813
3248,16.0,A,3248,0.05642,0.0113
6089,32.0,D,6089,0.00862,0.00303
6079,40.0,C,6079,0.0188,0.00013
4102,20.0,D,4102,0.00502,0.00703
4050,16.0,E,4050,0.06951,0.03905
4584,28.0,D,4584,0.03457,0.00722
6619,32.0,B,6619,0.0027,0.00116
7408,16.0,D,7408,0.01023,0.01795
6300,20.0,B,6300,0.0082,0.00527
8947,24.0,F,8947,0.17112,0.14277
8139,28.0,A,8139,0.04647,0.00114
3858,12.0,B,3858,0.1012,0.02216
1133,20.0,B,1133,0.00143,0.00488
7934,32.0,F,7934,0.06195,0.01569
5706,16.0,F,5706,0.01045,0.04654
499,28.0,A,499,0.02294,0.00065
169,16.0,C,169,0.2094,0.01555
5603,40.0,C,5603,0.00367,0.01248
5575,40.0,B,5575,0.00084,0.00032
4264,12.0,B,4264,0.00464,0.02895
801,32.0,E,801,0.07652,0.07506
6686,36.0,A,6686,0.06137,0.00011
1806,28.0,D,1806,0.00151,0.00559
8521,40.0,A,8521,0.04035,3e-05
4023,24.0,C,4023,0.04917,0.00273
5186,20.0,E,5186,0.00726,0.03383
7445,24.0,D,7445,0.01494,0.00776
900,28.0,F,900,0.05318,0.04177
6030,12.0,C,6030,0.00327,0.0247
3491,36.0,D,3491,0.02124,0.01383
4825,32.0,A,4825,0.0357,0.00036
7169,20.0,D,7169,0.00099,0.0191
9702,24.0,D,9702,0.00115,0.00248
4946,36.0,F,4946,0.01916,0.03495
3881,16.0,E,3881,0.01557,0.04342
9149,40.0,F,9149,0.16275,0.02988
809,36.0,E,809,0.00339,0.00517
555,40.0,C,555,0.00274,0.00296
6403,16.0,C,6403,0.07734,0.00707
6870,36.0,C,6870,0.2134,0.00076
3576,40.0,C,3576,0.00133,0.00162
320,40.0,A,320,0.00084,4e-05
7929,28.0,D,7929,0.00044,0.00139
7070,40.0,F,7070,0.00732,0.00581
5180,24.0,C,5180,0.04904,0.00263
3064,20.0,C,3064,0.68194,0.00632
8763,28.0,D,8763,0.00647,0.00694
3388,12.0,C,3388,0.00448,0.05313
765,40.0,D,765,0.0207,0.00501
3155,20.0,B,3155,0.03152,0.00481
9937,36.0,F,9937,0.01792,0.09282
5849,16.0,D,5849,0.00714,0.01079
4427,40.0,C,4427,0.0353,0.00019
1415,12.0,B,1415,0.0316,0.03206
4987,32.0,C,4987,0.00779,0.00219
5448,24.0,D,5448,0.00935,0.00522
5100,36.0,E,5100,0.01824,0.01727
2759,36.0,C,2759,0.00547,0.00118
5095,20.0,D,5095,0.02258,0.01659
1436,16.0,F,1436,0.08076,0.12321
2910,16.0,F,2910,0.00607,0.01755
4393,12.0,D,4393,0.04541,0.04684
1226,24.0,D,1226,0.0415,0.013
4175,28.0,E,4175,0.01392,0.01346
1109,28.0,A,1109,0.01797,0.0007
9744,28.0,D,9744,0.03956,0.00114
9850,40.0,F,9850,0.02278,0.03028
6434,36.0,B,6434,0.00956,0.00044
4849,24.0,C,4849,0.00057,0.00398
1142,28.0,F,1142,0.22972,0.03352
1099,40.0,E,1099,0.01486,0.00951
7375,16.0,F,7375,0.03448,0.03527
4182,32.0,F,4182,0.01415,0.03032
6958,32.0,B,6958,0.00841,0.00053
7111,12.0,C,7111,0.02192,0.03582
341,28.0,C,341,0.00106,0.00093
2090,16.0,A,2090,0.10895,0.01352
4597,12.0,B,4597,0.00396,0.03977
7364,24.0,B,7364,0.00545,0.00217
779,28.0,A,779,0.04125,0.00116
6805,36.0,E,6805,0.00612,0.0117
2230,12.0,A,2230,0.05201,0.01926
4954,24.0,C,4954,0.61115,0.00326
1594,32.0,A,1594,0.01236,0.00031
1458,24.0,A,1458,0.01427,0.00198
5125,28.0,E,5125,0.02725,0.00766
6947,20.0,F,6947,0.00696,0.02514
6285,24.0,A,6285,0.07852,0.00196
2138,32.0,E,2138,0.01896,0.00293
1723,32.0,A,1723,0.03019,0.00039
4381,24.0,D,4381,0.00043,0.00432
8882,24.0,E,8882,0.24437,0.00517
9901,32.0,D,9901,0.01139,0.00066
9725,24.0,E,9725,0.00839,0.01095
1888,16.0,A,1888,0.23261,0.01744
6836,16.0,C,6836,0.0052,0.00866
382,12.0,E,382,0.07764,0.03941
6226,28.0,F,6226,0.00439,0.06419
3429,20.0,B,3429,0.02117,0.003
6003,16.0,D,6003,0.01199,0.01953
855,16.0,E,855,0.05387,0.01418
4672,32.0,B,4672,0.0027,0.00068
6581,16.0,D,6581,0.02259,0.01024
6480,24.0,A,6480,0.02937,0.00174
6844,16.0,D,6844,0.01997,0.01286
3900,16.0,C,3900,0.03795,0.01796
5572,28.0,C,5572,0.00172,0.00329
1540,32.0,A,1540,0.01485,0.00031
8867,16.0,A,8867,0.17781,0.00995
1746,40.0,B,1746,0.04372,0.00025
4662,32.0,A,4662,0.01901,0.00057
2339,12.0,C,2339,0.01312,0.02133
4190,36.0,D,4190,0.00377,0.00051
15,24.0,B,15,0.00142,0.00394
5390,20.0,F,5390,0.02367,0.01151
6291,32.0,D,6291,0.00357,0.00288
7700,36.0,E,7700,0.02094,0.00458
4887,40.0,A,4887,0.03577,6e-05
8900,36.0,E,8900,0.00469,0.00335
7381,12.0,B,7381,0.32999,0.04226
9511,28.0,A,9511,0.02981,0.00057
3811,36.0,D,3811,0.03908,0.00064
1530,16.0,A,1530,0.07729,0.00928
2378,32.0,C,2378,0.05148,0.00206
3160,32.0,B,3160,0.00218,0.00023
2851,16.0,E,2851,0.00395,0.02918
6313,16.0,E,6313,0.04666,0.02321
4822,40.0,D,4822,0.11221,0.00077
4585,24.0,F,4585,0.00965,0.02043
2768,36.0,B,2768,0.01198,0.00375
3452,40.0,B,3452,0.00771,6e-05
9968,28.0,F,9968,0.0222,0.00834
7808,20.0,E,7808,0.02192,0.01615
8352,24.0,D,8352,0.00383,0.00302
945,12.0,F,945,0.02528,0.06453
6979,12.0,B,6979,0.01194,0.03148
5248,36.0,F,5248,0.09744,0.03109
5360,28.0,A,5360,0.01934,0.0011
6752,36.0,B,6752,0.22913,0.00017
4585,20.0,D,4585,0.00654,0.00677
5418,32.0,F,5418,0.02846,0.02342
1548,36.0,F,1548,0.00401,0.00949
9116,32.0,D,9116,0.00245,0.00112
7349,20.0,B,7349,0.00178,0.00377
6977,40.0,A,6977,0.04359,9e-05
5085,28.0,C,5085,0.00586,0.00861
5463,36.0,B,5463,0.00986,0.00021
8308,16.0,F,8308,0.05164,0.02694
1541,20.0,E,1541,0.00406,0.01054
7029,36.0,E,7029,0.0008,0.00381
5692,24.0,B,5692,0.00347,0.00263
796,24.0,C,796,0.04222,0.00285
1751,12.0,E,1751,0.03676,0.01142
201,24.0,B,201,0.01625,0.00131
8068,32.0,B,8068,0.0076,0.0018
7253,16.0,C,7253,0.01501,0.00792
7712,36.0,D,7712,0.01427,0.00419
9977,36.0,B,9977,0.00618,0.00069
6318,28.0,D,6318,0.0394,0.02582
2237,40.0,C,2237,0.00557,0.00491
5881,32.0,E,5881,0.05774,0.00424
1025,16.0,E,1025,0.00242,0.02531
8907,32.0,C,8907,0.02185,0.00083
4138,16.0,C,4138,0.10911,0.01559
3896,36.0,C,3896,0.00956,0.00116
3343,32.0,D,3343,0.00441,0.00404
9950,32.0,E,9950,0.13423,0.00046
7909,16.0,E,7909,0.00514,0.01422
6028,32.0,F,6028,0.07664,0.00134
5904,32.0,E,5904,0.0448,0.01862
6151,40.0,A,6151,0.06211,5e-05
7928,28.0,D,7928,0.0107,0.03256
5730,36.0,C,5730,0.00445,0.00143
6566,16.0,F,6566,0.02343,0.03548
3658,20.0,B,3658,0.32443,0.00462
8866,36.0,F,8866,0.00675,0.00971
8413,24.0,E,8413,0.00546,0.01308
7814,24.0,B,7814,0.02343,0.00205
8232,36.0,F,8232,0.00148,0.01112
9196,36.0,D,9196,0.04684,0.0011
4552,24.0,B,4552,0.02756,0.00201
7260,16.0,E,7260,0.00113,0.01858
4690,24.0,F,4690,0.02892,0.03636
719,28.0,A,719,0.01557,0.00059
3144,20.0,A,3144,0.03145,0.00297
6541,20.0,A,6541,0.05185,0.00579
9385,28.0,D,9385,0.00198,0.0267
1543,20.0,C,1543,0.00307,0.00555
4743,32.0,D,4743,0.24599,0.00045
3438,28.0,E,3438,0.00707,0.00386
1251,36.0,B,1251,0.0227,0.00013
6349,24.0,A,6349,0.01923,0.00234
3470,32.0,A,3470,0.09343,0.00035
9516,40.0,B,9516,0.00255,0.00074
324,16.0,B,324,0.06068,0.00898
2952,32.0,C,2952,0.11341,0.00044
4838,24.0,E,4838,0.00048,0.00993
5232,32.0,C,5232,0.02341,0.00052
8555,36.0,C,8555,0.00627,0.00556
6619,24.0,E,6619,0.0088,0.00163
6969,36.0,F,6969,0.01652,0.04879
7611,16.0,B,7611,0.29633,0.00794
2355,24.0,E,2355,0.00274,0.07405
852,24.0,F,852,0.17366,0.018
4888,20.0,B,4888,0.00968,0.00328
1753,32.0,C,1753,0.01867,0.00119
1818,16.0,C,1818,0.04702,0.01891
4532,16.0,F,4532,0.01349,0.05261
8762,16.0,F,8762,0.00434,0.04076
4830,12.0,B,4830,0.00439,0.02194
2642,12.0,D,2642,0.00421,0.01974
3120,24.0,E,3120,0.01125,0.00816
3440,32.0,E,3440,0.07827,0.02074
1994,40.0,D,1994,0.00046,0.00013
4136,24.0,D,4136,0.00534,0.00561
4781,20.0,B,4781,0.0401,0.0044
3328,40.0,C,3328,0.04829,0.00054
626,32.0,D,626,0.00356,0.00305
6306,16.0,B,6306,0.01995,0.02864
929,12.0,C,929,0.02506,0.02835
7046,24.0,B,7046,0.00063,0.00181
4742,12.0,A,4742,0.11013,0.0228
3334,28.0,A,3334,0.02567,0.00052
269,12.0,A,269,0.02431,0.02492
8629,12.0,A,8629,0.07575,0.0368
2960,24.0,C,2960,0.022,0.00329
5382,16.0,E,5382,0.01094,0.03585
4991,32.0,C,4991,0.07484,0.00734
8420,40.0,F,8420,0.03951,0.05552
3461,12.0,B,3461,0.01151,0.04495
8297,16.0,D,8297,0.01175,0.01082
8273,20.0,B,8273,0.01525,0.01001
4821,16.0,D,4821,0.04413,0.00838
6295,20.0,F,6295,0.03659,0.01466
1139,28.0,B,1139,0.17888,0.00052
6528,36.0,B,6528,0.00914,0.00065
412,16.0,E,412,0.00079,0.02474
8842,20.0,E,8842,0.00487,0.01289
3970,32.0,A,3970,0.03085,0.00024
2034,20.0,A,2034,0.03814,0.00291
9105,28.0,D,9105,0.03265,0.004
9022,24.0,B,9022,0.38769,0.00183
7579,16.0,B,7579,0.00086,0.01097
5030,28.0,E,5030,0.01511,0.0067
2286,36.0,B,2286,0.01199,0.00032
9871,28.0,B,9871,0.01728,0.00326
958,20.0,C,958,0.03675,0.00767
7132,12.0,A,7132,0.18375,0.04734
5700,12.0,D,5700,0.06304,0.03833
8133,20.0,F,8133,0.01749,0.13952
892,20.0,D,892,0.04843,0.0067
895,32.0,F,895,0.00824,0.08088
1160,16.0,C,1160,0.0197,0.01051
8549,40.0,C,8549,0.0076,0.00031
3552,32.0,F,3552,0.00101,0.02747
8284,40.0,B,8284,0.0151,8e-05
1232,40.0,F,1232,0.02613,0.06837
3974,40.0,E,3974,0.00695,0.00414
900,24.0,D,900,0.00765,0.00213
6993,32.0,A,6993,0.0283,0.00024
5223,20.0,E,5223,0.04026,0.09354
6893,24.0,C,6893,0.00146,0.00139
7396,24.0,A,7396,0.03049,0.00124
3558,40.0,D,3558,0.03169,0.00285
1164,20.0,E,1164,0.00712,0.01745
2004,40.0,E,2004,0.01918,0.00454
5944,28.0,B,5944,0.03066,0.00161
798,28.0,C,798,0.00187,0.00068
1478,40.0,A,1478,0.00265,4e-05
2207,20.0,E,2207,0.01348,0.02775
2001,12.0,A,2001,0.05641,0.03746
3652,40.0,F,3652,0.05861,0.06955
9143,28.0,A,9143,0.03099,0.00067
218,32.0,F,218,0.0403,0.02052
7293,36.0,F,7293,0.00653,0.01066
2547,28.0,B,2547,0.04662,0.00179
6210,16.0,C,6210,0.0038,0.0085
8332,40.0,D,8332,0.00267,0.00511
8245,32.0,D,8245,0.06493,0.01278
6225,24.0,D,6225,0.00932,0.00406
4069,24.0,B,4069,0.00356,0.00254
2469,28.0,B,2469,0.02151,0.00059
8100,28.0,C,8100,0.00353,0.00232
5462,16.0,B,5462,0.02891,0.02649
3160,28.0,E,3160,0.02329,0.02997
5845,20.0,F,5845,0.0163,0.01429
2622,32.0,A,2622,0.02857,0.00034
6400,12.0,F,6400,0.00486,0.04809
949,20.0,D,949,0.00956,0.0043
7746,36.0,F,7746,0.01404,0.10092
3089,32.0,A,3089,0.09515,0.0002
3480,36.0,A,3480,0.02281,0.00018
6468,36.0,E,6468,0.02215,0.00339
5825,24.0,B,5825,0.00276,0.00373
8436,32.0,F,8436,0.00723,0.01333
8721,40.0,B,8721,0.01722,4e-05
2634,12.0,D,2634,0.00308,0.03239
2680,12.0,D,2680,0.0205,0.02862
5329,40.0,C,5329,0.00776,0.00059
7238,40.0,E,7238,0.10077,0.00365
7601,32.0,D,7601,0.00197,0.01049
3568,24.0,E,3568,0.00163,0.00638
5913,12.0,E,5913,0.06848,0.02343
3376,28.0,F,3376,0.00979,0.01899
4756,36.0,C,4756,0.00447,0.00015
4583,16.0,E,4583,0.03927,0.01306
1225,36.0,B,1225,0.00914,0.00033
1876,12.0,A,1876,0.08071,0.01365
3776,24.0,E,3776,0.0212,0.02025
9227,32.0,E,9227,0.00128,0.00373
2109,24.0,A,2109,0.02984,0.00268
8571,36.0,D,8571,0.43109,0.01266
5089,16.0,A,5089,0.01726,0.01738
3279,20.0,C,3279,0.02112,0.00437
548,28.0,A,548,0.02493,0.0009
9914,36.0,C,9914,0.02752,0.00392
4031,36.0,A,4031,0.03129,0.00013
9423,36.0,C,9423,0.00332,0.00031
9416,20.0,D,9416,0.01157,0.01209
2927,20.0,F,2927,0.00784,0.06625
6555,12.0,B,6555,0.0217,0.02084
6604,32.0,D,6604,0.01811,0.02082
941,16.0,F,941,0.02851,0.03742
1919,32.0,C,1919,0.01053,0.00128
3623,24.0,A,3623,0.03001,0.0025
1552,28.0,C,1552,0.07955,0.00114
1946,16.0,D,1946,0.00954,0.02517
3455,28.0,D,3455,0.01293,0.00116
6751,32.0,C,6751,0.01323,0.00053
5319,36.0,F,5319,0.01716,0.02995
5492,28.0,C,5492,0.00714,0.0039
2667,28.0,E,2667,0.02389,0.03552
4299,28.0,F,4299,0.00737,0.01216
8130,32.0,C,8130,0.01274,0.00112
5688,40.0,B,5688,0.01184,0.00029
1021,36.0,C,1021,0.01218,0.00848
8553,16.0,F,8553,0.0074,0.07045
2206,12.0,A,2206,0.03975,0.02374
4375,12.0,E,4375,0.03561,0.04702
7534,28.0,A,7534,0.01975,0.00072
1982,28.0,D,1982,0.02518,0.00198
6720,24.0,E,6720,0.00985,0.00408
2747,40.0,C,2747,0.017,0.00081
439,12.0,D,439,0.00912,0.05035
65,20.0,A,65,0.02621,0.00321
4776,12.0,F,4776,0.03842,0.03394
8060,32.0,F,8060,0.0485,0.02203
2192,40.0,C,2192,0.03061,0.00539
7417,20.0,B,7417,0.27496,0.00549
8813,32.0,A,8813,0.01288,0.00032
4265,20.0,A,4265,0.02754,0.00484
2758,36.0,F,2758,0.37072,0.08514
2710,24.0,E,2710,0.00072,0.03085
5541,36.0,F,5541,0.03123,0.0539
2515,24.0,B,2515,0.11922,0.00173
5109,20.0,A,5109,0.02729,0.00469
8581,16.0,E,8581,0.097,0.03045
3907,20.0,D,3907,0.11067,0.03135
7686,28.0,D,7686,0.06711,0.00107
1162,24.0,D,1162,0.00597,0.00103
6373,36.0,B,6373,0.00165,0.00114
6702,28.0,D,6702,0.01001,0.00143
5078,12.0,B,5078,0.80381,0.03378
195,28.0,F,195,0.0101,0.03049
8170,16.0,C,8170,0.00536,0.01638
8886,28.0,C,8886,0.00554,0.00668
4347,40.0,E,4347,0.00463,0.0048
2554,36.0,D,2554,0.03047,0.00408
1821,32.0,B,1821,0.00466,0.00252
883,16.0,A,883,0.06755,0.01155
7459,28.0,E,7459,0.30048,0.00947
6010,20.0,A,6010,0.0377,0.00484
939,24.0,F,939,0.00907,0.0317
5158,24.0,D,5158,0.02101,0.00766
726,28.0,C,726,0.00788,0.00705
4617,24.0,A,4617,0.01489,0.00127
667,40.0,A,667,0.01194,6e-05
2373,16.0,E,2373,0.02222,0.05424
9134,36.0,E,9134,0.01097,0.02579
7854,32.0,D,7854,0.01427,0.01829
3580,28.0,A,3580,0.02473,0.00073
420,28.0,C,420,0.02079,0.00145
6200,40.0,D,6200,0.00712,0.00026
2627,40.0,B,2627,0.01957,7e-05
8565,20.0,E,8565,0.00778,0.00842
7528,20.0,D,7528,0.00372,0.01169
119,16.0,C,119,0.02674,0.01289
803,32.0,F,803,0.01674,0.01059
1896,40.0,C,1896,0.00825,0.00016
4266,24.0,E,4266,0.00148,0.01844
5132,36.0,F,5132,0.02351,0.01548
1263,40.0,F,1263,0.00715,0.03123
4901,32.0,F,4901,0.00863,0.00112
4217,20.0,F,4217,0.03968,0.08846
5631,40.0,D,5631,0.04142,0.00439
9550,16.0,E,9550,0.0597,0.01718
2966,12.0,D,2966,0.01545,0.05995
1204,28.0,A,1204,0.02728,0.00081
4538,12.0,D,4538,0.00715,0.03712
2093,32.0,E,2093,0.24066,0.00282
5762,20.0,C,5762,0.00859,0.00339
4042,20.0,E,4042,0.01068,0.05824
827,16.0,E,827,0.03835,0.07707
8706,16.0,C,8706,0.01498,0.01466
8268,36.0,B,8268,0.02063,0.00022
1322,12.0,E,1322,0.00603,0.03185
7035,28.0,D,7035,0.001,0.01182
4987,36.0,D,4987,0.00214,0.00318
4957,40.0,C,4957,0.08566,0.00179
7964,28.0,F,7964,0.04252,0.0206
7135,28.0,B,7135,0.00692,0.00054
7392,32.0,D,7392,0.01723,0.00384
5317,32.0,D,5317,0.00168,0.00094
5328,20.0,A,5328,0.02106,0.00814
6631,36.0,A,6631,0.03838,0.00016
56,12.0,A,56,0.03572,0.02517
3022,16.0,C,3022,0.20103,0.01109
9704,36.0,B,9704,0.00194,0.00021
1308,32.0,B,1308,0.0466,0.00068
8282,16.0,A,8282,0.05651,0.02474
2495,32.0,C,2495,0.00771,0.00108
8461,20.0,C,8461,0.00147,0.00697
4659,16.0,C,4659,0.01677,0.00722
2159,24.0,C,2159,0.03173,0.00761
955,20.0,C,955,0.00711,0.00494
4551,32.0,F,4551,0.06409,0.02917
4187,36.0,B,4187,0.0076,0.00022
1709,40.0,E,1709,0.00105,0.01333
7901,36.0,C,7901,0.00882,0.0004
38,36.0,C,38,0.00018,0.00039
2869,32.0,D,2869,0.00077,0.001
5259,16.0,A,5259,0.05312,0.00816
689,24.0,F,689,0.02521,0.01689
2576,20.0,A,2576,0.04643,0.00547
7459,40.0,C,7459,0.00621,0.0002
795,36.0,A,795,0.12527,8e-05
5264,28.0,D,5264,0.038,0.01527
8828,24.0,E,8828,0.02478,0.0617
1002,28.0,A,1002,0.07177,0.00085
1258,28.0,D,1258,0.23816,0.00141
3744,16.0,F,3744,0.0094,0.09429
305,40.0,D,305,0.11024,0.00031
98,32.0,D,98,0.0063,0.0058
5877,24.0,F,5877,0.01089,0.0315
5073,40.0,E,5073,0.00873,0.00902
1703,16.0,B,1703,0.00151,0.01194
4093,36.0,C,4093,0.0007,0.00016
4788,28.0,B,4788,0.00604,0.00169
2924,32.0,D,2924,0.04823,0.00424
9247,24.0,C,9247,0.01019,0.00642
7092,32.0,B,7092,0.02508,0.00055
5821,20.0,C,5821,0.03738,0.02115
8572,36.0,F,8572,0.04846,0.01011
9313,36.0,F,9313,0.01859,0.01178
5808,20.0,C,5808,0.00268,0.00391
2773,20.0,D,2773,0.00287,0.00767
3266,24.0,C,3266,0.00025,0.00341
4369,16.0,D,4369,0.00053,0.01483
3617,20.0,E,3617,0.00217,0.0036
7356,24.0,B,7356,0.00156,0.00379
5889,16.0,E,5889,0.00655,0.03866
3432,16.0,F,3432,0.01349,0.03219
9210,40.0,C,9210,0.04841,0.00095
2740,32.0,D,2740,0.01933,0.00644
2783,40.0,C,2783,0.18647,0.00287
7271,16.0,A,7271,0.01482,0.08244
7257,12.0,B,7257,0.05503,0.04605
6289,32.0,A,6289,0.03648,0.00015
3359,40.0,D,3359,0.07251,0.00741
8518,36.0,B,8518,0.02567,0.00028
7356,32.0,A,7356,0.01039,0.00035
286,32.0,F,286,0.27027,0.16187
8492,28.0,C,8492,0.001,0.00061
4952,24.0,E,4952,0.02227,0.0076
1846,20.0,C,1846,0.01298,0.00218
7581,20.0,D,7581,0.00063,0.00525
2505,24.0,F,2505,0.01702,0.04701
1241,20.0,A,1241,0.00276,0.00362
3734,24.0,E,3734,0.0369,0.00535
6070,20.0,D,6070,0.00195,0.01104
3562,28.0,C,3562,0.0048,0.0015
1357,12.0,A,1357,0.04426,0.03023
8315,28.0,E,8315,0.01646,0.007
2797,16.0,F,2797,0.04545,0.04508
2698,32.0,E,2698,0.0396,0.06081
548,20.0,E,548,0.09379,0.01454
3154,12.0,F,3154,0.03097,0.06467
5557,20.0,B,5557,0.00309,0.00604
5865,36.0,C,5865,0.03252,0.00045
3270,40.0,A,3270,0.0237,4e-05
707,28.0,C,707,0.007,0.00056
9183,16.0,E,9183,0.01917,0.05045
163,28.0,A,163,0.03013,0.00107
1372,40.0,A,1372,0.00402,3e-05
6393,12.0,F,6393,0.01084,0.03602
9226,36.0,A,9226,0.04232,8e-05
9485,20.0,D,9485,0.00238,0.00516
734,16.0,B,734,0.07511,0.01726
9181,24.0,C,9181,0.00072,0.00555
7925,32.0,D,7925,0.01257,0.00273
2538,36.0,D,2538,0.01294,0.00324
1262,16.0,C,1262,0.00474,0.01276
7218,40.0,C,7218,0.0453,0.00011
1312,36.0,A,1312,0.01792,0.00013
4585,36.0,F,4585,0.07045,0.03184
3227,16.0,A,3227,0.01069,0.01038
4326,16.0,E,4326,0.00992,0.00904
9572,20.0,C,9572,0.2898,0.00842
4039,36.0,D,4039,0.00401,0.01447
4358,12.0,D,4358,0.01253,0.02862
1100,36.0,A,1100,0.09504,0.00016
7097,36.0,D,7097,0.03531,0.00117
348,36.0,F,348,0.07999,0.1171
3562,20.0,F,3562,0.11575,0.0949
6968,40.0,B,6968,0.00578,0.0003
4508,32.0,D,4508,0.03492,0.00753
1129,36.0,D,1129,0.00108,0.00615
1043,40.0,A,1043,0.03285,6e-05
8409,32.0,D,8409,0.00825,0.00137
2125,16.0,E,2125,0.06318,0.01823
909,28.0,C,909,0.03315,0.00382
6831,16.0,D,6831,0.00423,0.02796
8981,36.0,B,8981,0.10634,0.00025
7521,16.0,C,7521,0.00859,0.0194
9158,40.0,C,9158,0.00348,0.00027
7566,40.0,F,7566,0.07493,0.03424
5300,16.0,D,5300,0.01195,0.02031
3458,20.0,C,3458,0.00158,0.0089
1294,36.0,A,1294,0.01363,8e-05
4651,12.0,B,4651,0.01681,0.03208
2926,16.0,E,2926,0.00567,0.01311
7369,20.0,D,7369,0.22347,0.00669
1326,28.0,A,1326,0.0137,0.00049
7124,28.0,C,7124,0.08379,0.00114
7065,20.0,A,7065,0.04287,0.00563
7020,16.0,E,7020,0.05835,0.05269
152,16.0,F,152,0.02297,0.07901
1350,40.0,D,1350,0.01619,0.00115
5573,12.0,C,5573,0.046,0.02646
4398,12.0,A,4398,0.08156,0.02119
3393,12.0,A,3393,0.04888,0.01149
5013,12.0,D,5013,0.0205,0.05007
8217,16.0,A,8217,0.02566,0.0107
6863,36.0,E,6863,0.00021,0.00028
9256,24.0,E,9256,0.0367,0.00427
264,24.0,E,264,0.02637,0.00569
6325,20.0,E,6325,0.02649,0.0433
1428,12.0,F,1428,0.00725,0.12655
7905,24.0,B,7905,0.30044,0.00156
1847,40.0,D,1847,0.0111,0.00707
8177,20.0,C,8177,0.1505,0.00422
6526,32.0,E,6526,0.03839,0.00531
8349,24.0,B,8349,0.00241,0.00443
8787,36.0,F,8787,0.10765,0.04123
1256,24.0,D,1256,0.01195,0.00937
9385,24.0,B,9385,0.03653,0.00202
4731,20.0,B,4731,0.03452,0.00579
59,20.0,F,59,0.0124,0.01863
4306,12.0,C,4306,0.00562,0.02023
5589,12.0,D,5589,0.03383,0.01659
1616,40.0,D,1616,0.09085,0.02716
7729,32.0,D,7729,0.0015,0.01287
7704,16.0,E,7704,0.00272,0.02993
1378,32.0,B,1378,0.09786,0.00036
4248,16.0,E,4248,0.00393,0.01459
7238,20.0,C,7238,0.19985,0.00772
3868,36.0,F,3868,0.00245,0.01014
160,32.0,C,160,0.01581,0.00049
3085,36.0,B,3085,0.16656,0.00122
2647,24.0,B,2647,0.02767,0.00165
9521,16.0,F,9521,0.00614,0.08898
7060,32.0,C,7060,0.00274,0.00093
651,32.0,A,651,0.01237,0.00033
1816,16.0,A,1816,0.44869,0.78811
3739,32.0,F,3739,0.00331,0.02504
8657,40.0,B,8657,0.0005,4e-05
2366,20.0,A,2366,0.0203,0.00569
9232,40.0,C,9232,0.00152,0.00431
7779,36.0,D,7779,0.00842,0.00231
5895,24.0,D,5895,0.00134,0.0103
2902,36.0,A,2902,0.02321,0.00018
5124,32.0,C,5124,0.02364,0.00044
1314,28.0,D,1314,0.00657,0.00124
7381,40.0,A,7381,0.038,5e-05
2036,40.0,E,2036,0.04847,0.02849
4011,28.0,B,4011,0.00268,0.00041
1290,36.0,E,1290,0.003,0.00426
7137,12.0,C,7137,0.02992,0.02415
77,16.0,A,77,0.03409,0.01141
799,12.0,B,799,0.11331,0.04922
6358,20.0,A,6358,0.02808,0.00254
7251,16.0,D,7251,0.03961,0.01063
6925,28.0,F,6925,0.01116,0.02079
8214,32.0,E,8214,0.054,0.00567
3435,40.0,C,3435,0.0163,0.00113
4356,24.0,E,4356,0.02089,0.01923
5040,12.0,C,5040,0.00336,0.03464
1414,32.0,D,1414,0.00455,0.00114
1879,16.0,B,1879,0.02683,0.02394
6879,16.0,C,6879,0.06002,0.01455
8765,36.0,C,8765,0.001,0.00052
323,32.0,D,323,0.05999,0.00053
2914,20.0,F,2914,0.02456,0.04343
9606,36.0,C,9606,0.00639,0.00143
5355,28.0,D,5355,0.00101,0.00773
7009,28.0,B,7009,0.02006,0.00202
1110,36.0,D,1110,0.00644,0.00215
5840,16.0,F,5840,0.0115,0.0618
5220,32.0,C,5220,0.0108,0.00088
1951,40.0,C,1951,0.00142,0.00431
8466,32.0,E,8466,0.00247,0.0007
4975,12.0,B,4975,0.12412,0.03028
7015,12.0,D,7015,0.01829,0.05647
6499,24.0,C,6499,0.01986,0.00518
1671,12.0,B,1671,0.01852,0.02258
4158,36.0,B,4158,0.00015,0.00114
1659,24.0,C,1659,0.10429,0.00932
9367,40.0,F,9367,0.0026,0.09586
245,20.0,E,245,0.00072,0.03202
309,16.0,B,309,0.00851,0.0121
27,24.0,B,27,0.00921,0.00148
3720,40.0,E,3720,0.05462,0.01918
8170,20.0,E,8170,0.00969,0.04479
1982,40.0,C,1982,0.11303,0.00883
8055,16.0,C,8055,0.02902,0.01438
3219,24.0,E,3219,0.03127,0.006
1749,28.0,D,1749,0.00718,0.01101
6394,20.0,D,6394,0.00054,0.01247
1815,12.0,F,1815,0.08909,0.08746
7003,36.0,B,7003,0.0039,0.00035
4304,28.0,A,4304,0.03341,0.00106
4760,24.0,C,4760,0.00363,0.00411
6334,20.0,F,6334,0.01136,0.05648
9086,28.0,B,9086,0.00442,0.00223
8027,36.0,B,8027,0.00055,0.00121
1216,20.0,A,1216,0.05109,0.00836
2537,20.0,C,2537,0.00637,0.00662
1544,36.0,B,1544,0.00296,0.00017
7264,40.0,C,7264,0.0032,0.00082
3170,40.0,F,3170,0.01822,0.09993
9086,20.0,A,9086,0.03721,0.003
3708,20.0,A,3708,0.0318,0.0093
5767,20.0,C,5767,0.00134,0.00513
5050,40.0,E,5050,0.00912,0.04268
8532,40.0,E,8532,0.00227,0.00451
6205,28.0,F,6205,0.0138,0.01063
5325,16.0,A,5325,0.01288,0.09915
1800,32.0,F,1800,0.0346,0.06835
3378,12.0,C,3378,0.00694,0.02723
8827,20.0,C,8827,0.00679,0.00606
9143,40.0,C,9143,0.10852,0.00024
6261,32.0,F,6261,0.02108,0.02463
802,36.0,F,802,0.10398,0.05591
4295,36.0,D,4295,0.00613,0.00049
1946,16.0,F,1946,0.01017,0.02198
3279,32.0,F,3279,0.05002,0.02257
6087,36.0,E,6087,0.04404,0.01622
2523,16.0,E,2523,0.00622,0.0248
8330,36.0,B,8330,0.00663,0.00104
5653,32.0,E,5653,0.0268,0.06803
906,32.0,C,906,0.00517,0.00474
1792,20.0,A,1792,0.02832,0.00613
7907,32.0,F,7907,0.00973,0.00696
7928,40.0,C,7928,0.02644,0.00083
6248,24.0,A,6248,0.03317,0.00233
7659,28.0,C,7659,0.0137,0.00179
4560,32.0,C,4560,0.02136,0.00152
5361,16.0,C,5361,0.04438,0.01706
7856,28.0,D,7856,0.00912,0.00935
3879,16.0,C,3879,0.16509,0.00861
456,32.0,E,456,0.00334,0.00439
7297,40.0,C,7297,0.01928,0.00496
6205,36.0,A,6205,0.02138,0.00013
5518,40.0,E,5518,0.00208,0.00102
7998,40.0,D,7998,0.01829,0.00034
1693,36.0,E,1693,0.07471,0.00778
1034,40.0,E,1034,0.05432,0.02269
2855,12.0,B,2855,0.00916,0.04398
3565,12.0,A,3565,0.04699,0.03909
8507,40.0,C,8507,0.00215,0.00024
5032,32.0,A,5032,0.01643,0.00026
7185,28.0,B,7185,0.00229,0.0009
5336,12.0,C,5336,0.00125,0.04768
7429,16.0,C,7429,0.01264,0.01598
551,12.0,C,551,0.00217,0.02046
1973,36.0,C,1973,0.00252,0.00189
6360,40.0,D,6360,0.06416,0.00156
913,40.0,F,913,0.01427,0.01622
6391,40.0,A,6391,0.05041,5e-05
7865,36.0,D,7865,0.14328,0.00177
9987,32.0,E,9987,0.02939,0.05859
4930,32.0,A,4930,0.02555,0.00027
4940,36.0,C,4940,0.00056,0.00235
1697,28.0,C,1697,0.06002,0.00488
6936,32.0,F,6936,0.14069,0.05445
7109,36.0,D,7109,0.10243,0.00206
8309,20.0,A,8309,0.04747,0.00587
3011,20.0,E,3011,0.00773,0.04625
5659,16.0,E,5659,0.005,0.03412
4897,40.0,E,4897,0.03992,0.00323
2575,12.0,D,2575,0.21416,0.05239
6009,32.0,F,6009,0.05582,0.01324
9668,20.0,B,9668,0.00618,0.00412
2627,40.0,C,2627,0.00081,0.00018
2794,32.0,D,2794,0.00231,0.00168
3503,16.0,E,3503,0.01235,0.02835
2710,12.0,A,2710,0.08205,0.03325
1545,20.0,B,1545,0.00052,0.00464
6911,24.0,D,6911,0.07533,0.00553
3845,24.0,E,3845,0.09185,0.01466
1557,16.0,D,1557,0.00199,0.02664
9504,40.0,C,9504,0.00252,0.00401
8484,12.0,A,8484,0.06647,0.02523
6731,32.0,D,6731,0.0032,0.00725
9947,32.0,C,9947,0.02516,0.00076
4615,36.0,B,4615,0.00251,0.00058
9833,28.0,D,9833,0.04292,0.00079
770,12.0,D,770,0.17935,0.03146
4585,32.0,D,4585,0.00451,0.00587
4336,20.0,D,4336,0.00042,0.01188
4524,32.0,E,4524,0.02166,0.01766
2209,20.0,A,2209,0.19739,0.00314
5896,20.0,E,5896,0.00698,0.01663
1118,24.0,E,1118,0.0011,0.00316
2795,16.0,E,2795,0.00173,0.04848
4991,24.0,A,4991,0.04457,0.00255
344,16.0,D,344,0.04698,0.01785
2833,40.0,A,2833,0.00939,5e-05
6078,36.0,D,6078,0.00247,0.00431
7497,24.0,B,7497,0.01214,0.00293
4828,20.0,F,4828,0.02296,0.01312
967,40.0,F,967,0.00578,0.01951
8996,20.0,C,8996,0.00496,0.00598
7878,16.0,F,7878,0.02907,0.05675
4523,36.0,B,4523,0.00325,0.0004
5956,24.0,C,5956,0.00761,0.00567
5409,24.0,A,5409,0.01318,0.00252
2190,12.0,F,2190,0.06037,0.06865
4026,24.0,F,4026,0.00211,0.01918
410,12.0,B,410,0.00213,0.03335
9414,32.0,C,9414,0.03834,0.00173
4903,20.0,C,4903,0.00169,0.00722
5076,36.0,F,5076,0.04262,0.02262
3233,32.0,E,3233,0.07742,0.00633
8895,16.0,E,8895,0.00915,0.02511
2589,28.0,A,2589,0.05211,0.00079
4315,32.0,F,4315,0.01136,0.0455
9183,20.0,A,9183,0.05539,0.00401
3732,24.0,D,3732,0.01313,0.00525
9129,20.0,A,9129,0.05521,0.00546
3323,16.0,D,3323,0.224,0.02503
6284,12.0,F,6284,0.0137,0.02295
2429,32.0,D,2429,0.01758,0.00142
5937,36.0,E,5937,0.01715,0.02258
5060,40.0,A,5060,0.00303,6e-05
1958,40.0,F,1958,0.01068,0.00216
187,28.0,E,187,0.0019,0.01589
2226,36.0,B,2226,0.03487,0.00012
1585,36.0,B,1585,0.00541,0.00051
2761,16.0,E,2761,0.00102,0.02784
4104,16.0,F,4104,0.00334,0.01439
3589,32.0,B,3589,0.00424,0.00057
730,24.0,C,730,0.01086,0.00196
8266,36.0,D,8266,0.19894,0.00481
8661,16.0,A,8661,0.05984,0.01137
1536,16.0,B,1536,0.01209,0.00682
4783,16.0,C,4783,0.02241,0.03281
2937,32.0,D,2937,0.00643,0.00596
2439,16.0,E,2439,0.06944,0.0518
3437,20.0,E,3437,0.01721,0.0346
9181,32.0,C,9181,0.00631,0.00575
7530,24.0,D,7530,0.0023,0.00376
3093,28.0,F,3093,0.06025,0.0052
5827,16.0,F,5827,0.05755,0.04598
9640,28.0,E,9640,0.00074,0.00409
5868,12.0,B,5868,0.02662,0.02977
5316,40.0,B,5316,0.01642,0.00129
3277,24.0,A,3277,0.01715,0.00319
6074,32.0,D,6074,0.00264,0.00284
8899,16.0,F,8899,0.05598,0.04162
4073,36.0,A,4073,0.07451,6e-05
2720,28.0,D,2720,0.01001,0.00635
2170,16.0,D,2170,0.00708,0.01521
8917,16.0,C,8917,0.04141,0.03525
8180,16.0,E,8180,0.06292,0.036
6337,12.0,B,6337,0.13519,0.03477
4740,16.0,E,4740,0.00181,0.0225
6790,40.0,C,6790,0.05699,0.00499
4497,12.0,B,4497,0.17023,0.00842
5635,24.0,E,5635,0.01423,0.00527
6289,20.0,C,6289,0.00624,0.0046
335,32.0,A,335,0.01686,0.00023
7643,28.0,A,7643,0.00652,0.00073
6887,36.0,A,6887,0.00998,0.00013
5380,28.0,F,5380,0.0172,0.01367
5699,16.0,D,5699,0.00824,0.0114
6270,16.0,E,6270,0.06615,0.01592
7641,24.0,E,7641,0.01569,0.00752
7702,28.0,B,7702,0.0214,0.00155
9019,32.0,D,9019,0.02082,0.00075
3696,40.0,B,3696,0.00803,0.0001
7600,24.0,E,7600,0.00349,0.01118
4164,40.0,D,4164,0.03998,0.0168
6722,32.0,E,6722,0.0119,0.04731
7572,24.0,D,7572,0.0046,0.01173
2471,28.0,D,2471,0.00234,0.00062
5784,24.0,D,5784,0.01446,0.00366
9998,40.0,B,9998,0.00872,6e-05
238,24.0,E,238,0.01493,0.08049
4520,40.0,F,4520,0.03212,0.01811
1275,16.0,C,1275,0.01619,0.00523
9094,40.0,D,9094,0.00416,0.01541
1226,28.0,C,1226,0.04892,0.0028
4798,28.0,E,4798,0.0327,0.02794
5395,40.0,A,5395,0.03179,6e-05
5785,32.0,F,5785,0.00222,0.05298
6318,16.0,D,6318,0.00322,0.01146
955,28.0,C,955,0.00654,0.00076
8533,40.0,C,8533,0.00118,0.00145
9888,28.0,B,9888,0.04582,0.00108
7133,20.0,F,7133,0.01618,0.11106
8265,24.0,E,8265,0.04996,0.01962
4578,36.0,F,4578,0.11787,0.14948
8829,32.0,E,8829,0.01744,0.06134
1254,12.0,E,1254,0.01852,0.03902
637,20.0,B,637,0.01453,0.00542
3222,40.0,D,3222,0.00429,0.00492
670,16.0,C,670,0.05684,0.015
8839,36.0,C,8839,0.03984,0.00253
9308,36.0,E,9308,0.00807,0.00764
8357,36.0,E,8357,0.04924,0.02727
7393,16.0,A,7393,0.03183,0.01166
2042,28.0,D,2042,0.0052,0.01511
7607,24.0,E,7607,0.00086,0.00612
4758,40.0,D,4758,0.02706,9e-05
3198,28.0,B,3198,0.00252,0.00153
2743,36.0,B,2743,0.00024,0.00016
6106,12.0,F,6106,0.17146,0.02865
3046,40.0,E,3046,0.00328,0.01843
7788,28.0,A,7788,0.06163,0.00075
3937,32.0,E,3937,0.02609,0.03968
5021,20.0,D,5021,0.00849,0.01217
4646,32.0,C,4646,0.00893,0.0031
6493,28.0,B,6493,0.49303,0.00104
6729,40.0,F,6729,0.06358,0.0134
2636,20.0,E,2636,0.06497,0.01769
5568,24.0,C,5568,0.09897,0.00668
8612,24.0,A,8612,0.0654,0.00345
6285,16.0,A,6285,0.08984,0.01486
3537,32.0,F,3537,0.42817,0.01727
848,40.0,B,848,0.01645,0.00013
1262,12.0,B,1262,0.30291,0.03679
237,36.0,E,237,0.00096,0.01314
2703,40.0,F,2703,0.0687,0.01932
3329,36.0,D,3329,0.00068,0.00074
2014,20.0,A,2014,0.05902,0.00684
3207,40.0,F,3207,0.01484,0.00581
2071,24.0,B,2071,0.11236,0.00185
363,28.0,E,363,0.04296,0.01502
3120,28.0,C,3120,0.00686,0.00948
1091,40.0,D,1091,0.02825,0.00708
2602,40.0,B,2602,0.00791,0.003
398,36.0,F,398,0.00499,0.01035
5167,20.0,F,5167,0.02866,0.01811
1412,20.0,C,1412,0.23373,0.00823
857,12.0,E,857,0.06458,0.03269
5665,40.0,A,5665,0.05421,5e-05
3277,20.0,D,3277,0.00879,0.01286
7795,32.0,C,7795,0.02638,0.00123
7086,20.0,A,7086,0.03464,0.00529
216,32.0,F,216,0.03244,0.0194
9527,40.0,D,9527,0.0142,0.00476
4124,32.0,B,4124,0.03588,0.00053
4974,28.0,E,4974,0.01992,0.01277
8279,16.0,D,8279,0.01744,0.01638
5534,36.0,E,5534,0.01638,0.02331
1754,32.0,F,1754,0.00257,0.00438
7343,36.0,E,7343,0.0138,0.06102
5835,36.0,B,5835,0.0023,0.00166
5600,36.0,F,5600,0.0046,0.03815
6804,28.0,B,6804,0.06071,0.00143
6476,28.0,A,6476,0.03306,0.00068
6789,40.0,E,6789,0.0193,0.0158
6265,36.0,B,6265,0.05439,0.00039
2096,24.0,B,2096,0.01585,0.00222
8126,20.0,F,8126,0.00848,0.01034
5402,32.0,A,5402,0.04533,0.00047
379,24.0,F,379,0.04573,0.04538
8723,20.0,E,8723,0.0275,0.01553
602,20.0,D,602,0.02988,0.00779
4731,16.0,C,4731,0.0084,0.01225
497,20.0,B,497,0.01905,0.00438
7239,12.0,B,7239,0.0145,0.042
1346,16.0,F,1346,0.14362,0.01699
959,16.0,C,959,0.0051,0.01806
237,24.0,E,237,0.00789,0.00692
5894,32.0,D,5894,0.00438,0.00108
9157,40.0,F,9157,0.0244,0.02438
39,28.0,D,39,0.00406,0.01017
7157,24.0,E,7157,0.01484,0.02629
3161,32.0,D,3161,0.00265,0.00575
3663,40.0,F,3663,0.02838,0.01636
8206,16.0,B,8206,0.03141,0.02189
3384,12.0,A,3384,0.11577,0.03177
9447,36.0,C,9447,0.00308,0.00017
7341,16.0,D,7341,0.00175,0.01632
9866,40.0,C,9866,0.01456,0.00049
3422,36.0,E,3422,0.0208,0.0085
4447,16.0,A,4447,0.02149,0.01632
1369,32.0,E,1369,0.00926,0.04723
9892,40.0,F,9892,0.01197,0.01999
8730,28.0,A,8730,0.02039,0.00079
6615,16.0,D,6615,0.07168,0.02809
7006,24.0,F,7006,0.07438,0.02273
5150,28.0,C,5150,0.01772,0.00293
2858,40.0,D,2858,0.01429,0.00161
2098,24.0,A,2098,0.02356,0.00187
4236,36.0,D,4236,0.02609,0.00027
4061,16.0,B,4061,0.01816,0.024
4357,16.0,A,4357,0.046,0.01
6797,12.0,A,6797,0.15905,0.02822
4651,32.0,C,4651,0.00607,0.00106
8343,16.0,E,8343,0.02232,0.03021
2767,12.0,C,2767,0.02621,0.02147
7522,28.0,A,7522,0.06243,0.00053
9769,24.0,F,9769,0.04584,0.01603
4096,28.0,E,4096,0.00476,0.01447
3035,20.0,E,3035,0.03204,0.00875
7508,20.0,F,7508,0.00453,0.03507
5215,28.0,E,5215,0.01323,0.02139
8561,16.0,A,8561,0.03689,0.01138
3705,28.0,F,3705,0.0277,0.01909
5987,24.0,F,5987,0.06962,0.01719
1151,24.0,F,1151,0.02698,0.03711
7695,36.0,F,7695,0.01405,0.07938
5403,36.0,A,5403,0.02594,0.00016
635,20.0,C,635,0.1406,0.00813
7609,16.0,C,7609,0.01138,0.01239
6162,36.0,E,6162,0.03156,0.01511
5657,32.0,E,5657,0.06863,0.03459
5397,40.0,F,5397,0.01496,0.00361
513,32.0,B,513,0.00797,0.00055
6154,32.0,D,6154,0.22028,0.01681
6776,28.0,C,6776,0.0028,0.00154
4965,36.0,F,4965,0.0049,0.03367
3939,36.0,D,3939,0.1383,0.00137
9523,16.0,A,9523,0.02407,0.01276
1950,16.0,F,1950,0.03209,0.02002
4657,24.0,A,4657,0.02859,0.00336
4102,16.0,E,4102,0.03882,0.01482
7819,12.0,B,7819,0.01239,0.03065
4642,32.0,B,4642,0.27634,0.00031
6687,24.0,D,6687,0.00467,0.01128
9983,28.0,F,9983,0.00218,0.00644
4354,36.0,B,4354,0.00644,0.00116
9059,32.0,C,9059,0.00921,0.00016
7683,28.0,B,7683,0.24139,0.00122
1223,36.0,A,1223,0.00909,0.00016
9416,16.0,D,9416,0.00377,0.0135
2549,32.0,A,2549,0.04721,0.00038
4352,28.0,C,4352,0.02575,0.00277
3861,28.0,E,3861,0.00723,0.03059
2210,24.0,E,2210,0.00724,0.01292
5385,36.0,D,5385,0.00286,0.00047
5556,40.0,E,5556,0.02391,0.03382
3725,24.0,B,3725,0.00193,0.00503
5072,36.0,C,5072,0.00625,0.0038
721,40.0,B,721,0.50891,7e-05
5100,32.0,C,5100,0.03305,0.00077
1458,16.0,B,1458,0.00909,0.00444
8675,40.0,D,8675,0.07996,0.00024
9302,16.0,B,9302,0.68454,0.00592
7674,28.0,D,7674,0.01204,0.00142
1089,32.0,E,1089,0.00784,0.0007
683,20.0,C,683,0.00059,0.00236
1617,28.0,D,1617,0.21438,0.00214
4007,16.0,A,4007,0.004,0.01329
9604,32.0,D,9604,0.00456,0.01244
662,28.0,F,662,0.07447,0.00762
6077,36.0,E,6077,0.00906,0.00711
4006,16.0,C,4006,0.00169,0.02714
990,32.0,C,990,0.00903,0.00248
9923,32.0,D,9923,0.00116,0.00228
4940,28.0,A,4940,0.0208,0.00074
3728,24.0,E,3728,0.09324,0.02151
3047,40.0,C,3047,0.03453,0.0008
1728,28.0,D,1728,0.14147,0.00447
8578,36.0,D,8578,0.01158,0.00116
3849,24.0,B,3849,0.01493,0.00201
5580,40.0,C,5580,0.21584,0.01311
8378,28.0,F,8378,0.17442,0.03019
7197,28.0,F,7197,0.00146,0.00785
4503,40.0,A,4503,0.02115,3e-05
6994,32.0,C,6994,0.02115,0.00418
591,32.0,D,591,0.04206,0.00382
4949,28.0,A,4949,0.03068,0.00078
4347,12.0,F,4347,0.02187,0.02686
471,28.0,F,471,0.0688,0.011
6772,16.0,C,6772,0.00191,0.02342
2528,28.0,A,2528,0.03134,0.00056
7257,28.0,C,7257,0.00718,0.00195
8797,40.0,B,8797,0.00717,0.00014
4837,32.0,D,4837,0.02785,0.01975
897,24.0,E,897,0.00747,0.00771
2062,36.0,E,2062,0.00129,0.02431
2310,32.0,B,2310,0.00718,0.00045
3206,12.0,D,3206,0.009,0.03044
3641,20.0,C,3641,0.00122,0.00368
5734,24.0,C,5734,0.05907,0.00486
5950,28.0,A,5950,0.00953,0.00055
3471,12.0,B,3471,0.019,0.02563
7558,36.0,A,7558,0.03481,0.00012
6070,32.0,E,6070,0.00415,0.00805
7453,12.0,B,7453,0.01562,0.03497
3743,24.0,B,3743,0.00511,0.00434
2905,12.0,A,2905,0.04892,0.04183
2397,24.0,E,2397,0.01119,0.00311
2915,24.0,B,2915,0.021,0.0017
2795,40.0,A,2795,0.0244,3e-05
7866,16.0,C,7866,0.0244,0.00805
9326,40.0,D,9326,0.00466,0.00259
3634,28.0,B,3634,0.01004,0.00133
1425,24.0,F,1425,0.00411,0.07443
9374,32.0,D,9374,0.0146,0.00372
3757,20.0,E,3757,0.00812,0.01894
7874,36.0,F,7874,0.00489,0.02247
4707,32.0,C,4707,0.0178,0.00164
6322,28.0,E,6322,0.00967,0.0312
3926,32.0,B,3926,0.00356,0.00032
488,24.0,C,488,0.00655,0.0081
5228,28.0,B,5228,0.00321,0.00165
1799,32.0,E,1799,0.01748,0.00309
1012,16.0,E,1012,0.01761,0.01652
7462,24.0,C,7462,0.00905,0.00197
5165,24.0,F,5165,0.0455,0.13289
4847,40.0,B,4847,0.11094,3e-05
8581,28.0,F,8581,0.01545,0.02454
317,28.0,E,317,0.08869,0.01312
3774,16.0,D,3774,0.00404,0.01997
6397,40.0,A,6397,0.01758,4e-05
8971,32.0,E,8971,0.05734,0.01029
4052,28.0,E,4052,0.00646,0.00963
9670,20.0,D,9670,0.08485,0.01015
4526,32.0,E,4526,0.02416,0.02736
5641,16.0,B,5641,0.01493,0.01449
6677,36.0,F,6677,0.12432,0.03015
2536,28.0,A,2536,0.01818,0.00079
6188,24.0,A,6188,0.03733,0.00126
8061,16.0,B,8061,0.00362,0.00924
4988,40.0,C,4988,0.01827,0.00323
5231,20.0,F,5231,0.05093,0.0226
3438,12.0,E,3438,0.05166,0.03172
4865,28.0,D,4865,0.00753,0.00628
1731,16.0,C,1731,0.00471,0.00555
8742,24.0,D,8742,0.00214,0.00511
1247,32.0,A,1247,0.01781,0.00052
5462,20.0,D,5462,0.01272,0.0026
4541,12.0,F,4541,0.03119,0.1784
117,12.0,D,117,0.15561,0.03653
1340,28.0,B,1340,0.00107,0.00261
8038,20.0,F,8038,0.05807,0.00996
5906,32.0,B,5906,0.00204,0.00029
5003,24.0,A,5003,0.04488,0.00199
5183,20.0,B,5183,0.00582,0.0068
1271,32.0,B,1271,0.05598,0.00223
3645,28.0,F,3645,0.04171,0.04189
79,32.0,D,79,0.00274,0.00083
4458,16.0,C,4458,0.0308,0.0082
5892,40.0,C,5892,0.00438,0.00221
782,12.0,C,782,0.05243,0.05068
1335,24.0,D,1335,0.00862,0.00588
1576,16.0,E,1576,0.0033,0.03391
6146,32.0,C,6146,0.00454,0.0014
6801,28.0,F,6801,0.07409,0.00749
9978,16.0,A,9978,0.06526,0.00744
5725,24.0,A,5725,0.02742,0.00124
1337,24.0,A,1337,0.01218,0.002
3202,36.0,E,3202,0.02038,0.00679
7340,32.0,A,7340,0.01761,0.00046
3561,24.0,F,3561,0.0107,0.01682
8058,32.0,E,8058,0.00337,0.00605
3739,40.0,E,3739,0.01185,0.01539
4146,16.0,D,4146,0.11491,0.00913
1079,28.0,F,1079,0.0043,0.01567
4017,36.0,E,4017,0.03102,0.07579
6088,32.0,D,6088,0.00518,0.00566
730,20.0,F,730,0.00974,0.05351
3437,40.0,D,3437,0.04655,0.00268
5662,40.0,C,5662,0.16041,0.00051
8201,36.0,A,8201,0.01537,0.00018
4652,24.0,A,4652,0.03335,0.0017
1640,40.0,C,1640,0.00396,0.00061
1523,40.0,D,1523,0.06046,0.00025
8425,28.0,E,8425,0.01536,0.053
9172,16.0,E,9172,0.00298,0.03168
8339,36.0,D,8339,0.0034,0.00287
1883,40.0,B,1883,0.06061,0.00014
9144,32.0,E,9144,0.00231,0.00439
1108,24.0,A,1108,0.04085,0.00184
9281,40.0,E,9281,0.00623,0.00263
3938,36.0,D,3938,0.00611,0.00237
3877,24.0,F,3877,0.00951,0.09515
9688,24.0,C,9688,0.02384,0.00152
3154,16.0,D,3154,0.02235,0.01201
6990,36.0,C,6990,0.01941,0.00532
397,16.0,B,397,0.12252,0.01534
437,36.0,D,437,0.00569,0.00146
6940,24.0,C,6940,0.00453,0.00324
4649,28.0,D,4649,0.00132,0.00321
3688,24.0,E,3688,0.00466,0.00742
2029,40.0,D,2029,0.00803,0.00152
5662,32.0,E,5662,0.05498,0.00863
6244,12.0,C,6244,0.03351,0.04654
7896,32.0,D,7896,0.02437,0.00314
5215,32.0,D,5215,0.00482,0.01228
8607,28.0,E,8607,0.00597,0.01396
7352,40.0,A,7352,0.02008,6e-05
6537,20.0,E,6537,0.01453,0.00797
548,12.0,A,548,0.06272,0.03164
3288,20.0,A,3288,0.03237,0.00165
4024,24.0,D,4024,0.01254,0.00321
8153,20.0,A,8153,0.03939,0.00279
1826,12.0,D,1826,0.0311,0.03748
7282,20.0,B,7282,0.05967,0.0061
5366,24.0,A,5366,0.01047,0.00223
7797,40.0,C,7797,0.00044,0.0001
4685,20.0,C,4685,0.16077,0.00872
2483,40.0,D,2483,0.0306,0.00164
6504,40.0,C,6504,0.00674,0.00265
6717,36.0,B,6717,0.00637,0.00162
885,12.0,D,885,0.01061,0.02
3130,24.0,A,3130,0.0627,0.00196
5910,16.0,C,5910,0.00744,0.01408
6274,32.0,E,6274,0.00519,0.02113
7081,12.0,A,7081,0.05081,0.02872
7662,24.0,C,7662,0.00123,0.00466
2409,36.0,D,2409,0.01128,0.00398
3875,28.0,E,3875,0.00566,0.00366
6623,28.0,D,6623,0.60437,0.00298
5583,12.0,F,5583,0.01623,0.03364
9415,24.0,D,9415,0.0224,0.01485
7520,40.0,E,7520,0.00754,0.0118
2831,12.0,C,2831,0.0252,0.01658
632,20.0,E,632,0.0024,0.01594
4223,32.0,A,4223,0.03017,0.00035
5219,32.0,A,5219,0.03779,0.00031
6219,28.0,C,6219,0.06587,0.00307
4527,36.0,E,4527,0.074,0.01655
5983,28.0,D,5983,0.0213,0.00206
1696,28.0,B,1696,0.00931,0.00512
1201,28.0,B,1201,0.01942,0.00081
2530,32.0,E,2530,0.00632,0.02145
9916,16.0,C,9916,0.0035,0.01743
7206,36.0,A,7206,0.06412,0.00012
4122,12.0,C,4122,0.00461,0.02604
9016,20.0,A,9016,1.33064,1.84039
8671,16.0,F,8671,0.00698,0.01259
6057,12.0,F,6057,0.01665,0.04755
7888,36.0,B,7888,0.20063,0.00045
112,36.0,F,112,0.0138,0.04702
5121,16.0,B,5121,0.08958,0.01272
1036,28.0,B,1036,0.04612,0.00197
9931,24.0,D,9931,0.0156,0.00261
7575,32.0,F,7575,0.02453,0.10324
4655,16.0,A,4655,0.03382,0.00929
3525,36.0,D,3525,0.00463,0.00172
7315,20.0,A,7315,0.03696,0.00337
1689,20.0,D,1689,0.0082,0.00516
5336,24.0,D,5336,0.00585,0.00781
4613,20.0,F,4613,0.01177,0.0311
4218,36.0,F,4218,0.01606,0.03255
4417,36.0,C,4417,0.00772,0.00062
522,40.0,E,522,0.01424,0.01874
2296,28.0,E,2296,0.00442,0.00284
1587,28.0,A,1587,0.02386,0.00064
2089,40.0,A,2089,0.04058,4e-05
1613,40.0,B,1613,0.02489,0.0001
3001,32.0,C,3001,0.02342,0.00224
6445,28.0,B,6445,0.00221,0.00049
2378,28.0,B,2378,0.0074,0.00068
3417,16.0,A,3417,0.0652,0.01417
4977,16.0,B,4977,0.00815,0.01624
2247,28.0,A,2247,0.00719,0.00096
9824,40.0,C,9824,0.00807,0.00145
719,24.0,E,719,0.01476,0.00896
9101,32.0,D,9101,0.01718,0.00546
9957,24.0,F,9957,0.003,0.02105
8351,12.0,A,8351,0.08939,0.02746
370,20.0,C,370,0.00281,0.00998
2988,12.0,F,2988,0.05325,0.07449
3966,24.0,A,3966,0.0498,0.00171
5635,28.0,E,5635,0.03617,0.04014
4331,32.0,A,4331,0.03138,0.00028
1565,20.0,B,1565,0.03227,0.00646
725,24.0,A,725,0.0482,0.00137
9363,40.0,A,9363,0.02851,4e-05
9016,32.0,C,9016,0.3053,0.00145
4692,12.0,E,4692,0.06126,0.07374
2381,16.0,A,2381,0.05946,0.01858
626,12.0,E,626,0.00275,0.03734
1357,16.0,C,1357,0.0343,0.02789
7353,24.0,A,7353,0.02979,0.002
3150,16.0,E,3150,0.00289,0.01786
1161,12.0,D,1161,0.03874,0.03082
9684,32.0,E,9684,0.06924,0.0033
6648,24.0,B,6648,0.01078,0.00238
4280,12.0,F,4280,0.01935,0.05652
8862,20.0,E,8862,0.09752,0.06384
474,12.0,C,474,0.01215,0.02747
2063,32.0,B,2063,0.00295,0.00044
4459,12.0,F,4459,0.01189,0.04668
1407,40.0,E,1407,0.25662,0.02034
5010,12.0,A,5010,0.16377,0.06177
1283,24.0,E,1283,0.00774,0.01253
6734,24.0,F,6734,0.06884,0.0983
5800,12.0,C,5800,0.0222,0.02602
110,28.0,E,110,0.00268,0.00434
6730,32.0,E,6730,0.01692,0.00773
5193,20.0,A,5193,0.02987,0.00772
9523,32.0,D,9523,0.00762,0.00327
3948,28.0,C,3948,0.05412,0.0071
8531,16.0,C,8531,0.18228,0.01145
9397,24.0,E,9397,0.03685,0.01676
3807,12.0,E,3807,0.00764,0.03736
5969,12.0,A,5969,0.14508,0.03585
1993,36.0,E,1993,0.02281,0.02987
7625,24.0,B,7625,0.00506,0.00178
4621,36.0,D,4621,0.03437,0.0048
1078,20.0,B,1078,0.00119,0.00282
2449,28.0,C,2449,0.30872,0.00136
8538,20.0,C,8538,0.01567,0.01831
2586,28.0,E,2586,0.01435,0.06179
284,12.0,B,284,0.15284,0.03071
3647,32.0,A,3647,0.03217,0.00014
6954,40.0,F,6954,0.05446,0.01149
4220,16.0,B,4220,0.02004,0.01368
909,20.0,B,909,0.03267,0.00512
5857,28.0,B,5857,0.02504,0.00065
3469,40.0,B,3469,0.0006,0.00022
2121,12.0,D,2121,0.201,0.01371
3431,36.0,D,3431,0.00601,0.00132
2231,36.0,E,2231,0.00619,0.00462
422,36.0,D,422,0.02506,0.00386
818,28.0,D,818,0.02647,0.00189
5173,36.0,F,5173,0.07419,0.01897
1940,12.0,B,1940,0.00449,0.05071
3632,24.0,F,3632,0.0142,0.11051
7917,40.0,F,7917,0.06654,0.02265
6992,24.0,E,6992,0.02213,0.01194
6502,16.0,F,6502,0.03523,0.04037
7561,24.0,F,7561,0.01265,0.00596
2988,20.0,D,2988,0.00675,0.0056
4306,36.0,E,4306,0.09684,0.05567
7033,24.0,B,7033,0.00431,0.00253
6369,32.0,F,6369,0.009,0.00337
4886,40.0,D,4886,0.07118,0.00477
8856,24.0,E,8856,0.06945,0.03913
9870,16.0,E,9870,0.00274,0.02349
5206,12.0,F,5206,0.2794,0.03599
5118,20.0,C,5118,0.03699,0.00723
8154,28.0,F,8154,0.00687,0.055
4501,32.0,F,4501,0.0058,0.0122
5829,24.0,F,5829,0.01792,0.12378
1805,12.0,E,1805,0.00181,0.02463
875,36.0,A,875,0.01078,0.00016
400,40.0,E,400,0.07394,0.0009
4946,40.0,F,4946,0.00538,0.07124
361,24.0,A,361,0.05504,0.00133
1849,24.0,F,1849,0.01852,0.06749
180,32.0,B,180,0.01119,0.00095
8248,40.0,D,8248,0.01228,0.00389
8013,36.0,F,8013,0.17261,0.06861
6821,16.0,F,6821,0.11012,0.03472
8480,32.0,D,8480,0.06431,0.00264
597,28.0,F,597,0.0924,0.00742
9663,16.0,D,9663,0.14443,0.02126
5950,32.0,E,5950,0.00375,0.00823
8224,20.0,E,8224,0.00151,0.0115
380,36.0,B,380,0.00357,0.00047
8430,24.0,D,8430,0.00827,0.01383
6743,16.0,D,6743,0.00209,0.01522
6391,40.0,E,6391,0.03218,0.02022
9736,28.0,B,9736,0.0207,0.00091
8330,20.0,C,8330,0.09925,0.00518
8099,24.0,B,8099,0.05798,0.00278
8211,36.0,B,8211,0.0057,0.00014
2379,24.0,B,2379,0.01893,0.00106
3359,20.0,F,3359,0.05015,0.02594
7939,36.0,F,7939,0.00575,0.07233
2128,36.0,D,2128,0.03529,0.01054
5819,28.0,D,5819,0.02203,0.00313
407,32.0,A,407,0.02732,0.00025
9378,20.0,C,9378,0.01092,0.00615
1957,20.0,B,1957,0.06799,0.00514
3299,24.0,E,3299,0.00364,0.00485
7522,40.0,B,7522,0.03791,0.00026
7462,32.0,F,7462,0.06967,0.12691
5614,32.0,A,5614,0.03401,0.00049
8430,24.0,A,8430,0.03455,0.00177
8715,28.0,B,8715,0.0359,0.00146
3360,16.0,D,3360,0.00487,0.01366
1780,24.0,C,1780,0.01418,0.00239
3323,12.0,B,3323,0.01634,0.02835
616,36.0,B,616,0.03045,0.00161
2753,24.0,B,2753,0.00506,0.002
180,32.0,F,180,0.01315,0.02958
9963,20.0,D,9963,0.00119,0.0078
3856,24.0,D,3856,0.19014,0.01077
6386,36.0,F,6386,0.08275,0.05235
5979,12.0,A,5979,0.04334,0.03686
7097,28.0,C,7097,0.00772,0.00922
3292,36.0,C,3292,0.01564,0.00026
9040,24.0,F,9040,0.0056,0.02215
685,20.0,E,685,0.02166,0.00553
9546,32.0,A,9546,0.01073,0.00021
1417,20.0,F,1417,0.03239,0.03079
6390,16.0,B,6390,0.00865,0.01817
4414,20.0,B,4414,0.00948,0.00514
8491,40.0,A,8491,0.02114,7e-05
5032,16.0,F,5032,0.0571,0.0285
1215,40.0,D,1215,0.00207,0.00237
4956,16.0,C,4956,0.05645,0.0225
5500,40.0,D,5500,0.00139,0.00012
110,20.0,E,110,0.01291,0.01617
5994,12.0,B,5994,0.47967,0.0292
9811,32.0,D,9811,0.0055,0.00177
2036,24.0,A,2036,0.12564,0.00144
3933,20.0,E,3933,0.03495,0.02092
2270,28.0,F,2270,0.00472,0.00682
894,28.0,C,894,0.00484,0.00105
4483,12.0,E,4483,0.02281,0.10666
4152,28.0,E,4152,0.00816,0.03133
3384,28.0,A,3384,0.03831,0.00063
9243,40.0,B,9243,0.00162,0.0002
7167,20.0,C,7167,0.00119,0.01193
4098,24.0,F,4098,0.0067,0.01579
5731,28.0,B,5731,0.02032,0.00078
8070,28.0,E,8070,0.02634,0.00354
7329,32.0,E,7329,0.01928,0.00491
6708,28.0,F,6708,0.01082,0.01549
8585,16.0,A,8585,0.05864,0.01564
8555,36.0,D,8555,0.03485,0.00038
2176,16.0,A,2176,0.06365,0.01316
7012,24.0,C,7012,0.01865,0.00216
6089,20.0,D,6089,0.00375,0.00611
4571,36.0,A,4571,0.0204,0.00013
7652,12.0,B,7652,0.02885,0.033
5749,24.0,F,5749,0.03891,0.07208
9158,24.0,E,9158,0.01513,0.01965
6947,20.0,B,6947,0.36561,0.00657
7869,28.0,E,7869,0.01523,0.00445
8998,28.0,A,8998,0.01618,0.00121
4199,32.0,D,4199,0.02548,0.00084
2638,40.0,D,2638,0.13675,0.00035
8282,40.0,B,8282,0.19992,0.00033
1622,40.0,C,1622,0.00885,0.00027
4144,24.0,A,4144,0.02143,0.00096
200,32.0,D,200,0.04106,0.00065
6796,28.0,C,6796,0.00575,0.00207
181,36.0,C,181,0.00369,0.00059
5625,20.0,F,5625,0.00694,0.04225
1909,12.0,E,1909,0.0238,0.08982
5775,36.0,D,5775,0.01361,0.00136
9748,40.0,E,9748,0.06922,0.00458
8031,24.0,A,8031,0.01975,0.00192
4237,12.0,A,4237,0.05254,0.04018
6012,24.0,B,6012,0.4278,0.00302
2890,36.0,E,2890,0.00861,0.00402
1875,36.0,B,1875,0.05175,0.00014
1078,32.0,F,1078,0.01334,0.0606
154,32.0,C,154,0.00209,0.00138
925,36.0,B,925,0.00386,0.00081
452,20.0,B,452,0.23566,0.00874
2445,36.0,E,2445,0.06076,0.00799
9391,24.0,A,9391,0.01458,0.00326
5218,32.0,B,5218,0.02202,0.00023
5259,40.0,E,5259,0.18876,0.00644
6229,40.0,C,6229,0.00562,0.00113
4789,12.0,C,4789,0.03034,0.02859
7012,12.0,A,7012,0.03288,0.03156
832,16.0,B,832,0.00392,0.01299
8528,28.0,F,8528,0.00578,0.02788
1933,20.0,A,1933,0.02859,0.00588
6360,24.0,C,6360,0.05752,0.00305
1647,20.0,D,1647,0.03467,0.00332
3935,36.0,A,3935,0.03102,0.00016
6454,32.0,D,6454,0.06398,0.00396
6374,32.0,D,6374,0.10794,0.00126
9481,36.0,C,9481,0.0081,0.0116
5372,24.0,A,5372,0.0392,0.00197
2718,36.0,F,2718,0.04886,0.04113
4031,20.0,C,4031,0.00296,0.01268
3763,28.0,F,3763,0.00702,0.02456
68,40.0,D,68,0.0097,0.00035
8214,20.0,F,8214,0.03679,0.04344
3223,20.0,D,3223,0.00729,0.00831
4326,20.0,A,4326,0.05016,0.00641
2808,24.0,C,2808,0.04213,0.00939
2221,28.0,B,2221,0.07488,0.00491
3159,20.0,E,3159,0.01319,0.00779
7947,16.0,E,7947,0.01923,0.02399
3329,32.0,E,3329,0.00945,0.02084
6302,28.0,F,6302,0.01727,0.16837
748,28.0,B,748,0.00921,0.00074
5862,36.0,D,5862,0.05525,0.00275
2417,32.0,D,2417,0.00516,0.00093
2427,16.0,F,2427,0.03506,0.10141
8208,24.0,E,8208,0.02644,0.00713
2867,28.0,A,2867,0.02367,0.00054
6044,20.0,A,6044,0.01494,0.00338
1468,36.0,E,1468,0.00643,0.03163
8701,32.0,F,8701,0.01872,0.08969
6820,36.0,F,6820,0.03149,0.00879
8070,12.0,B,8070,0.04557,0.02329
722,24.0,D,722,0.00562,0.0042
1418,12.0,F,1418,0.01517,0.03365
3452,24.0,E,3452,0.09539,0.00188
1384,12.0,A,1384,0.12275,0.01689
1361,32.0,F,1361,0.04093,0.04357
5670,36.0,A,5670,0.04289,0.00015
8945,28.0,B,8945,0.07817,0.00128
3440,40.0,E,3440,0.00258,0.0158
3549,28.0,F,3549,0.00474,0.03649
9266,16.0,A,9266,0.02544,0.02705
2943,40.0,E,2943,0.01942,0.01955
3351,32.0,F,3351,0.01014,0.01192
9527,16.0,F,9527,0.00733,0.01374
8605,24.0,C,8605,0.00044,0.00196
6229,20.0,B,6229,0.00439,0.00443
1753,32.0,A,1753,0.02122,0.00027
9107,28.0,F,9107,0.02126,0.02299
9976,40.0,A,9976,0.02448,3e-05
698,28.0,C,698,0.06309,0.00503
1826,20.0,A,1826,0.00159,0.00403
3109,24.0,A,3109,0.07097,0.00313
6783,20.0,E,6783,0.0015,0.0028
1390,24.0,A,1390,0.02984,0.00125
5018,36.0,D,5018,0.00752,0.00186
8023,28.0,C,8023,0.00937,0.00105
2485,32.0,D,2485,0.00726,0.00174
6952,40.0,A,6952,0.03141,8e-05
496,12.0,E,496,0.03424,0.02767
133,16.0,A,133,0.02297,0.00406
4095,16.0,B,4095,0.03034,0.01279
5890,16.0,B,5890,0.36592,0.00985
6396,16.0,D,6396,0.002,0.00825
1488,40.0,D,1488,0.00778,0.01818
161,28.0,C,161,0.03156,0.00195
5602,16.0,B,5602,0.01001,0.00959
1111,28.0,E,1111,0.0332,0.00744
6176,36.0,B,6176,0.01588,0.0002
3658,36.0,E,3658,0.00623,0.00653
1976,40.0,F,1976,0.01086,0.12263
2047,24.0,C,2047,0.00429,0.00131
3862,28.0,F,3862,0.00204,0.01722
2424,12.0,F,2424,0.00659,0.03523
8369,36.0,C,8369,0.04389,0.0059
4385,16.0,F,4385,0.04097,0.03633
3053,32.0,A,3053,0.01728,0.00017
360,28.0,D,360,0.1169,0.00146
9935,36.0,A,9935,0.01294,0.00012
1512,20.0,F,1512,0.11131,0.01717
4133,40.0,F,4133,0.07995,0.01948
6426,36.0,C,6426,0.01957,0.00153
3593,24.0,A,3593,0.05002,0.00214
2591,24.0,A,2591,0.03335,0.00261
8465,20.0,D,8465,0.00045,0.00575
7248,24.0,B,7248,0.05416,0.00243
629,36.0,E,629,0.00728,0.00444
3919,32.0,E,3919,0.06353,0.04253
7080,28.0,E,7080,0.01251,0.04132
8253,36.0,E,8253,0.04157,0.07294
3578,28.0,F,3578,0.09182,0.01401
1152,16.0,A,1152,0.05065,0.01217
7825,32.0,B,7825,0.01673,0.0005
4282,24.0,C,4282,0.03578,0.00434
5093,36.0,B,5093,0.00453,0.00029
826,32.0,E,826,0.01787,0.04789
6981,40.0,D,6981,0.00984,0.00714
484,12.0,E,484,0.01447,0.04567
627,32.0,E,627,0.01184,0.035
6486,24.0,C,6486,0.01421,0.00215
1475,24.0,A,1475,0.04322,0.00328
8499,40.0,E,8499,0.0071,0.05954
2705,28.0,E,2705,0.02759,0.02415
2884,12.0,B,2884,0.07065,0.04916
2449,16.0,D,2449,0.0458,0.01766
2675,16.0,B,2675,0.03116,0.01626
9255,20.0,D,9255,0.01628,0.0057
2507,32.0,D,2507,0.02259,0.00234
2483,40.0,F,2483,0.01888,0.02804
7632,40.0,C,7632,0.00405,0.00026
1969,36.0,E,1969,0.01305,0.02513
6085,20.0,B,6085,0.02482,0.00461
7294,40.0,F,7294,0.01129,0.03421
7513,12.0,D,7513,0.04668,0.02052
9372,20.0,E,9372,0.04247,0.013
4668,12.0,F,4668,0.01752,0.03006
9650,20.0,C,9650,0.16056,0.00424
3273,40.0,D,3273,0.00555,0.00073
960,16.0,C,960,0.17843,0.01586
5523,20.0,A,5523,0.00975,0.00466
4364,24.0,D,4364,0.18349,0.0053
4676,24.0,E,4676,0.00409,0.00904
394,36.0,F,394,0.00855,0.00217
3582,36.0,C,3582,0.00189,0.00431
1667,12.0,B,1667,0.07853,0.02555
7805,28.0,E,7805,0.01315,0.0033
327,20.0,C,327,0.06798,0.00331
2169,24.0,E,2169,0.00842,0.02233
959,28.0,F,959,0.13479,0.04498
8957,40.0,D,8957,0.0057,0.00745
7446,12.0,C,7446,0.07261,0.03686
2325,16.0,B,2325,0.11534,0.01944
8435,20.0,D,8435,0.15647,0.03897
5194,12.0,A,5194,0.08814,0.03259
3188,32.0,F,3188,0.00768,0.00922
1531,32.0,C,1531,0.00815,0.00557
5640,40.0,E,5640,0.10551,0.03831
3539,32.0,D,3539,0.00082,0.01283
711,28.0,A,711,0.04859,0.00088
6629,12.0,A,6629,0.08956,0.01662
5654,12.0,F,5654,0.30152,0.02817
5305,12.0,A,5305,0.00967,0.02702
4578,40.0,A,4578,0.01645,5e-05
7147,20.0,C,7147,0.09001,0.0033
1939,36.0,F,1939,0.03531,0.00328
3964,12.0,A,3964,0.108,0.0288
9649,32.0,A,9649,0.01642,0.00028
1354,16.0,D,1354,0.00347,0.01393
7900,16.0,B,7900,0.00742,0.01152
6721,28.0,B,6721,0.00139,0.00184
6278,40.0,E,6278,0.01026,0.00441
9234,32.0,A,9234,0.01992,0.00042
9009,16.0,A,9009,0.08336,0.01337
665,40.0,F,665,0.34544,0.01729
402,24.0,A,402,0.02459,0.00193
6413,28.0,A,6413,0.04043,0.00089
4886,12.0,B,4886,0.00717,0.02582
5013,32.0,E,5013,0.00951,0.00543
2572,36.0,C,2572,0.02385,0.01385
4741,40.0,E,4741,0.00058,0.01349
1473,40.0,C,1473,0.00782,0.00106
1444,32.0,B,1444,0.00534,0.00055
344,32.0,D,344,0.02014,0.00325
6692,36.0,A,6692,0.01414,8e-05
9434,36.0,C,9434,0.01332,0.00132
8194,20.0,B,8194,0.00741,0.00427
3967,28.0,D,3967,0.00316,0.00163
1814,20.0,C,1814,0.10277,0.01927
909,16.0,C,909,0.03458,0.01568
3474,40.0,A,3474,0.04717,7e-05
5379,28.0,F,5379,0.00333,0.01772
2615,28.0,A,2615,0.06423,0.00173
3973,32.0,F,3973,0.00536,0.01744
1787,36.0,C,1787,0.03349,0.01438
3564,36.0,F,3564,0.02506,0.07035
3915,40.0,D,3915,0.00615,0.00638
4850,20.0,D,4850,0.02496,0.00459
6487,28.0,E,6487,0.00852,0.00698
5137,28.0,B,5137,0.00804,0.00102
7445,40.0,B,7445,0.02266,0.00069
4598,16.0,E,4598,0.0214,0.03406
492,32.0,C,492,0.00462,0.00189
968,24.0,B,968,0.03535,0.00317
1856,12.0,C,1856,0.00256,0.0278
1901,20.0,D,1901,0.01093,0.00373
5691,28.0,C,5691,0.01821,0.00272
5720,40.0,A,5720,0.00767,3e-05
7773,24.0,D,7773,0.00274,0.00638
1717,28.0,E,1717,0.06005,0.00531
7717,36.0,E,7717,0.00547,0.00512
6029,20.0,D,6029,0.02284,0.01552
9829,36.0,F,9829,0.0404,0.00651
6967,16.0,D,6967,0.01991,0.01327
6942,36.0,D,6942,0.00976,0.00592
6008,16.0,E,6008,0.01042,0.00838
9049,36.0,B,9049,0.01041,0.0003
7566,36.0,B,7566,0.03341,0.00127
6763,36.0,F,6763,0.01769,0.03158
7907,40.0,B,7907,0.00652,0.00055
9053,28.0,A,9053,0.02932,0.00095
7263,20.0,F,7263,0.02405,0.05746
3738,40.0,B,3738,0.00369,9e-05
4319,28.0,D,4319,0.00467,0.00594
7771,36.0,D,7771,0.00295,0.00206
6737,28.0,A,6737,0.04123,0.00111
8063,32.0,B,8063,0.07553,0.00074
3845,24.0,B,3845,0.00278,0.00118
665,20.0,A,665,0.02718,0.00621
7342,16.0,E,7342,0.00514,0.03081
5488,12.0,A,5488,0.07167,0.01755
9905,40.0,A,9905,0.03648,2e-05
2882,12.0,D,2882,0.24577,0.05329
6232,36.0,A,6232,0.00659,0.00014
5560,28.0,B,5560,0.01192,0.00104
6202,32.0,A,6202,0.05337,0.00047
7063,12.0,D,7063,0.02469,0.02847
1059,24.0,D,1059,0.00529,0.00762
8210,16.0,D,8210,0.00619,0.02142
5215,16.0,F,5215,0.01498,0.0338
2473,16.0,F,2473,0.03049,0.05592
6144,40.0,D,6144,0.01451,0.0002
2578,40.0,C,2578,0.00206,0.00113
9324,32.0,D,9324,0.02131,0.02036
4953,36.0,D,4953,0.0074,0.00717
7600,20.0,B,7600,0.04132,0.00556
3776,36.0,D,3776,0.03377,0.00644
3025,12.0,F,3025,0.07025,0.04257
4837,28.0,D,4837,0.06024,0.00117
2067,36.0,E,2067,0.02122,0.05156
5804,24.0,D,5804,0.00717,0.00254
109,12.0,E,109,0.02409,0.08243
2977,40.0,D,2977,0.00289,0.00119
2333,36.0,F,2333,0.00195,0.02465
9721,16.0,C,9721,0.00974,0.01454
4254,12.0,B,4254,0.03621,0.04101
352,12.0,C,352,0.03576,0.04593
5593,32.0,D,5593,0.01359,0.00066
8539,32.0,A,8539,0.04417,0.00036
6813,28.0,E,6813,0.03526,0.00318
4968,16.0,B,4968,0.05316,0.00962
9604,36.0,A,9604,0.00193,0.0001
8665,24.0,E,8665,0.05468,0.08198
5442,36.0,B,5442,0.16885,0.00028
3341,16.0,E,3341,0.01766,0.02069
3671,24.0,C,3671,0.04758,0.00537
4530,32.0,A,4530,0.01728,0.00028
3979,40.0,A,3979,0.0372,5e-05
4255,28.0,E,4255,0.00258,0.01744
3404,16.0,E,3404,0.03147,0.05515
1182,12.0,D,1182,0.05754,0.02074
4181,20.0,C,4181,0.01294,0.00526
2207,40.0,B,2207,0.07964,7e-05
3135,20.0,B,3135,0.00755,0.00465
8716,24.0,C,8716,0.00809,0.00234
3751,16.0,A,3751,0.04652,0.01146
9070,36.0,B,9070,0.74515,0.00017
9440,32.0,E,9440,0.01714,0.05724
6594,40.0,B,6594,0.1181,0.00116
9389,36.0,C,9389,0.27622,0.00385
2061,20.0,C,2061,0.4009,0.00235
2084,12.0,C,2084,0.05153,0.02588
4354,12.0,A,4354,0.14801,0.04855
2146,12.0,F,2146,0.36609,0.05455
8536,40.0,C,8536,0.00228,0.00274
6480,20.0,B,6480,0.00306,0.00775
5050,40.0,D,5050,0.00352,0.03119
1604,40.0,D,1604,0.00193,0.01809
5438,24.0,D,5438,0.00879,0.00526
145,28.0,E,145,0.01977,0.01838
9883,32.0,F,9883,0.01288,0.11634
7725,20.0,E,7725,0.00134,0.00703
5446,24.0,E,5446,0.04287,0.02523
8551,16.0,E,8551,0.012,0.02118
5929,32.0,B,5929,0.00237,0.00108
4629,36.0,F,4629,0.00535,0.01963
166,20.0,D,166,0.04261,0.00949
4707,40.0,E,4707,0.00307,0.03195
5729,16.0,D,5729,0.02281,0.0208
7029,20.0,B,7029,0.00933,0.00529
4203,16.0,F,4203,0.11225,0.02716
9944,20.0,C,9944,0.00292,0.00747
3114,24.0,D,3114,0.02125,0.00452
5458,32.0,A,5458,0.03901,0.00026
6498,20.0,E,6498,0.12699,0.00685
2249,16.0,B,2249,0.00173,0.00765
7876,36.0,F,7876,0.27969,0.04196
230,40.0,B,230,0.08347,0.00051
9828,16.0,F,9828,0.08227,0.0543
9610,24.0,B,9610,0.08958,0.00195
1028,12.0,D,1028,0.02081,0.03077
9928,28.0,C,9928,0.0067,0.00119
3328,16.0,D,3328,0.01169,0.0563
4778,36.0,F,4778,0.00926,0.03707
7410,28.0,F,7410,0.0235,0.00304
5591,28.0,A,5591,0.03493,0.0012
7331,12.0,B,7331,0.21613,0.01865
1452,28.0,A,1452,0.02794,0.0009
9352,40.0,F,9352,0.03887,0.0162
3788,32.0,F,3788,0.00378,0.0461
8133,24.0,C,8133,0.01915,0.00228
7842,12.0,A,7842,0.093,0.03357
5724,20.0,E,5724,0.06499,0.01202
5324,16.0,F,5324,0.18,0.0996
7258,24.0,C,7258,0.00874,0.00637
8513,20.0,F,8513,0.02277,0.01248
3417,32.0,F,3417,0.00835,0.03332
7980,24.0,F,7980,0.00773,0.02062
8190,40.0,B,8190,0.00782,0.00014
2577,28.0,E,2577,0.14348,0.00929
936,24.0,F,936,0.00445,0.10532
5151,24.0,F,5151,0.10903,0.07339
8963,20.0,C,8963,0.04038,0.00391
7475,32.0,E,7475,0.01067,0.01437
129,40.0,E,129,0.00888,0.01007
1171,20.0,F,1171,0.07364,0.01806
2675,40.0,E,2675,0.14999,0.03274
6503,36.0,B,6503,0.01155,0.00143
7859,20.0,E,7859,0.03194,0.01126
732,32.0,E,732,0.00394,0.00283
3763,24.0,C,3763,0.05056,0.00197
9113,40.0,C,9113,0.05866,0.00602
2970,28.0,E,2970,0.03088,0.00308
5323,36.0,F,5323,0.01297,0.09975
387,40.0,D,387,0.00374,0.00521
1818,16.0,D,1818,0.04376,0.01656
8170,36.0,D,8170,0.01339,0.0059
6181,32.0,D,6181,0.01922,0.02475
5341,20.0,F,5341,0.04276,0.01715
462,28.0,E,462,0.06417,0.0066
5430,24.0,A,5430,0.03513,0.00344
6287,16.0,B,6287,0.04181,0.0112
2463,20.0,F,2463,0.03858,0.01821
3548,24.0,A,3548,0.05186,0.00104
6804,28.0,E,6804,0.04681,0.0038
5978,24.0,C,5978,0.05072,0.00171
7209,16.0,E,7209,0.00302,0.02279
5121,28.0,D,5121,0.01377,0.00162
3915,28.0,D,3915,0.00219,0.00258
1216,40.0,F,1216,0.11165,0.03685
590,40.0,E,590,0.01801,0.00587
4719,32.0,B,4719,0.01308,0.00048
5299,24.0,F,5299,0.02226,0.05964
8470,28.0,E,8470,0.00691,0.03133
9649,16.0,E,9649,0.06429,0.08655
5701,28.0,E,5701,0.02667,0.0072
8148,16.0,C,8148,0.03613,0.02257
886,12.0,A,886,0.12054,0.0389
706,28.0,F,706,0.00322,0.03995
3870,40.0,D,3870,0.04172,0.00069
1183,20.0,B,1183,0.09844,0.00201
3362,28.0,D,3362,0.00056,0.00707
6034,24.0,A,6034,0.03423,0.00198
1544,20.0,F,1544,0.00678,0.02043
9321,16.0,A,9321,0.0762,0.00596
8,32.0,A,8,0.02335,0.00032
8384,40.0,F,8384,0.02301,0.0299
1730,16.0,C,1730,0.03187,0.01267
4357,24.0,C,4357,0.01001,0.00223
5398,40.0,E,5398,0.00193,0.07811
7371,20.0,D,7371,0.10136,0.03391
3011,32.0,C,3011,0.00025,0.00052
5893,12.0,C,5893,0.00164,0.02436
9502,24.0,D,9502,0.01692,0.00574
1491,12.0,B,1491,0.08304,0.02115
1082,36.0,A,1082,0.04297,0.00011
1179,32.0,B,1179,0.11706,0.00074
8777,12.0,A,8777,0.05951,0.04601
3673,12.0,C,3673,0.0146,0.03962
9137,16.0,E,9137,0.0624,0.02685
7445,36.0,E,7445,0.00642,0.02901
6028,16.0,D,6028,0.00514,0.01982
6964,32.0,A,6964,0.05648,0.00035
7538,20.0,E,7538,0.0087,0.01225
7864,36.0,B,7864,0.05043,0.0013
3487,32.0,E,3487,0.15403,0.0145
4638,12.0,E,4638,0.00457,0.03356
2836,36.0,F,2836,0.1503,0.03573
6604,16.0,F,6604,0.07154,0.03454
893,24.0,E,893,0.01635,0.00522
2907,24.0,F,2907,0.00437,0.05737
217,24.0,A,217,0.01718,0.00221
670,28.0,B,670,0.07004,0.00148
3036,32.0,D,3036,0.09178,0.01578
1423,24.0,E,1423,0.01641,0.01604
3765,20.0,D,3765,0.20172,0.00418
4489,40.0,E,4489,0.01407,0.01205
9134,20.0,C,9134,0.02376,0.00721
2155,20.0,F,2155,0.07547,0.06432
7156,28.0,A,7156,0.03205,0.00056
3334,36.0,B,3334,0.04243,0.00113
1041,28.0,A,1041,0.0522,0.00069
1608,20.0,B,1608,0.24448,0.00485
3605,12.0,C,3605,0.01732,0.02757
6002,40.0,F,6002,0.00149,0.00819
5820,36.0,F,5820,0.01483,0.00703
944,20.0,A,944,0.04135,0.00982
510,28.0,A,510,0.05194,0.00128
620,28.0,F,620,0.00686,0.01603
242,24.0,D,242,0.00437,0.01254
5683,36.0,B,5683,0.00206,0.00158
4615,28.0,E,4615,0.00936,0.0015
1136,20.0,C,1136,0.00147,0.00957
2914,12.0,C,2914,0.02954,0.04345
2045,20.0,E,2045,0.02098,0.00917
5648,40.0,B,5648,0.00052,5e-05
4744,28.0,D,4744,0.02422,0.00221
523,28.0,F,523,0.03731,0.00118
9725,40.0,D,9725,0.0131,0.01113
9039,32.0,F,9039,0.01836,0.06231
9969,20.0,B,9969,0.00603,0.00764
7912,40.0,C,7912,0.00557,0.00088
6462,20.0,C,6462,0.00407,0.01409
4236,36.0,F,4236,0.01738,0.0183
3911,16.0,E,3911,0.08951,0.01583
984,12.0,F,984,0.00504,0.04631
7858,32.0,E,7858,0.00844,0.01668
8981,20.0,E,8981,0.01204,0.05421
8815,20.0,F,8815,0.02609,0.02312
9080,28.0,C,9080,0.00225,0.00212
4629,16.0,E,4629,0.01194,0.0663
1040,28.0,F,1040,0.09303,0.01585
2124,12.0,A,2124,0.05146,0.03148
6583,24.0,C,6583,0.00253,0.00369
4140,20.0,E,4140,0.00539,0.00539
6020,20.0,C,6020,0.00508,0.00655
1466,28.0,E,1466,0.03695,0.0093
382,28.0,D,382,0.00771,0.00092
2316,28.0,A,2316,0.03169,0.00076
4242,40.0,C,4242,0.09527,0.0034
8021,28.0,E,8021,0.03184,0.00495
5367,16.0,A,5367,0.062,0.01846
3027,32.0,D,3027,0.01591,0.00751
56,32.0,E,56,0.00758,0.01054
8148,32.0,C,8148,0.00131,0.01524
3116,16.0,D,3116,0.0018,0.01686
2539,16.0,F,2539,0.05609,0.02694
6574,12.0,B,6574,0.0341,0.03623
2184,32.0,F,2184,0.07829,0.03034
8812,40.0,C,8812,0.00563,0.0008
2246,36.0,D,2246,0.02782,0.00107
8120,20.0,C,8120,0.00247,0.00594
5483,40.0,A,5483,0.01594,6e-05
5406,12.0,C,5406,0.0152,0.04008
457,24.0,F,457,0.00367,0.00413
2879,32.0,A,2879,0.03495,0.00044
8505,28.0,A,8505,0.01054,0.00121
1223,28.0,E,1223,0.09545,0.00464
7977,28.0,D,7977,0.04784,0.0047
1942,40.0,A,1942,0.03595,6e-05
7709,28.0,E,7709,0.14285,0.02677
181,16.0,B,181,0.00446,0.01596
1415,36.0,A,1415,0.007,6e-05
9653,28.0,F,9653,0.00357,0.06056
5171,16.0,B,5171,0.03927,0.01748
3380,16.0,F,3380,0.06074,0.01965
5325,40.0,D,5325,0.00167,0.00092
9039,20.0,A,9039,0.05133,0.00546
2123,20.0,B,2123,0.01994,0.00505
978,12.0,F,978,0.0042,0.06253
9765,20.0,C,9765,0.37943,0.00563
1791,12.0,A,1791,0.15579,0.0376
3393,32.0,F,3393,0.02375,0.0444
1123,20.0,D,1123,0.01965,0.00932
388,20.0,E,388,0.00673,0.01024
9082,36.0,A,9082,0.1399,7e-05
8922,16.0,B,8922,0.00103,0.01016
9881,16.0,F,9881,0.00418,0.06029
7282,32.0,D,7282,0.00101,0.008
810,36.0,E,810,0.0049,0.05427
1220,32.0,A,1220,0.00076,0.00033
9954,40.0,A,9954,0.03228,4e-05
7490,16.0,E,7490,0.07348,0.01689
5315,28.0,B,5315,0.03609,0.00201
5824,36.0,B,5824,0.00247,0.00083
1792,40.0,D,1792,0.00336,0.00119
6153,20.0,E,6153,0.01326,0.01321
3320,12.0,B,3320,0.06028,0.03505
402,40.0,A,402,0.01206,6e-05
3521,24.0,B,3521,0.00281,0.00111
803,20.0,E,803,0.00991,0.02233
8158,16.0,A,8158,0.0435,0.01457
2036,40.0,D,2036,0.00391,0.00145
1862,36.0,B,1862,0.02213,0.00024
2597,16.0,E,2597,0.06043,0.02301
2526,32.0,D,2526,0.01598,0.00126
5273,16.0,D,5273,0.01112,0.015
4542,40.0,C,4542,0.05242,0.00033
5572,36.0,A,5572,0.01643,0.00011
1626,16.0,A,1626,0.02606,0.01
7083,16.0,E,7083,0.03775,0.0266
5596,16.0,E,5596,0.04726,0.02593
6881,20.0,A,6881,0.03818,0.01039
5916,40.0,D,5916,0.01473,0.00027
7363,32.0,B,7363,0.00297,0.00025
1220,40.0,D,1220,0.00386,0.00148
660,12.0,B,660,0.00088,0.01015
968,12.0,A,968,0.11091,0.0222
8008,20.0,C,8008,0.01977,0.0076
4426,40.0,D,4426,0.01142,0.00315
5115,12.0,D,5115,0.01923,0.03704
1072,24.0,E,1072,0.00226,0.0326
921,12.0,E,921,0.06551,0.04611
6492,12.0,C,6492,0.00835,0.03354
7123,24.0,F,7123,0.01379,0.00979
3573,16.0,A,3573,0.08839,0.02133
962,12.0,B,962,0.19409,0.03903
5866,24.0,B,5866,0.02632,0.00175
2431,24.0,E,2431,0.01496,0.02009
1307,32.0,A,1307,0.02754,0.00044
7032,32.0,E,7032,0.01612,0.03888
3722,40.0,C,3722,0.00345,0.00046
6742,20.0,A,6742,0.0435,0.00384
1703,12.0,C,1703,0.19212,0.05955
5733,28.0,D,5733,0.01107,0.00115
5165,20.0,B,5165,0.00953,0.00799
6954,12.0,A,6954,0.06707,0.02107
3726,40.0,C,3726,0.04767,0.00206
9338,16.0,C,9338,0.01138,0.01097
1581,36.0,B,1581,0.1126,0.0003
4493,20.0,B,4493,0.00246,0.00608
8330,40.0,A,8330,0.00826,6e-05
8140,20.0,E,8140,0.05611,0.0121
643,32.0,A,643,0.0436,0.00027
7354,16.0,D,7354,0.02927,0.02108
3797,36.0,B,3797,0.18538,0.00011
5025,24.0,D,5025,0.08655,0.00439
3856,20.0,D,3856,0.01714,0.01521
6588,40.0,A,6588,0.01293,5e-05
7457,12.0,B,7457,0.06267,0.03146
5505,32.0,D,5505,0.04382,0.00392
9536,36.0,C,9536,0.04154,0.00117
4192,32.0,F,4192,0.05326,0.06919
9956,16.0,B,9956,0.01615,0.0113
926,12.0,B,926,0.15158,0.03055
1673,16.0,B,1673,0.01173,0.0052
9182,28.0,F,9182,0.01713,0.06166
6000,32.0,E,6000,0.02514,0.00229
5437,32.0,E,5437,0.08114,0.03308
8158,16.0,B,8158,0.00452,0.00912
5983,24.0,B,5983,0.00222,0.00253
2650,16.0,D,2650,0.03132,0.01688
581,32.0,F,581,0.00252,0.04434
4361,12.0,D,4361,0.0013,0.02416
8557,36.0,E,8557,0.03811,0.00556
655,36.0,E,655,0.00168,0.00178
3849,40.0,F,3849,0.02976,0.02801
8736,28.0,F,8736,0.12143,0.00422
881,36.0,B,881,0.02832,0.00028
4862,32.0,F,4862,0.00776,0.05658
480,40.0,D,480,0.00846,0.00312
5754,28.0,D,5754,0.04595,0.00138
9543,28.0,C,9543,0.01157,0.001
6679,36.0,E,6679,0.01861,0.01427
2289,16.0,A,2289,0.04704,0.01783
4163,16.0,B,4163,0.11862,0.0108
4227,24.0,E,4227,0.00747,0.03018
2387,28.0,C,2387,0.00409,0.00383
2123,36.0,C,2123,0.01191,0.0003
3149,32.0,F,3149,0.00771,0.03153
112,24.0,D,112,0.00254,0.00283
7669,40.0,C,7669,0.0499,0.00621
6494,12.0,A,6494,0.05883,0.04074
1365,12.0,E,1365,0.01033,0.05921
4317,28.0,D,4317,0.00189,0.0026
8046,20.0,B,8046,0.00248,0.0044
1499,20.0,B,1499,0.0206,0.00878
7186,40.0,E,7186,0.00697,0.04437
5559,16.0,D,5559,0.00626,0.02093
7324,20.0,C,7324,0.04702,0.00533
8482,28.0,F,8482,0.01518,0.07692
1622,24.0,D,1622,0.03244,0.00272
748,12.0,C,748,0.03745,0.02248
8812,16.0,E,8812,0.00491,0.05426
1379,36.0,C,1379,0.03387,0.00336
9076,36.0,E,9076,0.02762,0.03322
6973,40.0,F,6973,0.01809,0.02115
115,32.0,B,115,0.00716,0.00028
4101,32.0,E,4101,0.03068,0.01005
5414,32.0,E,5414,0.0191,0.02202
6220,12.0,D,6220,0.06809,0.02064
8878,28.0,A,8878,0.04139,0.00157
1181,12.0,A,1181,0.10388,0.04536
6712,32.0,F,6712,0.05622,0.02875
4409,40.0,C,4409,0.00986,0.00141
8083,32.0,B,8083,0.00718,0.00017
5070,28.0,B,5070,0.00131,0.00053
8788,20.0,E,8788,0.009,0.02039
4419,28.0,D,4419,0.00216,0.00118
8063,32.0,A,8063,0.01522,0.00039
3258,24.0,F,3258,0.00553,0.02576
9336,32.0,C,9336,0.00233,0.00233
5842,12.0,C,5842,0.06631,0.01526
2491,24.0,D,2491,0.02366,0.00774
363,20.0,F,363,0.00451,0.03665
515,28.0,A,515,0.02902,0.00092
5537,20.0,F,5537,0.01548,0.01875
4734,16.0,A,4734,0.04228,0.01762
7234,40.0,E,7234,0.1189,0.01686
5025,24.0,E,5025,0.05804,0.00417
533,28.0,C,533,0.00507,0.00104
2301,20.0,E,2301,0.02016,0.00817
7815,28.0,E,7815,0.02853,0.06833
463,12.0,F,463,0.04109,0.02837
3814,24.0,B,3814,0.00895,0.00173
5375,12.0,B,5375,0.00356,0.04597
3593,40.0,D,3593,0.08228,0.03124
2223,32.0,D,2223,0.0157,0.00993
5835,28.0,E,5835,0.0071,0.01476
1902,16.0,A,1902,0.02986,0.00838
3604,40.0,E,3604,0.00579,0.0094
9541,28.0,C,9541,0.00495,0.00127
863,12.0,D,863,0.01189,0.03752
2705,20.0,F,2705,0.0161,0.03524
9698,32.0,C,9698,0.00311,0.0023
794,32.0,A,794,0.03666,0.00049
5273,32.0,B,5273,0.02872,0.00038
8982,32.0,C,8982,0.00019,0.00157
1610,32.0,A,1610,0.01693,0.00034
5474,28.0,E,5474,0.02738,0.06743
1435,24.0,F,1435,0.02506,0.00613
7277,24.0,B,7277,0.07057,0.00144
8335,16.0,B,8335,0.00677,0.01705
4807,16.0,B,4807,0.01535,0.01235
4329,24.0,C,4329,0.02144,0.0048
7955,16.0,A,7955,0.04799,0.01295
1976,40.0,B,1976,0.01207,7e-05
7104,40.0,F,7104,0.01032,0.01909
7055,20.0,F,7055,0.02292,0.06263
2993,24.0,E,2993,0.00242,0.01433
2267,12.0,E,2267,0.0131,0.04357
4574,36.0,B,4574,0.00781,0.00052
3043,20.0,A,3043,0.05232,0.00622
120,36.0,E,120,0.01163,0.01617
4652,40.0,F,4652,0.05472,0.00135
9843,32.0,B,9843,0.00073,0.00038
2763,20.0,E,2763,0.02498,0.01004
9368,16.0,D,9368,0.08131,0.01099
6064,28.0,A,6064,0.0173,0.00111
6196,36.0,E,6196,0.00111,0.00889
6360,24.0,A,6360,0.02524,0.0012
4201,12.0,F,4201,0.02516,0.04757
4582,16.0,D,4582,0.04803,0.02768
1667,40.0,D,1667,0.00353,0.00233
7152,12.0,D,7152,0.00369,0.04524
821,24.0,F,821,0.02907,0.01139
752,28.0,D,752,0.00729,0.00412
3237,28.0,D,3237,0.06326,0.00512
7632,16.0,F,7632,0.01613,0.02964
7010,16.0,C,7010,0.04571,0.019
2531,20.0,B,2531,0.01203,0.00654
9301,36.0,C,9301,0.02595,0.00518
1777,12.0,C,1777,0.00408,0.04486
3458,36.0,E,3458,0.05526,0.05877
3973,12.0,D,3973,0.01138,0.02762
356,20.0,E,356,0.04111,0.07484
7512,40.0,A,7512,0.05255,6e-05
7278,16.0,A,7278,0.03405,0.00763
5057,36.0,A,5057,0.03693,0.0001
7025,32.0,C,7025,0.04925,0.00136
8568,40.0,A,8568,0.01762,2e-05
6491,24.0,B,6491,0.00605,0.00274
4588,20.0,A,4588,0.05892,0.00471
8312,32.0,D,8312,0.00971,0.01613
6234,32.0,E,6234,0.01398,0.08505
9014,32.0,A,9014,0.02205,0.00016
1176,24.0,B,1176,0.00423,0.00183
652,28.0,F,652,0.06975,0.05058
4192,40.0,E,4192,0.39888,0.0086
7942,40.0,E,7942,0.00814,0.01351
3685,28.0,A,3685,0.01656,0.00066
9011,20.0,D,9011,0.00505,0.02538
1463,32.0,C,1463,0.03232,0.0148
4723,28.0,B,4723,0.08035,0.0017
772,16.0,E,772,0.00501,0.07652
1441,24.0,A,1441,0.01754,0.00212
9084,32.0,F,9084,0.00563,0.0103
9233,36.0,D,9233,0.02007,0.00342
5024,20.0,E,5024,0.01181,0.01828
8358,40.0,B,8358,0.0292,3e-05
2603,12.0,C,2603,0.14223,0.03303
142,28.0,E,142,0.07375,0.00239
5559,24.0,F,5559,0.05915,0.01489
22,24.0,A,22,0.02169,0.0017
8818,24.0,C,8818,0.0471,0.00394
6754,20.0,C,6754,0.01271,0.00436
7732,32.0,D,7732,0.01472,0.00217
4616,16.0,E,4616,0.02103,0.0384
2709,12.0,D,2709,0.07112,0.04959
5239,40.0,A,5239,0.0195,5e-05
3082,36.0,C,3082,0.04761,0.00228
4750,12.0,B,4750,0.03615,0.03088
6885,32.0,C,6885,0.06631,0.00168
4572,20.0,D,4572,0.03539,0.02895
2369,12.0,A,2369,0.02862,0.00998
3113,32.0,C,3113,0.02027,0.01921
980,20.0,A,980,0.01561,0.00672
9295,20.0,C,9295,0.00927,0.00709
1761,16.0,B,1761,0.1509,0.00957
9016,28.0,C,9016,0.00296,0.00167
8274,20.0,F,8274,0.02212,0.03779
8935,40.0,E,8935,0.04962,0.0025
4177,12.0,A,4177,0.05975,0.03635
8587,20.0,C,8587,0.03089,0.00266
880,28.0,E,880,0.03213,0.00248
9095,40.0,A,9095,0.01522,6e-05
7445,20.0,E,7445,0.00533,0.01191
7882,32.0,B,7882,0.00449,0.00146
2053,24.0,A,2053,0.05654,0.00216
6717,28.0,A,6717,0.00379,0.00089
5130,32.0,D,5130,0.01497,0.00038
3565,16.0,E,3565,0.10443,0.02594
945,20.0,A,945,0.03524,0.00464
3898,12.0,B,3898,0.03238,0.04789
3380,16.0,D,3380,0.07244,0.01745
9737,28.0,C,9737,0.00724,0.00127
2848,24.0,F,2848,0.00992,0.0386
650,20.0,F,650,0.03587,0.05477
1899,20.0,D,1899,0.07669,0.01941
9585,28.0,C,9585,0.00234,0.002
4512,20.0,C,4512,0.01755,0.00606
74,28.0,C,74,0.04975,0.00221
1463,36.0,B,1463,0.06063,0.00051
727,24.0,B,727,0.05173,0.00386
106,28.0,A,106,0.04307,0.0008
6311,40.0,B,6311,0.00206,0.00205
63,36.0,D,63,0.0139,0.00131
8951,36.0,A,8951,0.01701,0.00013
295,32.0,F,295,0.03089,0.01799
4245,28.0,F,4245,0.00358,0.01504
540,28.0,E,540,0.02825,0.00667
9322,16.0,C,9322,0.01887,0.01302
8394,40.0,A,8394,0.0369,7e-05
4536,20.0,E,4536,0.01618,0.07076
9231,32.0,F,9231,0.01037,0.02154
801,12.0,C,801,0.01037,0.02792
8907,36.0,D,8907,0.00744,0.00881
714,40.0,E,714,0.00262,0.00567
8124,20.0,E,8124,0.00506,0.0082
8782,36.0,E,8782,0.00834,0.03494
9398,40.0,C,9398,0.00853,0.00416
7593,36.0,F,7593,0.01825,0.03842
7689,20.0,E,7689,0.00526,0.00751
3052,16.0,A,3052,0.03749,0.00644
547,12.0,F,547,0.56557,0.05732
4517,16.0,E,4517,0.00575,0.02169
1715,40.0,D,1715,0.04848,0.00314
3754,32.0,E,3754,0.00293,0.03088
4603,12.0,C,4603,0.05237,0.01854
875,12.0,B,875,0.00579,0.02884
1257,24.0,A,1257,0.00784,0.00158
2401,12.0,F,2401,0.0194,0.01914
9317,20.0,D,9317,0.03958,0.01163
5017,32.0,A,5017,0.03067,0.00039
9294,36.0,D,9294,0.02688,0.00695
6234,28.0,C,6234,0.03135,0.00102
1418,20.0,F,1418,0.05745,0.04219
8542,16.0,D,8542,0.01648,0.03179
8176,16.0,D,8176,0.00831,0.02257
1816,36.0,F,1816,0.01188,0.01893
9817,20.0,A,9817,0.0476,0.0043
5675,36.0,C,5675,0.00699,0.00103
9234,32.0,F,9234,0.0017,0.01253
6817,12.0,D,6817,0.0305,0.04394
8068,16.0,C,8068,0.01297,0.01436
3925,28.0,A,3925,0.02305,0.00041
2748,40.0,D,2748,0.01046,0.00699
4674,20.0,F,4674,0.04964,0.02471
3454,32.0,F,3454,0.00419,0.06725
7766,32.0,B,7766,0.00038,0.00037
5029,20.0,B,5029,0.00414,0.00607
1853,32.0,E,1853,0.02233,0.03235
9146,24.0,E,9146,0.01144,0.02375
7900,36.0,A,7900,0.02171,0.00012
6789,12.0,A,6789,0.01272,0.03386
506,36.0,D,506,0.00339,0.00146
2125,12.0,A,2125,0.10886,0.05808
1793,24.0,A,1793,0.02631,0.00126
3536,36.0,B,3536,0.21227,0.00266
4977,40.0,C,4977,0.01775,0.00175
5496,40.0,F,5496,0.01586,0.08701
5917,16.0,F,5917,0.09877,0.11837
125,36.0,E,125,0.02889,0.02999
6444,16.0,F,6444,0.0091,0.02787
6280,24.0,A,6280,0.021,0.00213
962,24.0,E,962,0.00547,0.00563
9831,20.0,D,9831,0.17185,0.00655
3081,28.0,A,3081,0.01875,0.00092
9799,24.0,F,9799,0.01847,0.03587
7429,32.0,D,7429,0.05306,0.00389
4684,32.0,C,4684,0.0774,0.00023
485,36.0,F,485,0.0073,0.00978
3917,16.0,B,3917,0.00184,0.01661
9565,20.0,E,9565,0.0091,0.00871
3222,24.0,C,3222,0.0231,0.00203
6055,28.0,A,6055,0.01211,0.00104
3111,20.0,A,3111,0.03942,0.00726
1806,12.0,B,1806,0.01585,0.03228
885,24.0,E,885,0.08295,0.01271
1129,16.0,E,1129,0.00935,0.04803
9071,32.0,F,9071,0.12204,0.01249
1057,12.0,B,1057,0.00892,0.02443
463,24.0,F,463,0.01183,0.0295
3311,32.0,D,3311,0.00579,0.00225
2005,40.0,F,2005,0.10657,0.03531
9691,32.0,C,9691,0.0208,0.00231
6807,12.0,E,6807,0.00849,0.03065
9731,20.0,C,9731,0.00258,0.00477
3462,12.0,F,3462,0.07603,0.03224
4005,32.0,B,4005,0.01011,0.00307
8379,32.0,C,8379,0.00734,0.00162
9608,32.0,F,9608,0.01633,0.01989
2602,32.0,E,2602,0.00814,0.03243
9075,32.0,D,9075,0.00188,0.00068
7379,40.0,F,7379,0.02044,0.00514
3558,16.0,B,3558,0.02448,0.01248
969,36.0,C,969,0.00825,0.00166
559,28.0,B,559,0.00062,0.00149
8782,20.0,E,8782,0.03451,0.01412
3802,28.0,F,3802,0.089,0.01894
9353,36.0,B,9353,0.02085,0.00022
4615,28.0,D,4615,0.00347,0.00057
3867,36.0,E,3867,0.00811,0.01694
3605,20.0,C,3605,0.00318,0.0067
9888,16.0,E,9888,0.0167,0.03166
481,40.0,D,481,0.01969,0.0005
2833,24.0,E,2833,0.01941,0.00184
7133,40.0,A,7133,0.01109,5e-05
7168,12.0,B,7168,0.00979,0.0412
7111,20.0,B,7111,0.05964,0.00428
9549,24.0,E,9549,0.03571,0.02483
4070,32.0,F,4070,0.0087,0.05047
380,28.0,A,380,0.01808,0.00043
4455,28.0,A,4455,0.02293,0.00118
658,36.0,F,658,0.08091,0.06536
1237,24.0,A,1237,0.04412,0.00172
7781,28.0,C,7781,0.0196,0.00214
9849,20.0,E,9849,0.03837,0.02247
7788,20.0,B,7788,0.84593,0.00519
3351,16.0,C,3351,0.16786,0.01074
2683,12.0,E,2683,0.01181,0.02473
9444,20.0,A,9444,0.03112,0.00562
4540,24.0,B,4540,0.00248,0.00212
6812,12.0,D,6812,0.00205,0.03478
598,20.0,E,598,0.00065,0.04019
2388,12.0,E,2388,0.04862,0.07144
2514,20.0,A,2514,0.05691,0.00326
3474,20.0,A,3474,0.01091,0.00643
8315,28.0,B,8315,0.03563,0.00094
2520,24.0,F,2520,0.01552,0.04905
4735,12.0,B,4735,0.01015,0.0183
1631,24.0,B,1631,0.01135,0.00202
4406,40.0,D,4406,0.00477,0.00014
8278,20.0,A,8278,0.04702,0.00345
7764,24.0,A,7764,0.02299,0.00219
7831,40.0,F,7831,0.0088,0.01212
4077,36.0,A,4077,0.03361,0.00014
1610,28.0,E,1610,0.00514,0.00114
5151,36.0,D,5151,0.03663,0.00374
1701,32.0,B,1701,0.02163,0.00028
7558,28.0,B,7558,0.02884,0.00156
4280,20.0,B,4280,0.00871,0.00775
1160,28.0,C,1160,0.0029,0.00083
8516,20.0,B,8516,0.11331,0.00587
6535,28.0,A,6535,0.00249,0.00093
7248,28.0,D,7248,0.00798,0.01517
5078,28.0,A,5078,0.01111,0.001
2248,16.0,C,2248,0.01768,0.01141
8196,24.0,D,8196,0.04681,0.00497
2635,24.0,C,2635,0.00579,0.00274
1393,24.0,D,1393,0.02361,0.01208
9380,28.0,C,9380,0.00606,0.00136
4761,28.0,A,4761,0.02265,0.00076
9582,40.0,A,9582,0.05072,4e-05
1147,28.0,B,1147,0.02135,0.00103
190,24.0,A,190,0.04921,0.00109
5190,28.0,A,5190,0.03858,0.00051
2461,40.0,B,2461,0.0011,0.0013
8428,24.0,F,8428,0.00921,0.01356
705,16.0,D,705,0.19077,0.01994
3609,20.0,C,3609,0.01384,0.0082
1843,40.0,E,1843,0.02463,0.00734
1503,36.0,D,1503,0.00753,0.00607
1915,16.0,D,1915,0.02267,0.00852
6297,36.0,E,6297,0.00221,0.01012
767,40.0,A,767,0.03037,6e-05
4497,28.0,F,4497,0.02995,0.0175
7284,16.0,E,7284,0.16614,0.01441
9668,40.0,A,9668,0.01532,6e-05
5952,24.0,B,5952,0.00965,0.0031
2054,28.0,A,2054,0.01471,0.00034
2319,16.0,C,2319,0.01734,0.01403
1429,24.0,E,1429,0.002,0.01061
2379,32.0,D,2379,0.00114,0.01214
6789,28.0,A,6789,0.03181,0.00071
7973,36.0,D,7973,0.12643,0.00068
7883,16.0,A,7883,0.03568,0.01041
3393,20.0,C,3393,0.00394,0.003
4908,28.0,D,4908,0.01705,0.00152
346,28.0,D,346,0.00109,0.00989
1783,20.0,C,1783,0.18549,0.00596
5189,32.0,F,5189,0.01693,0.04307
5450,12.0,E,5450,0.47598,0.03422
7503,40.0,A,7503,0.09226,4e-05
4751,32.0,C,4751,0.01237,0.00185
452,36.0,B,452,0.02621,0.00055
1551,16.0,B,1551,0.01711,0.01999
6719,24.0,A,6719,0.02639,0.0028
3687,16.0,C,3687,0.01019,0.01059
6355,40.0,B,6355,0.00512,0.00063
6886,36.0,E,6886,0.01457,0.00617
2053,16.0,E,2053,0.01119,0.01347
91,32.0,F,91,0.11131,0.15842
1926,24.0,F,1926,0.00195,0.02162
3425,36.0,F,3425,0.0477,0.00782
482,32.0,D,482,0.00426,0.01581
5918,24.0,E,5918,0.00326,0.02001
951,12.0,C,951,0.13549,0.03528
3552,40.0,B,3552,0.00131,0.00047
1574,20.0,C,1574,0.00957,0.00311
267,36.0,B,267,0.01026,0.00028
5993,24.0,D,5993,0.01344,0.0084
3466,12.0,C,3466,0.00922,0.0452
5876,28.0,F,5876,0.00549,0.0051
7502,28.0,E,7502,0.01331,0.00708
3884,28.0,D,3884,0.01612,0.00229
9727,24.0,E,9727,0.0184,0.03798
2697,12.0,D,2697,0.01887,0.03392
9482,40.0,C,9482,0.17988,0.00318
7027,20.0,C,7027,0.00754,0.00745
1088,32.0,C,1088,0.17523,0.00716
4980,20.0,A,4980,0.02812,0.00517
5816,36.0,D,5816,0.09807,0.00072
5910,16.0,D,5910,0.03377,0.01552
4,12.0,F,4,0.00259,0.06316
7381,28.0,B,7381,0.00287,0.00443
9604,36.0,C,9604,0.30126,0.00021
2028,12.0,E,2028,0.0031,0.06935
2184,28.0,F,2184,0.07251,0.12269
8055,24.0,A,8055,0.03126,0.00219
7605,28.0,A,7605,0.02104,0.00089
4635,16.0,A,4635,0.08262,0.01593
4580,32.0,E,4580,0.02981,0.0056
1585,16.0,F,1585,0.12265,0.08648
7822,24.0,A,7822,0.01564,0.00139
8672,24.0,B,8672,0.00569,0.00081
8020,40.0,E,8020,0.06099,0.03304
1769,36.0,F,1769,0.01231,0.03491
9116,20.0,E,9116,0.03418,0.00859
1185,32.0,E,1185,0.06344,0.01268
266,28.0,D,266,0.02993,0.01152
7997,16.0,A,7997,0.07361,0.01266
3277,12.0,B,3277,0.0127,0.06162
8738,32.0,B,8738,0.00162,0.00033
4874,28.0,D,4874,0.00803,0.00614
2588,32.0,F,2588,0.00466,0.00444
4663,12.0,D,4663,0.00351,0.02928
5240,12.0,E,5240,0.05058,0.05551
2838,40.0,A,2838,0.0231,5e-05
8861,16.0,B,8861,0.01369,0.01243
5962,12.0,E,5962,0.00549,0.03975
8901,32.0,E,8901,0.00132,0.02072
7639,36.0,C,7639,0.13665,0.00031
6987,40.0,C,6987,0.00092,0.00049
3063,32.0,B,3063,0.00334,0.00225
5521,28.0,B,5521,0.0053,0.00087
9767,16.0,D,9767,0.07969,0.01976
8460,24.0,F,8460,0.0164,0.04629
7231,40.0,C,7231,0.01083,0.00018
1068,32.0,B,1068,0.31134,0.00028
9258,40.0,D,9258,0.01942,0.01825
7489,20.0,C,7489,0.03898,0.01148
6241,28.0,B,6241,0.00381,0.00067
2630,12.0,D,2630,0.25545,0.03683
8952,16.0,C,8952,0.01719,0.01312
7223,20.0,B,7223,0.00735,0.00567
239,32.0,F,239,0.0042,0.0345
3617,28.0,E,3617,0.06498,0.02333
3795,24.0,D,3795,0.00319,0.00322
5601,16.0,F,5601,0.05257,0.01533
6330,20.0,B,6330,0.00134,0.00514
7798,20.0,F,7798,0.13615,0.01617
5574,40.0,E,5574,0.03674,0.06284
5035,24.0,A,5035,0.03187,0.00113
5168,16.0,B,5168,0.00648,0.01854
5772,16.0,A,5772,0.03847,0.01126
4884,32.0,D,4884,0.02558,0.00883
2778,32.0,B,2778,0.00655,0.00124
1529,12.0,A,1529,0.14319,0.02952
1809,40.0,A,1809,0.01244,6e-05
6898,12.0,A,6898,0.06528,0.02541
5259,36.0,A,5259,0.02325,0.00024
4255,36.0,A,4255,0.04362,0.0002
6308,40.0,B,6308,0.00091,0.00023
4612,40.0,A,4612,0.06289,4e-05
8876,36.0,D,8876,0.01828,0.00107
5907,24.0,D,5907,0.01753,0.00315
4299,40.0,F,4299,0.22056,0.04929
8631,32.0,F,8631,0.01502,0.14132
5940,32.0,A,5940,0.00373,0.00035
1891,40.0,C,1891,0.00067,0.00703
3133,32.0,E,3133,0.00507,0.05445
463,20.0,C,463,0.00176,0.00429
5379,40.0,D,5379,0.26913,0.0087
3802,40.0,D,3802,0.1629,0.0235
2637,20.0,D,2637,0.00334,0.00793
2626,36.0,F,2626,0.01119,0.01725
8917,36.0,F,8917,0.05182,0.01189
3025,16.0,E,3025,0.06991,0.00942
7213,16.0,F,7213,0.00201,0.02705
3007,20.0,B,3007,0.01416,0.00515
2184,12.0,C,2184,0.01102,0.03062
4665,32.0,D,4665,0.00308,0.00306
2246,16.0,F,2246,0.06732,0.02101
9068,20.0,E,9068,0.01056,0.00818
401,32.0,F,401,0.09744,0.00787
1761,36.0,C,1761,0.13807,0.00295
1241,16.0,A,1241,0.07739,0.01757
6817,36.0,F,6817,0.03501,0.00923
6347,20.0,F,6347,0.0206,0.04217
268,32.0,F,268,0.01735,0.05005
3278,24.0,E,3278,0.00436,0.00436
4103,32.0,D,4103,0.1634,0.00824
6056,12.0,A,6056,0.51679,0.05146
6175,36.0,C,6175,0.00765,0.00208
4018,40.0,C,4018,0.03232,0.00161
2846,12.0,F,2846,0.01525,0.06814
8196,28.0,E,8196,0.00055,0.00401
6653,16.0,A,6653,0.02651,0.01806
6200,16.0,C,6200,0.02956,0.01388
2163,20.0,B,2163,0.01695,0.00668
4986,16.0,F,4986,0.00398,0.06526
9899,36.0,F,9899,0.00559,0.0199
8745,20.0,B,8745,0.01142,0.00956
7811,28.0,E,7811,0.10689,0.01569
1532,32.0,D,1532,0.03786,0.00053
466,36.0,C,466,0.16262,0.0042
9601,24.0,D,9601,0.05105,0.00523
3734,16.0,A,3734,0.0765,0.0116
5598,20.0,D,5598,0.0032,0.00355
7323,36.0,F,7323,0.02809,0.00165
2103,12.0,D,2103,0.01254,0.02009
9424,28.0,B,9424,0.03814,0.00083
9242,32.0,F,9242,0.01032,0.02917
11,24.0,B,11,0.01629,0.00231
4222,32.0,E,4222,0.02464,0.01642
2094,32.0,F,2094,0.02555,0.04129
992,24.0,F,992,0.00363,0.01306
5788,32.0,B,5788,0.02176,0.00028
3015,36.0,E,3015,0.00113,0.0426
9622,20.0,E,9622,0.0707,0.02494
5342,36.0,A,5342,0.02097,0.00014
5425,20.0,E,5425,0.00567,0.02227
1812,24.0,D,1812,0.00078,0.00121
6938,28.0,A,6938,0.04232,0.00082
5720,24.0,D,5720,0.01612,0.01232
2982,40.0,E,2982,0.00202,0.0052
1895,40.0,E,1895,0.01153,0.03382
118,20.0,B,118,0.00507,0.0062
7175,16.0,E,7175,0.02399,0.0135
9533,40.0,F,9533,0.01229,0.01572
327,36.0,C,327,0.02686,0.00845
1311,24.0,A,1311,0.02501,0.0019
5839,20.0,A,5839,0.11085,0.00388
3271,12.0,C,3271,0.00552,0.04704
3835,28.0,C,3835,0.01426,0.00103
6716,16.0,B,6716,0.0448,0.01581
7541,36.0,C,7541,0.00049,0.0011
9162,32.0,B,9162,0.02035,0.00209
9481,28.0,E,9481,0.00501,0.02562
5239,36.0,B,5239,0.00323,0.00023
7004,36.0,F,7004,0.03162,0.00925
1641,40.0,F,1641,0.00486,0.07358
7936,24.0,F,7936,0.097,0.06897
1161,36.0,C,1161,0.01155,0.00089
570,24.0,B,570,0.02965,0.00192
7566,16.0,B,7566,0.00437,0.01552
810,40.0,D,810,0.0108,0.00324
8306,32.0,A,8306,0.02448,0.00033
4515,40.0,F,4515,0.01358,0.01091
3078,16.0,E,3078,0.00065,0.01705
5264,16.0,E,5264,0.10347,0.01481
4183,16.0,D,4183,0.00193,0.00851
4522,28.0,E,4522,0.03864,0.02076
309,36.0,D,309,0.88472,0.01382
5187,24.0,B,5187,0.01501,0.00118
8198,28.0,F,8198,0.01975,0.01513
6598,20.0,D,6598,0.02229,0.01363
790,28.0,F,790,0.003,0.0503
698,20.0,F,698,0.02238,0.01806
8739,16.0,F,8739,0.01503,0.07643
5059,36.0,A,5059,0.02062,6e-05
2864,28.0,C,2864,0.5039,0.00142
1145,40.0,B,1145,0.00297,0.00062
7067,12.0,E,7067,0.08066,0.05234
9633,40.0,C,9633,0.08571,0.00248
8142,24.0,D,8142,0.00428,0.00187
657,16.0,F,657,0.03149,0.04242
3647,40.0,D,3647,0.00519,0.00621
9125,20.0,D,9125,0.00231,0.00797
720,24.0,F,720,0.05265,0.03234
2635,36.0,C,2635,0.03406,0.00344
5675,36.0,F,5675,0.0133,0.01324
9672,28.0,B,9672,0.00772,0.00158
135,12.0,E,135,0.03617,0.04076
46,12.0,C,46,0.08719,0.04189
8571,32.0,E,8571,0.00097,0.00132
5265,24.0,B,5265,0.02085,0.002
9159,32.0,A,9159,0.04589,0.00049
8261,32.0,D,8261,0.02605,0.00352
3290,16.0,C,3290,0.17122,0.01829
3626,28.0,A,3626,0.02093,0.00068
7959,40.0,C,7959,0.02746,0.00235
1192,28.0,E,1192,0.01293,0.03579
9797,36.0,F,9797,0.1213,0.01361
8440,36.0,E,8440,0.05247,0.00945
7247,16.0,A,7247,0.10596,0.00827
166,12.0,C,166,0.05107,0.02293
8313,24.0,D,8313,0.02211,0.01296
528,36.0,F,528,0.01562,0.06603
4070,12.0,B,4070,0.00486,0.02128
2425,28.0,F,2425,0.14175,0.04786
4938,36.0,A,4938,0.03551,0.00012
9562,36.0,F,9562,0.01147,0.06422
4058,36.0,F,4058,0.01029,0.00207
4182,40.0,A,4182,0.01672,6e-05
4852,36.0,B,4852,0.02308,0.00292
3049,36.0,D,3049,0.04982,0.00358
2086,28.0,B,2086,0.05414,0.00099
3901,32.0,E,3901,0.00132,0.03225
3765,28.0,A,3765,0.0465,0.00088
8271,20.0,A,8271,0.20388,0.00651
9245,40.0,F,9245,0.04351,0.04716
6927,12.0,B,6927,0.00282,0.03352
2402,40.0,C,2402,0.00067,0.00022
5040,20.0,D,5040,0.00688,0.00459
7663,16.0,C,7663,0.01189,0.01193
9345,24.0,D,9345,0.00954,0.00191
2663,32.0,D,2663,0.02479,0.0045
3831,36.0,A,3831,0.02793,6e-05
2641,24.0,B,2641,0.03436,0.00178
4038,32.0,B,4038,0.02034,0.00046
5213,20.0,C,5213,0.02841,0.00623
647,24.0,E,647,0.04654,0.0167
7270,16.0,C,7270,0.61645,0.0118
6851,28.0,D,6851,0.02854,0.01139
6622,40.0,B,6622,0.02165,0.00013
8623,36.0,C,8623,0.04192,0.00459
7805,24.0,A,7805,0.05694,0.00247
2288,24.0,F,2288,0.12724,0.0266
1272,40.0,D,1272,0.00806,0.00045
3227,32.0,C,3227,0.0075,0.00134
4844,12.0,F,4844,0.07131,0.03929
3012,12.0,D,3012,0.00372,0.04406
5384,28.0,F,5384,0.00372,0.03567
9455,32.0,F,9455,0.02896,0.07833
5698,32.0,F,5698,0.00725,0.03501
3995,32.0,E,3995,0.00206,0.00385
2195,20.0,D,2195,0.00469,0.00632
4215,36.0,A,4215,0.00426,0.00023
6763,20.0,D,6763,0.02074,0.00485
1295,12.0,E,1295,0.03469,0.03312
3439,40.0,C,3439,0.01228,0.00495
4313,20.0,F,4313,0.00692,0.02257
4818,24.0,E,4818,0.00097,0.00298
9618,28.0,A,9618,0.0227,0.00062
6346,40.0,A,6346,0.02692,4e-05
3906,20.0,E,3906,0.00525,0.00428
2174,32.0,D,2174,0.01996,0.01539
8981,16.0,A,8981,0.04214,0.00934
2050,12.0,A,2050,0.11702,0.03797
9694,36.0,F,9694,0.01449,0.0602
5394,32.0,D,5394,0.00138,0.00038
8961,24.0,C,8961,0.00752,0.01408
1166,20.0,C,1166,0.06839,0.00663
9371,40.0,A,9371,0.02612,8e-05
7443,12.0,C,7443,0.02107,0.04223
3927,20.0,F,3927,0.05878,0.05889
6277,16.0,A,6277,0.02979,0.01185
5836,32.0,A,5836,0.03152,0.00028
6217,24.0,F,6217,0.0241,0.02423
8473,36.0,F,8473,0.01223,0.04546
433,12.0,B,433,0.20868,0.0195
4309,32.0,B,4309,0.00648,0.00102
834,28.0,E,834,0.00215,0.00091
5844,36.0,D,5844,0.01949,0.00746
5254,20.0,E,5254,0.00558,0.00822
7682,32.0,A,7682,0.00519,0.00015
8348,20.0,F,8348,0.01563,0.09583
6834,32.0,D,6834,0.00183,0.00163
4382,36.0,B,4382,0.24211,0.00107
9617,32.0,D,9617,0.00292,0.01496
2340,36.0,F,2340,0.01101,0.01681
2440,12.0,B,2440,0.01759,0.02601
7017,28.0,B,7017,0.03197,0.00093
4900,12.0,F,4900,0.00358,0.03446
3372,12.0,F,3372,0.035,0.02752
3427,20.0,E,3427,0.20678,0.00757
9779,20.0,E,9779,0.00333,0.00647
3625,40.0,F,3625,0.00725,0.00653
4476,28.0,E,4476,0.00511,0.03265
7513,20.0,D,7513,0.14823,0.01006
4824,16.0,C,4824,0.01457,0.0089
6666,36.0,A,6666,0.03569,0.00013
9923,36.0,A,9923,0.03094,0.00012
952,36.0,F,952,0.00667,0.00769
8179,40.0,E,8179,0.02105,0.01001
6930,24.0,D,6930,0.01352,0.04409
7673,20.0,B,7673,0.02122,0.00246
3978,32.0,C,3978,0.00586,0.00275
6529,16.0,B,6529,0.00701,0.01687
3352,40.0,B,3352,0.025,0.00068
6116,36.0,F,6116,0.0176,0.01802
6176,36.0,D,6176,0.00184,0.01803
3113,32.0,B,3113,0.05526,0.0006
8659,40.0,F,8659,0.01391,0.03502
1762,40.0,E,1762,0.00808,0.00389
8734,28.0,A,8734,0.02026,0.00082
1357,16.0,A,1357,0.05142,0.0103
1364,20.0,C,1364,0.00868,0.00404
1205,40.0,F,1205,0.02833,0.06238
6437,24.0,E,6437,0.00103,0.02421
1603,40.0,A,1603,0.02636,9e-05
9309,20.0,C,9309,0.10468,0.00336
6157,32.0,D,6157,0.01868,0.00176
3246,20.0,F,3246,0.02965,0.28871
6943,28.0,E,6943,0.00528,0.02689
470,12.0,C,470,0.02006,0.04032
3762,40.0,C,3762,0.01848,0.00017
4551,16.0,D,4551,0.01749,0.01339
9211,16.0,E,9211,0.11364,0.02609
780,28.0,B,780,0.00193,0.00161
7055,24.0,B,7055,0.00148,0.00229
5845,28.0,B,5845,0.22538,0.00173
6142,32.0,D,6142,0.00112,0.00156
3001,28.0,B,3001,0.008,0.00134
8675,36.0,B,8675,0.24365,0.00022
7298,28.0,E,7298,0.00838,0.022
7786,24.0,A,7786,0.15682,0.00166
2864,32.0,F,2864,0.00941,0.01535
9595,40.0,E,9595,0.20163,0.0564
9075,20.0,D,9075,0.01761,0.00552
9411,16.0,C,9411,0.07039,0.00695
7350,24.0,E,7350,0.01723,0.00275
372,24.0,F,372,0.01242,0.19416
4799,24.0,E,4799,0.01844,0.00493
7765,16.0,C,7765,0.00447,0.00605
9592,20.0,B,9592,0.04804,0.00665
4048,32.0,E,4048,0.02908,0.01753
1335,16.0,A,1335,0.05418,0.01596
2432,40.0,F,2432,0.01314,0.02476
8297,24.0,F,8297,0.01744,0.07914
9351,36.0,E,9351,0.00824,0.00374
3142,20.0,C,3142,0.00675,0.00526
2904,32.0,F,2904,0.00482,0.03135
5972,24.0,C,5972,0.12999,0.00367
5227,32.0,F,5227,0.16283,0.06454
9036,32.0,B,9036,0.00184,0.00034
6775,12.0,C,6775,0.02686,0.02623
3211,20.0,C,3211,0.03388,0.00472
9116,32.0,A,9116,0.03661,0.00036
8872,32.0,E,8872,0.02936,0.01079
5059,12.0,F,5059,0.01064,0.05616
4200,16.0,B,4200,0.00506,0.00974
9095,32.0,F,9095,0.01872,0.0294
5946,40.0,F,5946,0.02109,0.02146
8529,20.0,A,8529,0.06794,0.00542
9537,32.0,C,9537,0.02275,0.00028
6271,36.0,E,6271,0.00598,0.01277
944,36.0,D,944,0.00884,0.00066
6389,28.0,C,6389,0.0199,0.00999
9507,28.0,D,9507,0.009,0.00337
7987,40.0,F,7987,0.02,0.04393
3354,36.0,F,3354,0.06443,0.02956
3735,24.0,D,3735,0.00762,0.00408
2941,20.0,D,2941,0.00968,0.0047
7371,16.0,F,7371,0.0356,0.04271
773,16.0,E,773,0.02705,0.00977
7626,40.0,A,7626,0.02635,5e-05
7076,20.0,A,7076,0.15637,0.01205
4569,12.0,B,4569,0.0898,0.02815
4774,32.0,E,4774,0.00692,0.00475
9812,40.0,B,9812,0.00408,0.00029
710,36.0,A,710,0.03263,9e-05
3315,16.0,E,3315,0.03624,0.0652
678,40.0,A,678,0.02478,3e-05
259,28.0,F,259,0.00461,0.03283
9565,16.0,E,9565,0.09575,0.01348
4261,36.0,D,4261,0.00629,0.00065
8641,28.0,E,8641,0.0679,0.04367
8645,16.0,C,8645,0.00149,0.01585
4385,40.0,B,4385,0.00563,0.00012
3427,28.0,D,3427,0.02497,0.00057
5332,36.0,D,5332,0.00536,0.00512
1573,32.0,E,1573,0.04197,0.00273
66,16.0,C,66,0.01697,0.01908
4457,40.0,E,4457,0.06866,0.00022
1415,28.0,D,1415,0.00481,0.004
4605,28.0,D,4605,0.00206,0.00155
7944,32.0,D,7944,0.00822,0.00776
9167,24.0,C,9167,0.02266,0.00359
9504,20.0,A,9504,0.01132,0.00523
1911,12.0,A,1911,0.14458,0.03465
819,20.0,B,819,0.01465,0.00735
9978,40.0,B,9978,0.07464,0.00086
4108,36.0,F,4108,0.03629,0.02562
2897,24.0,E,2897,0.01794,0.05433
1212,32.0,A,1212,0.02089,0.00038
9719,36.0,E,9719,0.02002,0.02128
1705,32.0,A,1705,0.01591,0.00051
3875,16.0,F,3875,0.01499,0.04904
1442,24.0,A,1442,0.04382,0.00225
5357,36.0,E,5357,0.0104,0.00075
8881,20.0,D,8881,0.00084,0.00493
1452,32.0,A,1452,0.00312,0.00043
7888,24.0,E,7888,0.00514,0.00948
343,32.0,C,343,0.00113,0.00143
6792,28.0,A,6792,0.00196,0.0006
4310,40.0,D,4310,0.01674,0.00353
4564,32.0,D,4564,0.00808,0.00118
5237,28.0,C,5237,0.01164,0.00161
4183,28.0,E,4183,0.0332,0.00411
9441,24.0,F,9441,0.01277,0.05934
2406,40.0,E,2406,0.01938,0.00741
4638,16.0,C,4638,0.00123,0.02211
8420,32.0,C,8420,0.01673,0.00132
7287,36.0,D,7287,0.02213,0.00237
2154,36.0,C,2154,0.01643,0.00038
948,20.0,F,948,0.03828,0.02641
1012,16.0,B,1012,0.00104,0.00574
1376,36.0,B,1376,0.0669,0.00014
9214,28.0,B,9214,0.09413,0.0013
2112,16.0,B,2112,0.16213,0.01412
2650,24.0,C,2650,0.0156,0.00085
5207,36.0,F,5207,0.03505,0.01379
2010,32.0,E,2010,0.03659,0.04504
3816,36.0,F,3816,0.023,0.00243
7335,16.0,F,7335,0.02224,0.10158
2295,20.0,B,2295,0.00039,0.00645
2657,12.0,E,2657,0.03862,0.06522
2199,40.0,A,2199,0.03262,4e-05
8650,36.0,B,8650,0.05307,0.00013
8379,12.0,A,8379,0.1199,0.021
4616,16.0,B,4616,0.0063,0.00991
9559,40.0,F,9559,0.03199,0.02076
5515,12.0,D,5515,0.00729,0.05151
9942,16.0,A,9942,0.02884,0.01765
8168,16.0,D,8168,0.10128,0.03033
1289,36.0,D,1289,0.01162,0.00143
9992,40.0,F,9992,0.01923,0.01392
6547,36.0,E,6547,0.15678,0.00454
7552,40.0,D,7552,0.0193,0.00686
476,28.0,E,476,0.07665,0.02267
5839,24.0,D,5839,0.01827,0.01354
9546,36.0,C,9546,0.05121,0.0003
6886,12.0,E,6886,0.06422,0.09816
9368,36.0,A,9368,0.02398,0.00013
771,12.0,E,771,0.02866,0.05955
631,36.0,F,631,0.02205,0.00432
6477,40.0,B,6477,0.00538,0.00282
3284,36.0,A,3284,0.09087,0.00011
1839,20.0,E,1839,0.00782,0.01086
6272,28.0,E,6272,0.0082,0.03376
5732,32.0,E,5732,0.00164,0.01568
8893,40.0,C,8893,0.06154,0.00871
1272,32.0,E,1272,0.0095,0.04317
6687,16.0,F,6687,0.0705,0.03823
4574,16.0,F,4574,0.01321,0.03191
9123,32.0,F,9123,0.01559,0.13835
241,36.0,C,241,0.00339,0.00385
5112,12.0,B,5112,0.24831,0.03578
5583,28.0,E,5583,0.02084,0.00697
2462,28.0,E,2462,0.02929,0.00933
7940,40.0,B,7940,0.05254,0.00194
2184,40.0,E,2184,0.00751,0.00906
4073,40.0,E,4073,0.0207,0.00826
2265,20.0,A,2265,0.03124,0.00624
4691,24.0,F,4691,0.00745,0.02004
5093,12.0,B,5093,0.11305,0.04402
3205,28.0,C,3205,0.02331,0.00539
8104,32.0,B,8104,0.00535,0.00181
6436,24.0,F,6436,0.01021,0.0089
5816,16.0,A,5816,0.02281,0.00979
5141,36.0,D,5141,0.0047,0.00353
1282,12.0,E,1282,0.01377,0.03105
5999,20.0,F,5999,0.03981,0.0473
9760,16.0,F,9760,0.00896,0.01608
2079,36.0,A,2079,0.02049,0.00018
2832,16.0,D,2832,0.05209,0.03062
3148,36.0,D,3148,0.01034,0.01314
8193,40.0,E,8193,0.0084,0.00593
250,16.0,B,250,0.0018,0.00711
1148,12.0,C,1148,0.02903,0.01745
1368,12.0,C,1368,0.00604,0.05437
1180,16.0,C,1180,0.23273,0.01654
6748,12.0,D,6748,0.01836,0.03464
5981,16.0,B,5981,0.06152,0.01381
407,24.0,C,407,0.04583,0.00688
3258,16.0,F,3258,0.0191,0.03244
7844,36.0,C,7844,0.04253,0.00108
8244,28.0,E,8244,0.0234,0.01951
3137,16.0,E,3137,0.01675,0.06788
2272,12.0,A,2272,0.19472,0.03257
4933,36.0,C,4933,0.00243,0.00124
364,20.0,A,364,0.00744,0.00927
6366,16.0,B,6366,0.12215,0.02624
6657,32.0,B,6657,0.00085,0.00053
8501,36.0,B,8501,0.00094,0.00201
4602,36.0,A,4602,0.01099,0.0001
3359,20.0,E,3359,0.00118,0.01676
7748,28.0,D,7748,0.02348,0.00178
9958,28.0,A,9958,0.01792,0.00075
7762,36.0,D,7762,0.0144,0.00314
9505,40.0,A,9505,0.02089,4e-05
511,32.0,C,511,0.00975,0.00049
8799,16.0,C,8799,0.01433,0.01366
9316,36.0,B,9316,0.00042,0.00109
6416,32.0,C,6416,0.0025,0.00935
3791,20.0,D,3791,0.00449,0.01584
4136,20.0,D,4136,0.0079,0.00643
2926,16.0,A,2926,0.05319,0.0107
4668,40.0,A,4668,0.03233,6e-05
3982,36.0,A,3982,0.03916,0.00026
2161,24.0,A,2161,0.05478,0.00138
1352,16.0,C,1352,0.01237,0.0269
4092,32.0,E,4092,0.03003,0.01327
1978,28.0,D,1978,0.04465,0.01514
2673,16.0,C,2673,0.00348,0.01163
849,28.0,E,849,0.00811,0.00192
2376,12.0,A,2376,0.1188,0.03294
8202,36.0,A,8202,0.01536,0.0001
4813,32.0,F,4813,0.01446,0.09326
6501,20.0,E,6501,0.02279,0.01678
9349,20.0,C,9349,0.0661,0.00439
14,24.0,E,14,0.01661,0.00432
899,16.0,F,899,0.07165,0.02016
8110,16.0,B,8110,0.00285,0.00687
5842,24.0,B,5842,0.01377,0.00351
789,12.0,D,789,0.08645,0.10671
4380,16.0,A,4380,0.04387,0.00737
6196,24.0,D,6196,0.00799,0.00292
5242,20.0,E,5242,0.01225,0.04031
8873,32.0,B,8873,0.09031,0.00184
3946,36.0,A,3946,0.08925,8e-05
9611,40.0,B,9611,0.00611,0.00021
131,32.0,D,131,0.02158,0.00476
2964,20.0,A,2964,0.03257,0.00465
6995,24.0,D,6995,0.01015,0.00608
5403,12.0,E,5403,0.0073,0.0195
9875,16.0,D,9875,0.00797,0.01333
4474,12.0,A,4474,0.06266,0.02881
8814,24.0,A,8814,0.05291,0.00206
4158,16.0,C,4158,0.02012,0.01959
3809,20.0,A,3809,0.0613,0.00564
3269,12.0,E,3269,0.0652,0.02842
4522,24.0,E,4522,0.02803,0.00886
4594,32.0,C,4594,0.07476,0.00166
6291,24.0,B,6291,0.00624,0.00141
7871,16.0,A,7871,0.07007,0.01443
962,32.0,B,962,0.00274,0.00033
7921,12.0,A,7921,0.04118,0.03472
6707,28.0,F,6707,0.05585,0.06699
7815,20.0,D,7815,0.00061,0.00598
4178,28.0,B,4178,0.00167,0.00257
4993,16.0,E,4993,0.01597,0.02145
9093,16.0,E,9093,0.0056,0.04127
5439,24.0,A,5439,0.0271,0.00186
5920,36.0,B,5920,0.00285,0.00037
3296,16.0,B,3296,0.05258,0.00957
8279,40.0,D,8279,0.00601,0.00019
9255,16.0,A,9255,0.0437,0.0143
5080,28.0,F,5080,0.04903,0.07092
6333,40.0,A,6333,0.05144,5e-05
3336,20.0,A,3336,0.02254,0.00482
480,20.0,A,480,0.00999,0.0052
443,36.0,F,443,0.00833,0.03644
8766,24.0,A,8766,0.02195,0.00126
7472,24.0,F,7472,0.07976,0.02271
8874,28.0,A,8874,0.03633,0.00161
5267,20.0,E,5267,0.01509,0.01503
3882,24.0,C,3882,0.01938,0.00158
2112,28.0,F,2112,0.01236,0.00283
9751,32.0,B,9751,0.00365,0.0014
4295,32.0,D,4295,0.00483,0.00844
8872,28.0,F,8872,0.08015,0.01334
5547,12.0,B,5547,0.00141,0.02187
2957,16.0,A,2957,0.02,0.0133
7495,28.0,D,7495,0.06965,0.00191
5475,24.0,C,5475,0.00707,0.00831
1739,28.0,F,1739,0.03162,0.05176
918,16.0,C,918,0.01021,0.02495
8272,40.0,E,8272,0.01438,0.03803
9763,20.0,F,9763,0.0086,0.00947
5860,40.0,D,5860,0.27452,0.02329
4369,36.0,E,4369,0.0529,0.00352
1875,36.0,C,1875,0.01154,0.01532
8463,16.0,F,8463,0.05876,0.01881
1626,40.0,A,1626,0.03875,4e-05
2773,32.0,A,2773,0.029,0.0003
2304,32.0,F,2304,0.02147,0.01258
4955,16.0,A,4955,0.04872,0.01634
4098,28.0,D,4098,0.02097,0.00414
1588,20.0,B,1588,0.0137,0.0054
2034,12.0,B,2034,0.00615,0.03319
1045,20.0,C,1045,0.00331,0.00387
8489,28.0,F,8489,0.03056,0.01197
6036,28.0,B,6036,0.0038,0.00066
5985,12.0,E,5985,0.01535,0.06724
5921,40.0,A,5921,0.02198,5e-05
5855,28.0,E,5855,0.00332,0.00159
8839,32.0,A,8839,0.04087,0.00029
8239,40.0,B,8239,0.01407,0.00014
5333,32.0,D,5333,0.00171,0.00451
8547,20.0,C,8547,0.02119,0.01035
7227,32.0,A,7227,0.02187,0.00046
3760,20.0,A,3760,0.03803,0.00252
3869,28.0,A,3869,0.03751,0.00109
1728,20.0,A,1728,0.03437,0.0048
1465,24.0,A,1465,0.02056,0.00177
324,16.0,F,324,0.08202,0.05452
2813,16.0,D,2813,0.00769,0.02298
6273,32.0,F,6273,0.07156,0.0618
5055,24.0,A,5055,0.02478,0.00271
395,40.0,C,395,0.00085,0.00414
7075,28.0,F,7075,0.00594,0.00519
1371,28.0,B,1371,0.00061,0.0006
4933,32.0,A,4933,0.03241,0.00064
3775,32.0,A,3775,0.02734,0.00026
1939,16.0,B,1939,0.00916,0.01049
2367,28.0,F,2367,0.04225,0.04776
3908,32.0,D,3908,0.02206,0.00299
6309,36.0,F,6309,0.02963,0.04
4636,12.0,A,4636,0.05792,0.0305
7833,36.0,D,7833,0.02341,0.00132
9607,28.0,A,9607,0.05163,0.0018
9377,24.0,C,9377,0.01016,0.00352
302,28.0,D,302,0.01179,0.00419
6075,12.0,F,6075,0.06783,0.09167
6328,28.0,C,6328,0.00949,0.00216
5213,24.0,C,5213,0.00052,0.00367
2862,20.0,C,2862,0.00413,0.00308
8544,40.0,F,8544,0.0038,0.04405
6683,40.0,E,6683,0.00553,0.00719
8448,24.0,C,8448,0.00204,0.00204
9417,20.0,B,9417,0.0333,0.00401
4698,24.0,D,4698,0.00271,0.00454
4782,32.0,E,4782,0.00949,0.03936
9594,36.0,A,9594,0.07575,0.00015
4165,16.0,D,4165,0.00354,0.0112
1429,24.0,D,1429,0.00122,0.00352
8928,24.0,F,8928,0.00204,0.04771
3977,12.0,A,3977,0.15263,0.01292
976,28.0,D,976,0.0118,0.00136
1032,32.0,D,1032,0.03472,0.00408
6036,20.0,D,6036,0.00782,0.00764
2836,28.0,C,2836,0.00428,0.00176
7193,12.0,B,7193,0.20517,0.01875
6096,24.0,C,6096,0.00459,0.00277
2496,36.0,A,2496,0.0232,0.0001
5042,20.0,A,5042,0.06171,0.00628
8604,20.0,E,8604,0.01002,0.00591
4280,24.0,E,4280,0.0096,0.0154
2341,36.0,C,2341,0.00129,0.00046
1524,20.0,C,1524,0.03834,0.00303
7277,12.0,B,7277,0.03008,0.0307
7335,28.0,C,7335,0.078,0.00102
2433,12.0,E,2433,0.01157,0.0762
4075,40.0,D,4075,0.00323,0.00108
9811,16.0,C,9811,0.02291,0.01315
4281,40.0,A,4281,0.03579,5e-05
723,24.0,B,723,0.04372,0.00309
6726,32.0,B,6726,0.00414,0.00037
6848,12.0,C,6848,0.01682,0.03464
8126,28.0,E,8126,0.01854,0.01221
4380,36.0,F,4380,0.0221,0.08708
6840,16.0,F,6840,0.00681,0.04759
2727,32.0,A,2727,0.03993,0.00025
3561,12.0,E,3561,0.08593,0.03238
886,20.0,D,886,0.02032,0.00586
9491,20.0,A,9491,0.03986,0.00487
4159,40.0,B,4159,0.0592,0.00053
3092,32.0,A,3092,0.0266,0.00026
7507,36.0,D,7507,0.00817,0.00371
5684,28.0,C,5684,0.0068,0.00107
5255,24.0,F,5255,0.01991,0.07502
985,12.0,D,985,0.00536,0.01914
8627,20.0,C,8627,0.00262,0.00647
2321,16.0,D,2321,0.0321,0.01498
2612,28.0,F,2612,0.00839,0.00142
5994,40.0,B,5994,0.14596,0.0001
2919,36.0,C,2919,0.0206,0.00314
5845,36.0,E,5845,0.00239,0.00418
9392,28.0,E,9392,0.02523,0.00481
9467,20.0,F,9467,0.01726,0.08772
3219,24.0,D,3219,0.02043,0.00376
2749,40.0,F,2749,0.00782,0.00799
9394,20.0,C,9394,0.01397,0.00796
386,36.0,C,386,0.17525,0.00041
678,16.0,C,678,0.00107,0.00525
9594,32.0,C,9594,0.00387,0.00051
1263,12.0,E,1263,0.03554,0.01946
712,32.0,E,712,0.00127,0.01048
5627,36.0,B,5627,0.04636,9e-05
541,28.0,B,541,0.00476,0.00071
3661,16.0,D,3661,0.3416,0.02371
1317,24.0,C,1317,0.00256,0.00289
4711,24.0,B,4711,0.00928,0.00189
4327,36.0,F,4327,0.00968,0.02167
7815,24.0,D,7815,0.00277,0.00245
4394,24.0,E,4394,0.01066,0.01801
1903,16.0,D,1903,0.01341,0.02118
6767,12.0,E,6767,0.08023,0.06317
4328,32.0,F,4328,0.04148,0.00907
2342,28.0,D,2342,0.03563,0.0075
6176,12.0,F,6176,0.00161,0.0704
2852,36.0,B,2852,0.31507,0.00143
8021,16.0,E,8021,0.01748,0.01279
1211,24.0,C,1211,0.01009,0.00232
6609,24.0,F,6609,0.00155,0.00943
1957,32.0,C,1957,0.01487,0.00048
8218,32.0,A,8218,0.04221,0.00058
3037,28.0,B,3037,0.2756,0.00091
6735,28.0,E,6735,0.02083,0.02816
3027,12.0,A,3027,0.27952,0.04862
855,28.0,F,855,0.00244,0.01003
358,28.0,B,358,0.05073,0.00144
6960,24.0,B,6960,0.05432,0.00323
5781,12.0,E,5781,0.01647,0.02845
954,40.0,E,954,0.00361,0.02974
9078,40.0,A,9078,0.01276,3e-05
3249,12.0,D,3249,0.04463,0.04261
7076,40.0,B,7076,0.00203,0.00159
7863,40.0,B,7863,0.03992,0.0003
4444,24.0,A,4444,0.00859,0.00243
3158,24.0,F,3158,0.01286,0.02616
9486,40.0,D,9486,0.0007,0.00152
7160,32.0,D,7160,0.01462,0.0012
1766,12.0,E,1766,0.08035,0.06953
4696,16.0,B,4696,0.02554,0.0117
5915,24.0,A,5915,0.00496,0.00151
4848,24.0,E,4848,0.02155,0.0222
6036,24.0,D,6036,0.01714,0.00361
6835,28.0,D,6835,0.00085,0.00337
2851,16.0,A,2851,0.09176,0.01511
7755,16.0,A,7755,0.06776,0.01873
4259,32.0,D,4259,0.02458,0.00293
8621,28.0,D,8621,0.0129,0.00162
7205,28.0,C,7205,0.00305,0.0026
4095,28.0,F,4095,0.14706,0.00228
5514,20.0,C,5514,0.22526,0.00247
4428,24.0,A,4428,0.05882,0.00164
2653,16.0,B,2653,0.08931,0.00707
6701,16.0,F,6701,0.2119,0.08782
7323,16.0,F,7323,0.08205,0.09166
530,24.0,C,530,0.04204,0.00278
6731,40.0,C,6731,0.01591,0.00916
9354,24.0,F,9354,0.01139,0.02938
341,36.0,C,341,0.06186,0.00286
4984,40.0,B,4984,0.01021,0.00063
7277,24.0,D,7277,0.00279,0.00564
1507,24.0,C,1507,0.00133,0.00326
5973,12.0,B,5973,0.05837,0.04961
5256,28.0,C,5256,0.00568,0.00168
3683,28.0,C,3683,0.04737,0.00109
1233,24.0,E,1233,0.00292,0.02119
6542,20.0,D,6542,0.0704,0.00831
5048,40.0,C,5048,0.02838,0.00302
1441,20.0,D,1441,0.02994,0.00726
6959,36.0,E,6959,0.00853,0.00875
8143,40.0,F,8143,0.01605,0.08421
4099,24.0,C,4099,0.00555,0.00356
2794,28.0,B,2794,0.03532,0.00094
407,28.0,D,407,0.05439,0.00269
7979,24.0,F,7979,0.0067,0.12566
612,24.0,C,612,0.02146,0.0033
3027,16.0,B,3027,0.00274,0.01757
6045,24.0,A,6045,0.01963,0.00203
4963,28.0,F,4963,0.00459,0.02688
7166,24.0,A,7166,0.03443,0.00167
2604,40.0,A,2604,0.00407,5e-05
2129,24.0,D,2129,0.01445,0.01552
7998,36.0,F,7998,0.07552,0.03768
9669,40.0,B,9669,0.01238,0.00038
4508,24.0,C,4508,0.13064,0.0046
5052,20.0,D,5052,0.01012,0.01094
15,28.0,F,15,0.06396,0.05544
3399,16.0,B,3399,0.02096,0.01329
304,16.0,D,304,0.07917,0.02147
8309,36.0,D,8309,0.00863,0.00176
9966,16.0,F,9966,0.00741,0.02841
1177,12.0,D,1177,0.04355,0.03173
6153,36.0,F,6153,0.03502,0.05287
705,28.0,C,705,0.00638,0.00106
5435,12.0,C,5435,0.01564,0.02514
4898,16.0,E,4898,0.00774,0.02208
6177,24.0,D,6177,0.00382,0.00229
6860,24.0,B,6860,0.07395,0.002
8369,32.0,B,8369,0.00251,0.00061
574,24.0,C,574,0.01033,0.00356
6009,40.0,D,6009,0.01345,0.00024
1021,40.0,B,1021,0.14711,0.00016
5057,24.0,B,5057,0.01754,0.00202
5930,28.0,F,5930,0.01337,0.08564
4397,16.0,F,4397,0.01141,0.05685
802,16.0,A,802,0.04007,0.01223
6168,12.0,A,6168,0.12129,0.03485
6284,20.0,A,6284,0.01785,0.0052
9526,32.0,C,9526,0.0368,0.00508
3945,32.0,D,3945,0.0053,0.00297
1059,20.0,B,1059,0.00173,0.01059
5348,12.0,D,5348,0.0035,0.02414
131,36.0,A,131,0.0284,0.00016
9088,36.0,E,9088,0.00221,0.02256
3084,36.0,D,3084,0.00332,0.00964
5577,28.0,A,5577,0.01047,0.00054
6788,32.0,B,6788,0.0062,0.00209
5885,28.0,A,5885,0.02439,0.00056
8486,32.0,D,8486,0.00462,0.00106
3911,32.0,E,3911,0.00534,0.02121
4634,40.0,E,4634,0.00295,0.00728
1279,16.0,D,1279,0.04505,0.02241
865,16.0,B,865,0.0246,0.01044
4103,12.0,F,4103,0.03921,0.05356
1890,20.0,E,1890,0.03182,0.02764
8461,36.0,F,8461,0.23877,0.00933
2969,12.0,A,2969,0.08878,0.05414
2808,40.0,D,2808,0.0874,0.00126
3579,40.0,C,3579,0.0064,0.00084
9914,24.0,B,9914,0.01138,0.00212
9727,40.0,D,9727,0.03356,0.00035
6444,16.0,B,6444,0.00461,0.01916
2942,28.0,D,2942,0.0115,0.00356
9903,24.0,D,9903,0.01015,0.0224
1865,36.0,C,1865,0.01305,0.00028
421,24.0,F,421,0.01044,0.02386
6262,16.0,E,6262,0.05164,0.03135
2093,24.0,F,2093,0.00304,0.03223
2717,12.0,A,2717,0.0424,0.02566
7903,24.0,B,7903,0.01179,0.00377
1032,16.0,D,1032,0.01514,0.01432
8946,24.0,D,8946,0.02276,0.00108
8796,20.0,F,8796,0.01932,0.14068
8849,16.0,F,8849,0.01987,0.09504
9585,20.0,A,9585,0.02115,0.00346
588,32.0,A,588,0.02884,0.00029
7156,12.0,D,7156,0.03551,0.05447
6284,24.0,A,6284,0.03215,0.00272
7281,24.0,C,7281,0.09894,0.00749
2997,12.0,D,2997,0.07337,0.04005
7257,16.0,D,7257,0.00053,0.01707
6787,32.0,C,6787,0.0837,0.00085
3746,12.0,A,3746,0.07009,0.04356
1497,32.0,E,1497,0.00754,0.01831
4086,28.0,A,4086,0.00975,0.00105
4397,24.0,D,4397,0.0081,0.00171
6956,12.0,A,6956,0.06347,0.02869
2402,24.0,C,2402,0.00201,0.00332
6844,24.0,D,6844,0.00797,0.00469
4925,40.0,D,4925,0.01168,0.00505
2445,16.0,F,2445,0.08868,0.09426
2521,36.0,E,2521,0.00231,0.00671
3520,20.0,E,3520,0.00765,0.01749
5260,28.0,B,5260,0.06257,0.00076
8771,36.0,C,8771,0.02299,0.00064
2527,16.0,C,2527,0.01017,0.01846
8456,12.0,A,8456,0.22673,0.03784
848,28.0,A,848,0.03092,0.00086
346,16.0,E,346,0.00846,0.03263
5619,24.0,B,5619,0.02746,0.00312
5051,36.0,B,5051,0.0025,0.0007
4259,32.0,C,4259,0.02336,0.0034
2013,12.0,F,2013,0.12326,0.04763
7027,28.0,C,7027,0.02653,0.00108
6587,16.0,C,6587,0.00991,0.0155
4604,20.0,B,4604,0.02077,0.00447
4733,28.0,C,4733,0.03784,0.00068
3059,28.0,E,3059,0.00271,0.0864
7804,36.0,F,7804,0.00113,0.02278
368,28.0,F,368,0.03112,0.01208
512,32.0,E,512,0.03035,0.00846
9887,36.0,A,9887,0.07465,0.00016
3262,24.0,B,3262,0.00438,0.00164
4518,12.0,D,4518,0.01834,0.03056
8223,36.0,F,8223,0.00107,0.02181
3323,20.0,D,3323,0.00438,0.00506
6661,36.0,C,6661,0.01067,0.00036
3384,36.0,B,3384,0.01756,0.00015
5234,36.0,D,5234,0.00092,0.0026
8143,20.0,E,8143,0.07702,0.00648
6981,12.0,A,6981,0.20417,0.0362
7382,32.0,A,7382,0.02842,0.00039
3306,24.0,D,3306,0.03125,0.0031
5463,16.0,D,5463,0.00658,0.00943
4505,12.0,C,4505,0.01507,0.03933
3437,36.0,D,3437,0.01328,0.00875
8310,28.0,B,8310,0.08926,0.00108
4960,24.0,B,4960,0.00487,0.00492
4950,24.0,E,4950,0.0114,0.02493
9095,16.0,C,9095,0.00054,0.01122
1019,24.0,B,1019,0.00194,0.00318
2532,12.0,B,2532,0.06731,0.02341
8318,16.0,F,8318,0.00881,0.01327
8864,32.0,B,8864,0.05474,0.00049
7400,28.0,A,7400,0.05271,0.00041
6972,16.0,C,6972,0.04948,0.01051
3261,28.0,E,3261,0.07511,0.01554
6152,28.0,F,6152,0.07351,0.17006
5187,12.0,D,5187,0.01667,0.03464
4282,12.0,A,4282,0.13057,0.02616
3432,32.0,D,3432,0.00305,0.00374
8182,24.0,D,8182,0.00088,0.0073
4288,36.0,A,4288,0.08569,0.00012
9766,16.0,F,9766,0.01874,0.04886
7009,40.0,D,7009,0.00774,0.00119
2319,24.0,A,2319,0.03058,0.00224
7495,20.0,A,7495,0.05649,0.00689
607,16.0,F,607,0.02318,0.06961
4715,28.0,B,4715,0.0385,0.00466
2740,32.0,F,2740,0.00739,0.00955
9648,20.0,E,9648,0.0095,0.03194
7942,16.0,D,7942,0.01157,0.01394
1896,20.0,A,1896,0.07938,0.00442
5087,32.0,D,5087,0.01975,0.00756
2331,40.0,D,2331,0.00512,9e-05
1032,24.0,D,1032,0.00037,0.00365
3882,12.0,F,3882,0.0449,0.05073
4382,20.0,A,4382,0.06929,0.00607
1005,24.0,E,1005,0.00946,0.02467
505,24.0,F,505,0.02273,0.01839
2371,40.0,B,2371,0.01435,0.00028
6736,32.0,F,6736,0.11799,0.01274
879,16.0,A,879,0.02265,0.01214
8833,32.0,D,8833,0.06306,0.00603
6948,20.0,F,6948,0.11171,0.02264
8693,28.0,C,8693,0.00666,0.0013
565,16.0,D,565,0.00293,0.01638
5750,16.0,B,5750,0.00153,0.00644
9713,24.0,F,9713,0.01482,0.01138
7419,24.0,E,7419,0.06537,0.01202
7983,40.0,A,7983,0.08788,3e-05
5272,24.0,E,5272,0.01292,0.01627
7624,24.0,A,7624,0.18212,0.00382
5164,32.0,B,5164,0.03782,0.00024
4293,24.0,C,4293,0.00579,0.00263
8634,20.0,E,8634,0.00333,0.03188
4519,36.0,A,4519,0.01481,0.00019
463,36.0,F,463,0.04381,0.08568
927,20.0,A,927,0.04195,0.00553
7190,28.0,D,7190,0.00216,0.00351
4774,12.0,A,4774,0.03965,0.0316
8196,24.0,B,8196,0.00137,0.00103
5139,16.0,F,5139,0.01759,0.06707
1490,28.0,D,1490,0.01543,0.00066
77,28.0,F,77,0.06403,0.09425
9105,16.0,D,9105,0.02192,0.01308
8712,28.0,B,8712,0.0261,0.00075
3719,28.0,F,3719,0.07086,0.04805
5422,36.0,F,5422,0.01323,0.03274
9964,40.0,F,9964,0.03469,0.0896
3383,28.0,F,3383,0.00468,0.00582
7689,36.0,A,7689,0.00673,6e-05
413,24.0,D,413,0.00162,0.00893
6931,12.0,E,6931,0.01659,0.0449
8720,24.0,F,8720,0.01917,0.03538
8781,32.0,E,8781,0.07885,0.03026
9164,20.0,B,9164,0.01956,0.00242
3064,16.0,B,3064,0.00454,0.01926
5075,16.0,F,5075,0.01671,0.03532
1885,32.0,E,1885,0.00346,0.00362
4306,40.0,D,4306,0.00151,0.01444
5973,40.0,C,5973,0.00175,0.00271
9126,16.0,E,9126,0.00072,0.01352
94,24.0,C,94,0.08554,0.0091
3278,20.0,C,3278,0.11274,0.00915
7109,32.0,A,7109,0.02726,0.00026
3152,20.0,C,3152,0.07764,0.01048
6976,40.0,B,6976,0.00596,0.0001
4521,16.0,C,4521,0.03758,0.0118
7516,20.0,C,7516,0.01314,0.00924
8880,28.0,A,8880,0.02188,0.00078
9188,28.0,D,9188,0.02486,0.00297
9853,20.0,A,9853,0.04009,0.00436
7068,24.0,C,7068,0.099,0.01203
1458,32.0,D,1458,0.00369,0.00136
830,24.0,C,830,0.04385,0.00418
890,40.0,D,890,0.03018,0.00036
2800,20.0,D,2800,0.00544,0.00539
7498,36.0,E,7498,0.06299,0.00638
5342,16.0,F,5342,0.01606,0.0449
2396,36.0,E,2396,0.00109,0.0064
8406,40.0,A,8406,0.01951,4e-05
9190,28.0,F,9190,0.06839,0.05678
5009,12.0,A,5009,0.10217,0.05288
826,32.0,A,826,0.10155,0.00039
9286,24.0,B,9286,0.09499,0.00168
6102,28.0,E,6102,0.00342,0.00679
1419,36.0,E,1419,0.00598,0.02299
6937,36.0,C,6937,0.03211,0.00876
5568,40.0,D,5568,0.01196,0.00355
7163,16.0,C,7163,0.00203,0.01749
4453,16.0,E,4453,0.04702,0.0109
9762,40.0,C,9762,0.01302,0.00238
6232,32.0,E,6232,0.01772,0.01685
4711,32.0,B,4711,0.06856,0.00059
3297,12.0,E,3297,0.00615,0.03191
1425,12.0,E,1425,0.0094,0.02989
4456,40.0,E,4456,0.00577,0.01524
4286,36.0,A,4286,0.12723,0.00015
2759,20.0,E,2759,0.00872,0.0114
9313,32.0,B,9313,0.14938,0.00036
7654,40.0,E,7654,0.03894,0.00045
7535,40.0,E,7535,0.00507,0.01231
1831,32.0,C,1831,0.02391,0.00201
5699,40.0,E,5699,0.06429,0.01369
6190,32.0,F,6190,0.09974,0.00384
5242,36.0,C,5242,0.11514,0.00152
1973,12.0,E,1973,0.0092,0.0217
6544,12.0,B,6544,0.00616,0.03408
8023,28.0,B,8023,0.00932,0.00065
8563,36.0,A,8563,0.03602,9e-05
4363,40.0,A,4363,0.03917,6e-05
2442,16.0,D,2442,0.02343,0.01129
3914,20.0,C,3914,0.01074,0.00629
5940,32.0,F,5940,0.06333,0.0381
697,12.0,D,697,0.02218,0.0338
550,28.0,B,550,0.01937,0.00233
5397,20.0,E,5397,0.01267,0.02291
6288,36.0,D,6288,0.01326,0.00519
5842,36.0,F,5842,0.00998,0.03495
7171,36.0,A,7171,0.03378,8e-05
9055,20.0,F,9055,0.05588,0.01559
2532,28.0,D,2532,0.01128,0.0025
5990,12.0,A,5990,0.10143,0.01682
5586,12.0,D,5586,0.07497,0.04603
2476,40.0,A,2476,0.04128,4e-05
5777,16.0,A,5777,0.03324,0.01189
4039,40.0,A,4039,0.01111,6e-05
5965,40.0,B,5965,0.00196,8e-05
9567,36.0,A,9567,0.03759,8e-05
26,32.0,A,26,0.02212,0.00028
2493,20.0,A,2493,0.65698,1.08043
289,36.0,F,289,0.0032,0.04057
1248,28.0,C,1248,0.00565,0.00147
1899,24.0,D,1899,0.01309,0.00812
8627,12.0,A,8627,0.04669,0.05332
6640,24.0,B,6640,0.08131,0.00244
9682,20.0,B,9682,0.00873,0.00913
1377,40.0,B,1377,0.06199,0.00214
69,12.0,F,69,0.01559,0.05382
1460,24.0,E,1460,0.00249,0.03108
2508,12.0,D,2508,0.01035,0.02165
7876,20.0,F,7876,0.02319,0.03483
6542,28.0,F,6542,0.00376,0.02482
8647,16.0,B,8647,0.10133,0.00933
216,12.0,D,216,0.06046,0.02967
8113,28.0,C,8113,0.01616,0.001
1504,32.0,B,1504,0.00811,0.00025
4299,32.0,C,4299,0.01894,0.00241
4862,36.0,C,4862,0.00369,0.00103
524,32.0,D,524,0.02638,0.00297
5676,36.0,D,5676,0.0068,0.00718
82,24.0,B,82,0.00031,0.00276
2423,28.0,B,2423,0.00122,0.0019
4137,20.0,B,4137,0.05558,0.00722
369,36.0,B,369,0.32116,0.00132
7719,24.0,D,7719,0.22882,0.01001
7400,40.0,C,7400,0.01726,0.00141
5616,40.0,E,5616,0.00319,0.00817
7133,24.0,E,7133,0.02555,0.00471
8218,28.0,C,8218,0.00285,0.0057
2414,28.0,A,2414,0.02548,0.00079
2897,24.0,B,2897,0.00375,0.00256
925,28.0,F,925,0.00514,0.06809
1387,16.0,D,1387,0.01945,0.01672
9279,24.0,A,9279,0.00504,0.0032
2069,24.0,B,2069,0.09639,0.00531
2270,40.0,F,2270,0.06987,0.08353
5775,24.0,A,5775,0.0255,0.00244
1005,16.0,A,1005,0.04469,0.01243
5864,40.0,D,5864,0.04304,0.00048
5501,40.0,A,5501,0.03758,8e-05
3732,28.0,F,3732,0.01651,0.02851
6957,20.0,F,6957,0.06114,0.04646
2338,16.0,A,2338,0.08052,0.00508
1693,32.0,F,1693,0.00071,0.01151
3668,36.0,A,3668,0.02078,0.00012
6625,20.0,B,6625,0.01348,0.0036
479,24.0,C,479,0.18613,0.01117
7176,36.0,B,7176,0.01263,0.0002
6792,40.0,B,6792,0.00033,0.00055
7355,24.0,B,7355,0.22316,0.00127
7683,36.0,C,7683,0.00814,0.00387
2349,24.0,F,2349,0.01346,0.02157
1419,24.0,C,1419,0.00916,0.0039
1537,28.0,C,1537,0.0637,0.00229
2313,24.0,C,2313,0.08649,0.00331
3024,12.0,E,3024,0.02234,0.06037
9931,32.0,C,9931,0.0342,0.00075
5919,28.0,C,5919,0.00366,0.00029
3527,28.0,B,3527,0.00462,0.00109
8871,36.0,A,8871,0.02098,0.00012
6976,12.0,C,6976,0.1268,0.03613
4535,12.0,C,4535,0.01332,0.01959
4647,36.0,D,4647,0.00878,0.00254
4886,16.0,B,4886,0.01187,0.01419
9921,40.0,A,9921,0.03081,3e-05
9797,24.0,F,9797,0.01063,0.0157
6582,36.0,A,6582,0.03518,0.00014
3856,32.0,F,3856,0.0809,0.00433
9843,24.0,B,9843,0.01554,0.0023
2904,16.0,D,2904,0.02964,0.00723
4238,36.0,D,4238,0.01851,0.00173
4574,32.0,D,4574,0.00258,0.00162
1883,24.0,C,1883,0.01392,0.00578
8298,28.0,F,8298,0.02019,0.01826
6431,20.0,D,6431,0.00054,0.0112
7232,16.0,C,7232,0.10115,0.0074
620,32.0,A,620,0.02517,0.00045
4929,16.0,E,4929,0.00214,0.08364
7112,16.0,B,7112,0.54059,0.01305
3009,12.0,A,3009,0.17074,0.03369
7212,40.0,F,7212,0.03363,0.00265
5102,36.0,B,5102,0.00518,0.00016
897,20.0,B,897,0.01043,0.00944
4464,20.0,E,4464,0.0046,0.00748
285,28.0,D,285,0.00428,0.00805
4419,36.0,A,4419,0.01588,7e-05
910,40.0,B,910,0.00364,0.00019
3585,36.0,E,3585,0.14763,0.00218
2087,24.0,C,2087,0.02575,0.0024
4170,16.0,E,4170,0.00357,0.02673
6480,16.0,C,6480,0.03052,0.02079
4707,16.0,B,4707,0.00288,0.00581
3221,36.0,F,3221,0.02775,0.00283
5025,20.0,A,5025,0.04144,0.00446
8521,36.0,E,8521,0.00061,0.00993
8794,36.0,F,8794,0.01176,0.02877
7455,16.0,F,7455,0.02879,0.13218
8704,24.0,D,8704,0.01143,0.00314
3761,24.0,B,3761,0.01179,0.00181
9674,28.0,A,9674,0.01118,0.00106
8546,36.0,C,8546,0.01312,0.00359
9726,32.0,A,9726,0.03512,0.00026
7577,32.0,D,7577,0.00245,0.00174
2579,20.0,B,2579,0.01806,0.00903
5720,36.0,D,5720,0.00661,0.00905
2582,16.0,F,2582,0.16083,0.09083
8196,16.0,E,8196,0.00311,0.04024
2988,36.0,B,2988,0.01453,0.00033
5587,20.0,C,5587,0.00222,0.02019
6707,28.0,A,6707,0.0393,0.00057
6624,20.0,E,6624,0.03634,0.01132
3485,12.0,B,3485,0.00813,0.03218
9617,32.0,A,9617,0.05663,0.00013
4342,28.0,A,4342,0.01039,0.00056
332,24.0,A,332,0.01139,0.00108
941,28.0,B,941,0.00152,0.00029
9564,32.0,F,9564,0.05255,0.09286
4638,32.0,D,4638,0.19926,0.00239
1161,24.0,D,1161,0.00375,0.01354
1988,40.0,B,1988,0.03196,9e-05
6293,40.0,F,6293,0.02297,0.02655
7291,16.0,B,7291,0.03854,0.00975
5965,20.0,A,5965,0.03403,0.00549
4495,36.0,A,4495,0.12897,0.0001
785,28.0,D,785,0.00686,0.00116
8226,24.0,C,8226,0.01588,0.00296
5635,28.0,C,5635,0.00504,0.00135
7611,32.0,F,7611,0.00403,0.04538
535,12.0,A,535,0.18043,0.02834
315,36.0,C,315,0.01679,0.00832
7012,24.0,A,7012,0.01779,0.00174
1674,24.0,E,1674,0.00871,0.06446
3954,12.0,B,3954,0.09212,0.03739
4835,20.0,C,4835,0.08361,0.00566
1847,40.0,C,1847,0.05292,0.00298
7955,20.0,D,7955,0.00461,0.02303
951,16.0,C,951,0.00465,0.01206
4757,24.0,F,4757,0.02367,0.058
3191,36.0,B,3191,0.00179,0.0002
1820,36.0,D,1820,0.00369,0.00096
661,28.0,C,661,0.02276,0.00438
2143,40.0,D,2143,0.00043,0.0001
9681,16.0,B,9681,0.00898,0.00772
7331,36.0,E,7331,0.01583,0.01503
358,20.0,D,358,0.00694,0.01044
3519,32.0,F,3519,0.17575,0.01508
2768,32.0,A,2768,0.03923,0.0005
3228,40.0,E,3228,0.00158,0.01348
6927,36.0,D,6927,0.07924,0.00391
9310,24.0,F,9310,0.00698,0.02343
817,16.0,C,817,0.04584,0.01509
5884,20.0,E,5884,0.05611,0.02832
517,28.0,C,517,0.00146,0.00058
4413,16.0,B,4413,0.00333,0.0188
7457,32.0,B,7457,0.00123,0.00073
8355,36.0,B,8355,0.06154,0.0003
9044,16.0,B,9044,0.01251,0.01436
5145,36.0,A,5145,0.02111,0.0001
8712,24.0,D,8712,0.0024,0.00243
9687,24.0,C,9687,0.02033,0.00313
2130,40.0,E,2130,0.00128,0.01175
4014,32.0,A,4014,0.02112,0.00031
7594,20.0,A,7594,0.10182,0.00587
2572,32.0,D,2572,0.01862,0.01487
9820,36.0,C,9820,0.01719,0.00035
4775,12.0,E,4775,0.00311,0.04724
5711,32.0,A,5711,0.03894,0.00036
3569,28.0,A,3569,0.00784,0.00061
2425,28.0,C,2425,0.00099,0.00046
4924,36.0,D,4924,0.12556,0.00071
564,36.0,A,564,0.07954,0.00016
7460,36.0,E,7460,0.00365,0.01398
6727,28.0,E,6727,0.01587,0.04969
3951,32.0,B,3951,0.01193,0.00056
9021,28.0,B,9021,0.00986,0.00131
8937,20.0,E,8937,0.03645,0.02616
4748,12.0,E,4748,0.02593,0.06415
6023,20.0,C,6023,0.0113,0.00152
834,36.0,B,834,0.00334,0.00014
255,28.0,C,255,0.00693,0.00042
7864,24.0,A,7864,0.06297,0.00276
7634,16.0,F,7634,0.04403,0.07598
2539,32.0,E,2539,0.00392,0.00877
8485,20.0,E,8485,0.0352,0.09171
1391,24.0,B,1391,0.00066,0.00152
3169,12.0,C,3169,0.03922,0.03978
6786,36.0,E,6786,0.04919,0.01704
5196,24.0,A,5196,0.03839,0.00278
4424,24.0,A,4424,0.03704,0.00119
2303,20.0,B,2303,0.0379,0.00927
7371,28.0,F,7371,0.03312,0.01187
5356,28.0,E,5356,0.00853,0.03061
6667,20.0,C,6667,0.05312,0.00783
7602,40.0,A,7602,0.02904,4e-05
1836,28.0,B,1836,0.00862,0.00088
5789,40.0,E,5789,0.09405,0.00399
2498,16.0,C,2498,0.00364,0.0117
8209,40.0,F,8209,0.04808,0.0522
4527,32.0,B,4527,0.06423,0.00057
5913,20.0,C,5913,0.37443,0.0041
4583,28.0,A,4583,0.03798,0.00036
7523,36.0,E,7523,0.00918,0.00188
4445,12.0,E,4445,0.03334,0.05462
2585,12.0,D,2585,0.03364,0.09976
5963,20.0,C,5963,0.00223,0.00748
5690,20.0,F,5690,0.00993,0.04661
3600,36.0,F,3600,0.00943,0.03937
6531,32.0,D,6531,0.01475,0.00351
9270,36.0,F,9270,0.08655,0.01516
964,40.0,C,964,0.00263,0.00173
7960,16.0,C,7960,0.02864,0.02491
3153,36.0,F,3153,0.00646,0.00432
9435,24.0,E,9435,0.01708,0.03174
3269,24.0,E,3269,0.00856,0.04284
6897,12.0,B,6897,0.04872,0.04814
812,12.0,C,812,0.01477,0.0152
5446,16.0,E,5446,0.01047,0.0277
6540,12.0,A,6540,0.09506,0.03506
5822,16.0,B,5822,0.01147,0.0159
8578,24.0,E,8578,0.03131,0.02817
5940,20.0,B,5940,0.00114,0.00697
6909,24.0,F,6909,0.04076,0.15633
293,16.0,E,293,0.00327,0.02373
7965,24.0,C,7965,0.03058,0.00383
7221,32.0,F,7221,0.0166,0.04348
5797,32.0,C,5797,0.03357,0.00257
1450,36.0,F,1450,0.03401,0.0199
3930,32.0,C,3930,0.0017,0.00014
8358,36.0,F,8358,0.03215,0.05979
909,40.0,E,909,0.00618,0.01447
1754,40.0,F,1754,0.04923,0.04809
2609,24.0,B,2609,0.01208,0.00184
7745,20.0,B,7745,0.02955,0.00662
8922,16.0,E,8922,0.01605,0.02513
4075,36.0,C,4075,0.0071,0.0078
4753,40.0,F,4753,0.00407,0.07248
1154,28.0,C,1154,0.13438,0.00285
9395,16.0,D,9395,0.01409,0.00915
2666,24.0,E,2666,0.03798,0.0045
3204,12.0,A,3204,0.1215,0.04046
3284,40.0,F,3284,0.00342,0.04274
5008,20.0,E,5008,0.04796,0.01678
3681,32.0,A,3681,0.04259,0.00026
9061,20.0,B,9061,0.00092,0.00894
8240,36.0,A,8240,0.04301,0.00012
3937,40.0,F,3937,0.00419,0.00767
8394,20.0,E,8394,0.01378,0.01526
7318,20.0,F,7318,0.01169,0.01631
5048,40.0,F,5048,0.01462,0.00088
7866,20.0,B,7866,0.00226,0.00461
5569,16.0,E,5569,0.00909,0.019
8480,16.0,F,8480,0.01424,0.02463
1010,16.0,A,1010,0.07769,0.00657
6325,16.0,B,6325,0.03497,0.01758
4196,20.0,D,4196,0.00734,0.00747
7132,28.0,D,7132,0.01843,0.00456
1030,24.0,D,1030,0.05575,0.00211
3024,40.0,C,3024,0.0353,0.00091
2274,20.0,D,2274,0.02,0.00619
6179,32.0,D,6179,0.04172,0.00767
4010,20.0,A,4010,0.08066,0.00276
3515,16.0,D,3515,0.01582,0.01984
4898,40.0,D,4898,0.00251,0.00397
1295,12.0,F,1295,0.04201,0.08022
643,32.0,E,643,0.24297,0.01757
1580,28.0,C,1580,0.00163,0.00089
7213,40.0,F,7213,0.0087,0.01012
1551,40.0,A,1551,0.04541,6e-05
930,28.0,C,930,0.02383,0.00163
7846,24.0,D,7846,0.075,0.00355
2228,28.0,D,2228,0.00102,0.00694
250,12.0,A,250,0.03655,0.05468
1474,12.0,D,1474,0.02614,0.02488
9644,32.0,B,9644,0.00657,0.00064
3246,36.0,A,3246,0.04182,0.00011
9358,24.0,D,9358,0.00533,0.0023
3335,36.0,B,3335,0.00576,0.00026
4130,36.0,F,4130,0.00562,0.01053
5469,36.0,B,5469,0.01495,0.00027
118,36.0,E,118,0.00991,0.00781
5487,36.0,B,5487,0.00268,0.0001
5446,20.0,A,5446,0.05199,0.00634
2194,20.0,F,2194,0.01785,0.01176
7474,16.0,F,7474,0.01339,0.08367
6083,36.0,C,6083,0.00874,0.00258
5432,24.0,A,5432,0.01848,0.00283
490,40.0,D,490,0.06228,0.00063
8532,36.0,F,8532,0.00518,0.00301
9283,40.0,C,9283,0.00221,0.00095
6031,24.0,F,6031,0.0283,0.05543
2226,16.0,C,2226,0.33824,0.01464
6397,24.0,C,6397,0.11482,0.00235
1408,24.0,C,1408,0.01857,0.00224
2669,12.0,A,2669,0.29036,0.02207
4802,16.0,B,4802,0.03475,0.01342
6972,24.0,D,6972,0.00093,0.00452
1375,28.0,F,1375,0.01235,0.01893
4122,32.0,E,4122,0.00871,0.01019
7942,40.0,A,7942,0.04893,6e-05
7173,12.0,B,7173,0.00362,0.03195
1311,28.0,B,1311,0.1268,0.0012
2397,32.0,A,2397,0.03685,0.00017
8853,36.0,D,8853,0.00494,0.0005
5960,32.0,E,5960,0.0204,0.00602
6519,36.0,D,6519,0.03129,0.00212
2905,24.0,D,2905,0.00524,0.00228
6272,24.0,C,6272,0.0065,0.00421
4304,12.0,A,4304,0.20832,0.03896
204,24.0,E,204,0.0005,0.0023
9820,28.0,D,9820,0.00155,0.0032
3949,24.0,F,3949,0.01476,0.00816
7487,32.0,C,7487,0.00412,0.01069
133,24.0,B,133,0.21398,0.00205
7125,32.0,F,7125,0.21692,0.00836
1997,24.0,D,1997,0.05227,0.00366
5249,20.0,A,5249,0.04986,0.00734
6019,28.0,D,6019,0.0124,0.00463
9666,32.0,C,9666,0.02205,0.0057
4976,24.0,A,4976,0.03234,0.00265
6683,20.0,F,6683,0.02917,0.12625
4356,28.0,F,4356,0.00565,0.00563
9071,40.0,F,9071,0.0087,0.03044
9874,32.0,E,9874,0.0171,0.00435
6764,32.0,F,6764,0.00522,0.01586
8661,36.0,A,8661,0.04362,0.00017
7560,24.0,F,7560,0.014,0.04
4442,28.0,D,4442,0.02698,0.00159
5775,16.0,C,5775,0.0666,0.01169
2014,28.0,D,2014,0.00072,0.00226
1235,36.0,A,1235,0.02513,9e-05
701,20.0,B,701,0.03454,0.00355
9552,16.0,E,9552,0.00244,0.02052
4157,24.0,A,4157,0.01415,0.00262
5219,28.0,F,5219,0.00956,0.05895
2583,16.0,D,2583,0.00783,0.01667
1922,28.0,B,1922,0.00173,0.00055
5015,20.0,B,5015,0.0449,0.0057
190,16.0,E,190,0.0593,0.03681
5069,40.0,D,5069,0.00967,0.0061
2586,12.0,C,2586,0.01332,0.0328
5982,24.0,A,5982,0.03432,0.00173
3782,28.0,A,3782,0.03738,0.00123
663,36.0,D,663,0.11949,0.00041
264,28.0,A,264,0.01389,0.00111
5673,12.0,D,5673,0.02151,0.04708
4009,40.0,C,4009,0.01771,0.00183
6875,28.0,C,6875,0.00183,0.00243
6483,24.0,E,6483,0.07456,0.00848
7432,12.0,B,7432,0.01925,0.03711
8800,32.0,F,8800,0.08374,0.08179
6317,40.0,D,6317,0.04797,0.00241
255,12.0,C,255,0.001,0.0238
2129,16.0,B,2129,0.10593,0.01236
6610,40.0,E,6610,0.01516,0.03533
7414,32.0,B,7414,0.02045,0.00037
6463,28.0,A,6463,0.0462,0.00084
138,40.0,A,138,0.04322,5e-05
2200,20.0,F,2200,0.017,0.02732
6458,20.0,C,6458,0.01103,0.0061
7686,40.0,A,7686,0.0265,7e-05
3721,32.0,A,3721,0.00997,0.00044
1517,40.0,D,1517,0.03833,0.0004
4589,32.0,B,4589,0.03664,0.00046
1334,36.0,B,1334,0.04961,0.00011
3089,36.0,C,3089,0.00795,0.002
5260,28.0,A,5260,0.02868,0.00077
947,32.0,C,947,0.02981,0.00392
2082,12.0,F,2082,0.02515,0.10407
2760,12.0,E,2760,0.02147,0.10456
9,32.0,D,9,0.08382,0.00226
7912,24.0,E,7912,0.05075,0.01268
3161,28.0,A,3161,0.00362,0.00074
9043,24.0,B,9043,0.00434,0.00345
9831,28.0,F,9831,0.0797,0.08982
7392,20.0,D,7392,0.00437,0.00521
4863,16.0,C,4863,0.02061,0.01476
8752,32.0,F,8752,0.02866,0.01779
7781,16.0,A,7781,0.03242,0.01593
4120,24.0,C,4120,0.00274,0.00412
3339,28.0,B,3339,0.00538,0.00162
1286,32.0,E,1286,0.03576,0.00707
7032,12.0,B,7032,0.58262,0.02696
4625,32.0,F,4625,0.01166,0.02881
2500,12.0,A,2500,0.15829,0.02314
4640,36.0,C,4640,0.1914,0.00042
3838,28.0,D,3838,0.00819,0.00795
1004,40.0,B,1004,0.00174,0.00026
4440,16.0,C,4440,0.01016,0.00612
8777,36.0,C,8777,0.00229,0.00061
6614,28.0,B,6614,0.00219,0.00078
2515,32.0,F,2515,0.0286,0.02514
3275,16.0,C,3275,0.05144,0.01165
7303,36.0,F,7303,0.06508,0.01135
6743,32.0,E,6743,0.00483,0.01654
4477,20.0,C,4477,0.00328,0.0072
1575,16.0,E,1575,0.02203,0.0115
6080,32.0,B,6080,0.00141,0.00027
2210,24.0,F,2210,0.00909,0.02572
6237,20.0,E,6237,0.00619,0.00426
6134,20.0,C,6134,0.00208,0.00683
2633,24.0,C,2633,0.0109,0.00208
540,16.0,E,540,0.00261,0.02009
415,32.0,F,415,0.02119,0.03762
1791,36.0,D,1791,0.03044,0.01047
8977,40.0,F,8977,0.07061,0.05164
5094,40.0,F,5094,0.00083,0.03298
1928,36.0,A,1928,0.02425,0.00011
4646,36.0,E,4646,0.06627,0.00558
3411,24.0,F,3411,0.02286,0.01572
7506,20.0,C,7506,0.00201,0.00458
9367,32.0,B,9367,0.00235,0.002
9081,40.0,A,9081,0.02717,6e-05
8696,28.0,E,8696,0.05519,0.00193
3230,24.0,C,3230,0.02456,0.00157
6901,24.0,A,6901,0.05734,0.00203
4315,20.0,C,4315,0.0129,0.00702
2910,20.0,A,2910,0.01289,0.00915
567,20.0,D,567,0.04726,0.01681
493,24.0,C,493,0.00677,0.0034
6491,28.0,C,6491,0.02678,0.00172
4438,12.0,F,4438,0.04971,0.04948
809,12.0,E,809,0.01106,0.03173
3890,12.0,C,3890,0.04855,0.02052
8587,36.0,E,8587,0.08257,0.00689
5036,36.0,B,5036,0.17317,0.00051
7881,40.0,A,7881,0.10422,4e-05
6177,32.0,A,6177,0.02038,0.00045
7927,16.0,D,7927,0.03658,0.00998
1950,40.0,E,1950,0.00514,0.00971
2382,16.0,D,2382,0.00749,0.04417
3251,16.0,F,3251,0.01248,0.18847
6093,40.0,E,6093,0.03036,0.00223
8446,16.0,B,8446,0.00632,0.00844
1121,20.0,D,1121,0.00679,0.00691
4196,16.0,F,4196,0.05658,0.01007
8372,40.0,B,8372,0.00942,0.00183
9566,32.0,F,9566,0.02379,0.0496
2408,20.0,B,2408,0.05486,0.00513
2266,36.0,C,2266,0.07435,0.01098
5612,40.0,E,5612,0.03213,0.00521
861,36.0,A,861,0.03054,0.0002
6779,16.0,F,6779,0.01969,0.13124
3740,32.0,C,3740,0.19742,0.00551
8079,16.0,B,8079,0.00408,0.00837
3257,20.0,F,3257,0.03878,0.00439
5558,36.0,B,5558,0.00638,0.00106
1512,40.0,B,1512,0.24502,0.00014
7334,36.0,C,7334,0.00561,0.00031
7495,40.0,E,7495,0.02389,0.00419
6846,36.0,E,6846,0.06322,0.01292
5041,40.0,F,5041,0.00204,0.03687
8410,36.0,B,8410,0.02311,0.00027
7014,36.0,D,7014,0.01804,0.01117
5313,32.0,B,5313,0.24941,0.00503
4468,40.0,B,4468,0.0045,0.0002
4582,32.0,E,4582,0.03503,0.0514
2230,28.0,F,2230,0.00516,0.00307
226,12.0,F,226,0.17694,0.1105
8767,36.0,F,8767,0.03544,0.07185
1880,32.0,E,1880,0.00934,0.00173
834,32.0,E,834,0.03015,0.00051
1389,12.0,B,1389,0.01826,0.04274
1158,24.0,B,1158,0.00662,0.00402
4689,24.0,C,4689,0.13581,0.00726
6320,40.0,B,6320,0.20437,0.0001
6521,20.0,D,6521,0.03613,0.00866
2073,36.0,F,2073,0.03482,0.02244
3487,20.0,D,3487,0.00452,0.00411
1788,20.0,A,1788,0.09389,0.00298
1682,40.0,B,1682,0.00187,0.00272
2679,20.0,E,2679,0.00279,0.02415
7249,32.0,D,7249,0.05259,0.00804
5645,20.0,D,5645,0.00118,0.00766
2485,32.0,B,2485,0.00177,0.00042
7879,40.0,A,7879,0.03441,4e-05
8667,16.0,E,8667,0.05425,0.02451
5120,20.0,A,5120,0.04402,0.00351
3729,36.0,A,3729,0.06968,0.00018
5198,24.0,B,5198,0.00156,0.00277
6163,16.0,C,6163,0.02259,0.00966
5240,16.0,C,5240,0.01868,0.01793
2685,20.0,E,2685,0.0536,0.03086
2165,40.0,C,2165,0.00698,0.00051
2053,32.0,D,2053,0.02272,0.00465
4466,28.0,D,4466,0.00416,0.00273
7515,24.0,D,7515,0.02031,0.00194
3036,12.0,C,3036,0.06697,0.01378
1072,16.0,B,1072,0.00783,0.03371
8964,24.0,F,8964,0.05,0.09023
6284,40.0,E,6284,0.09996,0.01823
4897,12.0,E,4897,0.02652,0.05789
65,16.0,A,65,0.0543,0.01305
1100,12.0,B,1100,0.00258,0.03269
3492,32.0,C,3492,0.00156,0.00043
630,20.0,E,630,0.01607,0.01833
9598,16.0,F,9598,0.00166,0.02156
4632,40.0,C,4632,0.00331,0.00122
8515,16.0,A,8515,0.03934,0.01138
9793,36.0,E,9793,0.01235,0.00888
4954,20.0,C,4954,0.02909,0.00413
38,32.0,C,38,0.00455,0.00318
4028,12.0,F,4028,0.06463,0.01828
5317,24.0,B,5317,0.0041,0.00155
5237,24.0,F,5237,0.02233,0.01611
3881,16.0,D,3881,0.00318,0.0111
2203,40.0,D,2203,0.01553,0.00239
1228,28.0,C,1228,0.00594,0.00128
2454,12.0,C,2454,0.02812,0.02393
4399,40.0,C,4399,0.00416,0.00225
9530,32.0,A,9530,0.02284,0.00021
5664,20.0,E,5664,0.03081,0.02143
2963,24.0,E,2963,0.08716,0.03921
9351,24.0,B,9351,0.01447,0.00329
5873,32.0,B,5873,0.01571,0.00043
7574,32.0,D,7574,0.01923,0.01395
4376,32.0,E,4376,0.01449,0.0027
4340,28.0,E,4340,0.05864,0.01143
3771,16.0,E,3771,0.00383,0.03179
2054,32.0,E,2054,0.00193,0.02065
7649,28.0,B,7649,0.14277,0.00475
1890,24.0,A,1890,0.03268,0.00146
6330,12.0,F,6330,0.04996,0.11421
9004,28.0,C,9004,0.01753,0.00261
7141,20.0,B,7141,0.11132,0.00614
5551,16.0,C,5551,0.06209,0.01239
2565,40.0,F,2565,0.03106,0.01499
8025,16.0,D,8025,0.00834,0.0124
553,28.0,C,553,0.00043,0.00077
1081,28.0,A,1081,0.02723,0.00095
7481,20.0,A,7481,0.05826,0.00432
5289,24.0,F,5289,0.03725,0.02951
7926,16.0,D,7926,0.04393,0.00574
4414,20.0,E,4414,0.00748,0.04129
6751,24.0,C,6751,0.0236,0.00982
1044,40.0,A,1044,0.01926,7e-05
1713,16.0,D,1713,0.00105,0.01514
5307,28.0,A,5307,0.03286,0.00083
9543,40.0,B,9543,0.0282,0.00013
9077,36.0,B,9077,0.1319,0.00015
1926,12.0,B,1926,0.03239,0.02718
8721,28.0,F,8721,0.02913,0.03918
6473,28.0,B,6473,0.00765,0.00082
8284,28.0,B,8284,0.15081,0.00078
5265,12.0,A,5265,0.24987,0.03676
9297,24.0,A,9297,0.03611,0.00132
8762,36.0,E,8762,0.00115,0.00898
5759,12.0,C,5759,0.0108,0.04959
1201,36.0,A,1201,0.04872,0.00017
921,12.0,C,921,0.07443,0.02115
7263,32.0,B,7263,0.07642,0.0006
3598,36.0,C,3598,0.13484,0.00071
9383,32.0,B,9383,0.01553,0.00073
6045,24.0,B,6045,0.04704,0.002
6833,20.0,E,6833,0.01914,0.01384
7877,12.0,B,7877,0.15929,0.03317
1617,32.0,F,1617,0.05179,0.02119
8318,16.0,C,8318,0.00602,0.00785
4548,32.0,E,4548,0.01426,0.00908
4494,32.0,C,4494,0.0031,0.00048
8378,24.0,E,8378,0.01244,0.00325
6549,40.0,B,6549,0.00146,0.00033
6048,36.0,F,6048,0.02574,0.02567
7275,28.0,A,7275,0.04356,0.00086
6557,36.0,B,6557,0.00761,0.00043
2368,24.0,D,2368,0.00349,0.0031
2370,24.0,F,2370,0.04684,0.09373
8530,36.0,F,8530,0.03035,0.03704
2095,32.0,A,2095,0.03569,0.00043
9320,32.0,F,9320,0.04131,0.05884
6216,12.0,B,6216,0.02322,0.03124
4308,40.0,B,4308,0.00656,5e-05
5103,40.0,E,5103,0.00279,0.00594
6791,16.0,D,6791,0.00089,0.01303
2461,16.0,A,2461,0.03403,0.01275
64,36.0,A,64,0.05296,0.00013
2285,36.0,D,2285,0.00199,6e-05
7599,40.0,D,7599,0.00438,0.00356
2874,40.0,A,2874,0.01927,7e-05
289,32.0,C,289,0.00049,0.00637
8429,36.0,B,8429,0.0077,0.00019
8341,32.0,F,8341,0.00532,0.05018
5038,16.0,D,5038,0.00886,0.01654
3557,32.0,C,3557,0.00078,0.00386
6113,28.0,C,6113,0.00704,0.00222
1545,40.0,D,1545,0.01425,0.00148
6099,20.0,E,6099,0.02988,0.01258
2180,36.0,B,2180,0.00194,0.00037
3135,32.0,F,3135,0.01071,0.01197
1457,20.0,D,1457,0.01428,0.00649
6689,12.0,E,6689,0.00601,0.04432
8104,40.0,D,8104,0.11697,0.00015
696,32.0,D,696,0.00687,0.0031
179,28.0,D,179,0.00225,0.00057
5777,32.0,A,5777,0.04649,0.00041
2617,20.0,C,2617,0.00153,0.00537
3771,24.0,A,3771,0.05361,0.00233
2570,20.0,A,2570,0.03998,0.00753
4798,32.0,E,4798,0.00545,0.0321
7288,24.0,E,7288,0.00365,0.0333
4871,36.0,D,4871,0.00025,0.00517
761,40.0,D,761,0.00427,0.00284
658,36.0,B,658,0.01296,0.00023
168,36.0,D,168,0.00206,0.00106
4118,32.0,D,4118,0.01855,0.00374
1705,32.0,C,1705,0.00675,0.00426
6995,16.0,F,6995,0.04229,0.05458
5262,12.0,B,5262,0.05753,0.03968
9221,16.0,F,9221,0.07357,0.02056
1206,16.0,D,1206,0.00331,0.01439
9970,40.0,A,9970,0.02453,7e-05
5990,20.0,C,5990,0.04497,0.00502
4807,24.0,F,4807,0.01582,0.03187
6446,24.0,A,6446,0.02688,0.00105
3519,36.0,B,3519,0.02215,0.00073
7550,28.0,D,7550,0.0336,0.00175
8187,36.0,A,8187,0.02896,0.00011
2531,24.0,C,2531,0.0579,0.00757
7523,20.0,D,7523,0.05383,0.0067
5290,12.0,C,5290,0.00518,0.03762
8435,16.0,E,8435,0.00884,0.02385
922,32.0,A,922,0.03887,0.00034
4638,20.0,E,4638,0.07844,0.02192
4706,16.0,F,4706,0.03346,0.06093
2542,36.0,C,2542,0.15219,0.00747
680,20.0,D,680,0.00747,0.01097
5132,36.0,D,5132,0.0158,0.00023
1680,16.0,D,1680,0.10689,0.02559
4508,32.0,A,4508,0.03162,0.00034
6324,40.0,D,6324,0.01486,0.00076
6408,12.0,E,6408,0.17833,0.02602
4754,28.0,C,4754,0.13138,0.0034
7898,40.0,C,7898,0.01734,0.00055
8656,32.0,E,8656,0.10237,0.01703
2854,20.0,B,2854,0.06469,0.0058
3608,20.0,E,3608,0.0172,0.04592
8812,20.0,D,8812,0.00537,0.00557
3639,12.0,D,3639,0.00305,0.02817
5991,16.0,C,5991,0.00498,0.01056
7172,40.0,B,7172,0.01474,5e-05
1425,24.0,A,1425,0.02939,0.00328
3056,16.0,A,3056,0.11116,0.01712
389,40.0,A,389,0.0677,5e-05
2293,40.0,F,2293,0.01334,0.06327
8469,20.0,B,8469,0.05314,0.0064
3954,16.0,E,3954,0.10492,0.06511
5319,40.0,D,5319,0.00529,0.00355
6191,40.0,E,6191,0.00217,0.00321
4768,20.0,D,4768,0.12158,0.01764
6256,20.0,F,6256,0.001,0.04241
8381,32.0,A,8381,0.03925,0.00021
123,20.0,A,123,0.02597,0.00711
6089,40.0,B,6089,0.04586,0.00063
8173,12.0,A,8173,0.04901,0.03744
559,40.0,E,559,0.00852,0.01162
8913,16.0,E,8913,0.00887,0.01308
4050,24.0,C,4050,0.05847,0.00183
897,28.0,B,897,0.17493,0.00079
6516,20.0,C,6516,0.00337,0.00601
2902,28.0,A,2902,0.00573,0.0006
1290,12.0,F,1290,0.02769,0.05285
7837,16.0,A,7837,0.00556,0.01006
7507,20.0,B,7507,0.02982,0.00933
4859,32.0,B,4859,0.00283,0.00047
9948,40.0,A,9948,0.02836,4e-05
8320,36.0,C,8320,0.00808,0.0061
5839,40.0,F,5839,0.01045,0.02988
5354,20.0,A,5354,0.08034,0.00486
4824,16.0,D,4824,0.74123,0.01892
892,32.0,E,892,0.01235,0.00824
1400,28.0,E,1400,0.01142,0.00311
7196,24.0,E,7196,0.00125,0.01649
2438,16.0,C,2438,0.00427,0.01596
4711,16.0,B,4711,0.00941,0.02318
3005,16.0,B,3005,0.00572,0.00726
2434,12.0,E,2434,0.04666,0.06401
9756,40.0,C,9756,0.00379,0.00019
5029,20.0,F,5029,0.09698,0.0415
6296,12.0,E,6296,0.02965,0.05798
5879,36.0,E,5879,0.00385,0.04334
1192,20.0,A,1192,0.0191,0.10888
7600,40.0,F,7600,0.00231,0.04538
1896,24.0,F,1896,0.00449,0.01679
4498,24.0,F,4498,0.02729,0.02778
450,20.0,A,450,0.03103,0.00735
5811,12.0,F,5811,0.04665,0.0801
5275,16.0,E,5275,0.00807,0.04146
6245,16.0,C,6245,0.0136,0.01358
2364,36.0,E,2364,0.00942,0.02442
3351,40.0,B,3351,0.01443,0.00099
8050,16.0,D,8050,0.00303,0.02707
3874,28.0,F,3874,0.01172,0.02779
2566,40.0,E,2566,0.02253,0.03103
5698,40.0,E,5698,0.01529,0.01277
6604,24.0,D,6604,0.00122,0.00131
3609,36.0,D,3609,0.03832,0.00222
8103,12.0,A,8103,0.06425,0.03047
5012,12.0,E,5012,0.02491,0.02713
4539,28.0,D,4539,0.00286,0.001
1348,36.0,E,1348,0.01337,0.00249
7949,20.0,B,7949,0.63879,0.00379
2257,12.0,B,2257,0.02133,0.02935
3778,28.0,C,3778,0.02056,0.00458
4484,36.0,B,4484,0.09342,0.00019
6837,20.0,D,6837,0.01522,0.02348
7390,40.0,E,7390,0.05682,0.0085
6761,20.0,A,6761,0.04006,0.00624
6296,32.0,A,6296,0.02756,0.00055
8621,32.0,B,8621,0.0361,0.00018
3945,28.0,E,3945,0.02494,0.01764
9885,20.0,D,9885,0.02194,0.04868
7926,28.0,B,7926,0.01572,0.00065
919,24.0,A,919,0.02347,0.0017
9009,36.0,F,9009,0.07125,0.12257
265,32.0,A,265,0.05074,0.00015
2824,20.0,C,2824,0.02191,0.01413
9054,16.0,A,9054,0.11825,0.01375
7449,16.0,E,7449,0.0019,0.03808
6668,32.0,E,6668,0.01109,0.00323
2073,32.0,D,2073,0.01022,0.00043
6720,32.0,E,6720,0.01011,0.03956
236,28.0,B,236,0.00715,0.00076
7530,28.0,A,7530,0.01544,0.00051
9890,20.0,A,9890,0.02065,0.00466
4485,24.0,D,4485,0.04504,0.00223
5911,40.0,B,5911,0.10947,0.00024
459,40.0,E,459,0.00267,0.00238
8394,32.0,D,8394,0.03207,0.00166
1698,32.0,B,1698,0.01036,0.00083
1145,36.0,E,1145,0.03217,0.0375
5429,28.0,C,5429,0.04202,0.00195
9374,20.0,A,9374,0.04588,0.00292
5705,36.0,A,5705,0.01862,0.00018
324,24.0,B,324,0.02848,0.00288
1210,28.0,D,1210,0.01015,0.00699
7969,24.0,F,7969,0.00264,0.06821
5450,36.0,A,5450,0.02147,0.00024
7163,32.0,D,7163,0.07724,0.00046
5715,24.0,C,5715,0.00223,0.0031
8754,40.0,D,8754,0.0135,0.00096
4596,28.0,F,4596,0.01067,0.06329
4871,16.0,A,4871,0.02342,0.01057
1401,32.0,F,1401,0.01282,0.04807
8021,24.0,F,8021,0.05484,0.04195
3903,24.0,C,3903,0.00513,0.00229
7946,28.0,D,7946,0.01018,0.00095
1300,24.0,E,1300,0.00446,0.01334
816,36.0,B,816,0.08163,0.00014
5108,36.0,C,5108,0.00303,0.00033
6542,24.0,B,6542,0.14048,0.00143
7179,12.0,D,7179,0.04043,0.02254
8065,12.0,B,8065,0.01091,0.02212
8118,24.0,D,8118,0.00384,0.0026
3718,32.0,D,3718,0.0336,0.0032
1419,24.0,E,1419,0.00081,0.01597
5682,12.0,C,5682,0.02663,0.01828
255,32.0,D,255,0.00328,0.0041
7960,28.0,F,7960,0.0219,0.02256
5490,32.0,B,5490,0.01916,0.00061
7382,36.0,F,7382,0.01851,0.06177
2119,36.0,C,2119,0.00446,0.00188
9643,16.0,A,9643,0.0718,0.00899
4400,28.0,E,4400,0.00439,0.00338
699,12.0,E,699,0.02786,0.03888
8081,28.0,E,8081,0.0523,0.0318
5571,24.0,D,5571,0.04124,0.00356
8619,20.0,D,8619,0.01472,0.00857
2031,16.0,C,2031,0.01668,0.01269
3090,20.0,A,3090,0.05691,0.00534
8820,20.0,D,8820,0.00633,0.00354
696,16.0,D,696,0.00188,0.01595
3153,20.0,E,3153,0.01587,0.01405
4196,24.0,B,4196,0.04057,0.00176
6767,36.0,C,6767,0.09367,0.00276
1497,36.0,B,1497,0.03117,0.00052
5778,28.0,D,5778,0.00842,0.00213
9957,36.0,E,9957,0.00277,0.05522
4479,28.0,E,4479,0.0183,0.00322
1771,40.0,E,1771,0.0028,0.00123
7478,40.0,F,7478,0.01555,0.01518
3893,40.0,F,3893,0.01742,0.02939
6728,20.0,A,6728,0.06534,0.00671
8773,28.0,D,8773,0.01731,0.00945
2290,36.0,A,2290,0.08215,0.00015
5356,36.0,A,5356,0.02446,0.00016
2739,28.0,F,2739,0.03079,0.06194
1958,36.0,E,1958,0.0855,0.00533
8125,20.0,F,8125,0.43394,0.04648
1141,20.0,A,1141,0.03558,0.00384
6284,32.0,B,6284,0.00479,0.0012
691,40.0,D,691,0.01871,0.00349
7437,16.0,D,7437,0.02065,0.02584
2686,12.0,E,2686,0.00861,0.03281
9405,20.0,D,9405,0.00293,0.01492
7408,40.0,F,7408,0.00668,0.04949
4395,40.0,D,4395,0.08709,0.00213
6811,40.0,F,6811,0.01269,0.06847
4487,20.0,E,4487,0.01512,0.01024
3213,32.0,E,3213,0.01174,0.00129
8630,28.0,D,8630,0.00734,0.00763
5225,12.0,D,5225,0.00604,0.02908
983,32.0,D,983,0.05301,0.00172
9349,32.0,B,9349,0.01618,0.00046
1925,36.0,C,1925,0.00142,0.00356
8575,40.0,E,8575,0.01198,0.02729
4672,20.0,A,4672,0.02569,0.00571
9813,16.0,A,9813,0.06465,0.01547
7207,20.0,F,7207,0.03377,0.04399
7607,20.0,C,7607,0.00045,0.00427
4823,24.0,D,4823,0.01723,0.01209
7291,16.0,D,7291,0.01518,0.02548
4217,16.0,E,4217,0.00988,0.02336
7046,16.0,A,7046,0.05281,0.01807
9047,20.0,E,9047,0.00561,0.01512
5130,36.0,E,5130,0.01032,0.07281
1527,24.0,B,1527,0.01093,0.00445
7858,36.0,E,7858,0.00778,0.03323
3612,12.0,F,3612,0.19902,0.05174
3088,20.0,A,3088,0.07032,0.00556
2983,36.0,B,2983,0.04305,0.0008
4360,28.0,A,4360,0.02805,0.0004
1279,32.0,B,1279,0.00118,0.00104
3013,36.0,D,3013,0.00254,0.0029
5375,20.0,E,5375,0.01277,0.00347
3228,36.0,B,3228,0.00578,0.00029
4689,36.0,B,4689,0.00674,0.00042
7684,16.0,C,7684,0.02188,0.0148
577,36.0,F,577,0.0212,0.0351
8478,32.0,A,8478,0.01773,0.00043
3355,20.0,D,3355,0.00363,0.00651
5322,40.0,D,5322,0.00522,0.0006
806,12.0,D,806,0.01664,0.06285
8164,36.0,F,8164,0.05386,0.03445
6707,24.0,C,6707,0.05423,0.00416
6608,28.0,D,6608,0.00745,0.00296
8997,28.0,D,8997,0.00357,0.00465
9767,36.0,F,9767,0.01343,0.01477
5023,28.0,A,5023,0.04999,0.00049
8392,32.0,A,8392,0.01735,0.00031
4383,12.0,B,4383,0.02665,0.03463
7322,28.0,D,7322,0.0083,0.00113
4402,24.0,D,4402,0.00051,0.00633
6463,40.0,F,6463,0.01595,0.0454
4634,16.0,B,4634,0.04491,0.01784
8698,24.0,E,8698,0.01144,0.0067
1,28.0,B,1,0.0045,0.00189
6215,36.0,A,6215,0.03308,0.00013
409,12.0,A,409,0.1807,0.02774
4816,36.0,E,4816,0.00319,0.00704
7126,16.0,E,7126,0.03068,0.01247
7453,16.0,B,7453,0.05008,0.015
6548,40.0,F,6548,0.00494,0.09752
3297,28.0,D,3297,0.00224,0.00573
1874,24.0,E,1874,0.03214,0.0113
8785,24.0,E,8785,0.00989,0.00293
2217,16.0,D,2217,0.04162,0.01876
1207,40.0,A,1207,0.03357,4e-05
5408,24.0,E,5408,0.04599,0.00983
5866,24.0,D,5866,0.01089,0.01684
7050,16.0,C,7050,0.00957,0.00904
9016,16.0,F,9016,0.02163,0.04039
569,36.0,F,569,0.01823,0.05492
9873,32.0,A,9873,0.05041,0.00049
1103,36.0,E,1103,0.0035,0.00433
525,24.0,E,525,0.00106,0.01184
3167,16.0,D,3167,0.03314,0.01985
7956,36.0,B,7956,0.00202,0.00048
4825,32.0,D,4825,0.0073,0.00235
7964,36.0,B,7964,0.0035,0.00074
3010,24.0,B,3010,0.00663,0.00316
718,36.0,E,718,0.01769,0.06531
8041,24.0,E,8041,0.03544,0.01022
1631,36.0,C,1631,0.04902,0.00583
4195,28.0,D,4195,0.02036,0.00202
6879,32.0,A,6879,0.02614,0.00049
942,12.0,F,942,0.05121,0.05818
280,20.0,A,280,0.01619,0.00584
5049,20.0,F,5049,0.01127,0.00473
4672,12.0,D,4672,0.23579,0.03777
8164,32.0,B,8164,0.00301,0.00025
8350,28.0,F,8350,0.02395,0.02429
5340,20.0,E,5340,0.02675,0.04228
6815,20.0,C,6815,0.01119,0.0103
4596,20.0,D,4596,0.01351,0.01726
768,12.0,C,768,0.21364,0.0267
2371,20.0,D,2371,0.03065,0.00319
6413,28.0,D,6413,0.00945,0.00325
5996,12.0,C,5996,0.00083,0.04123
7248,12.0,D,7248,0.00183,0.02417
3848,12.0,D,3848,0.01067,0.03138
2214,16.0,E,2214,0.00381,0.05359
5694,28.0,F,5694,0.00329,0.00638
1796,40.0,F,1796,0.03896,0.03777
6515,16.0,F,6515,0.03003,0.05655
4548,36.0,C,4548,0.00956,0.00024
9366,24.0,B,9366,0.00197,0.00304
6616,40.0,D,6616,0.00448,0.00795
7259,16.0,D,7259,0.0304,0.01812
3086,40.0,C,3086,0.01833,7e-05
4493,36.0,F,4493,0.0468,0.00215
1796,12.0,C,1796,0.00062,0.02856
8646,28.0,F,8646,0.00417,0.0219
1033,24.0,E,1033,0.01096,0.02243
5538,12.0,D,5538,0.06892,0.02761
6602,36.0,A,6602,0.0183,0.00014
1445,20.0,B,1445,0.02058,0.00515
399,24.0,B,399,0.10539,0.00161
376,32.0,A,376,0.01764,0.00027
8796,40.0,C,8796,0.15027,0.00265
8637,24.0,D,8637,0.16765,0.00439
71,20.0,F,71,0.01366,0.01133
2603,24.0,A,2603,0.02416,0.00167
1293,40.0,F,1293,0.04158,0.01225
7767,20.0,B,7767,0.01222,0.00595
3094,28.0,F,3094,0.07933,0.1749
5278,20.0,D,5278,0.01998,0.00525
2627,16.0,A,2627,0.04777,0.01244
3746,36.0,D,3746,0.0017,0.00114
4295,36.0,A,4295,0.03851,0.00015
7959,28.0,B,7959,0.01376,0.00139
4313,16.0,A,4313,0.02951,0.01065
7269,24.0,A,7269,0.01409,0.00119
6963,20.0,B,6963,0.00309,0.00627
2022,32.0,E,2022,0.02086,0.03671
959,12.0,A,959,0.13111,0.03688
2595,20.0,A,2595,0.04646,0.00547
9889,20.0,C,9889,0.06459,0.00672
5038,20.0,F,5038,0.05492,0.009
3646,12.0,C,3646,0.04152,0.03139
6029,32.0,C,6029,0.05559,0.0028
9756,32.0,B,9756,0.00388,0.00027
764,24.0,F,764,0.13815,0.05878
8971,28.0,B,8971,0.00504,0.00096
5619,24.0,E,5619,0.01229,0.01106
9368,16.0,F,9368,0.03656,0.0534
6119,28.0,C,6119,0.03714,0.01061
8191,24.0,C,8191,0.01145,0.00513
8445,24.0,A,8445,0.01541,0.00257
2070,12.0,C,2070,0.26503,0.04875
5372,16.0,C,5372,0.00768,0.02069
9476,28.0,E,9476,0.06672,0.01312
1450,20.0,B,1450,0.05622,0.00549
1130,12.0,C,1130,0.10964,0.02349
8929,36.0,D,8929,0.00667,0.00121
603,40.0,F,603,0.03707,0.00263
5475,16.0,A,5475,0.05943,0.01053
4422,40.0,B,4422,0.00327,0.00027
673,20.0,D,673,0.00727,0.03929
5026,28.0,D,5026,0.00085,0.00238
8895,28.0,B,8895,0.00172,0.00112
3426,36.0,C,3426,0.01914,0.00088
7191,36.0,E,7191,0.00608,0.0296
3521,32.0,A,3521,0.0192,0.00039
2,16.0,C,2,0.01962,0.00583
337,20.0,C,337,0.02377,0.00705
154,36.0,E,154,0.02043,0.0096
8368,36.0,E,8368,0.0018,0.0009
8965,32.0,E,8965,0.02047,0.00313
4161,28.0,B,4161,0.00359,0.00221
4517,32.0,B,4517,0.00269,0.00056
8524,20.0,E,8524,0.00481,0.00835
1153,40.0,B,1153,0.00315,0.00077
1067,16.0,D,1067,0.00127,0.00972
4383,12.0,A,4383,0.08713,0.03664
6192,24.0,D,6192,0.00199,0.015
887,12.0,B,887,0.03608,0.02564
861,40.0,C,861,0.001,0.00029
3174,28.0,D,3174,0.00161,0.002
3097,40.0,E,3097,0.0479,0.00356
7480,12.0,C,7480,0.19618,0.05426
4540,28.0,F,4540,0.05614,0.07144
1438,40.0,D,1438,0.00396,0.0156
2472,16.0,A,2472,0.01998,0.00876
5574,36.0,A,5574,0.00345,0.00013
3748,40.0,B,3748,0.00507,0.00011
4329,24.0,D,4329,0.00294,0.01538
4936,28.0,F,4936,0.07678,0.01801
5089,32.0,D,5089,0.01036,0.00106
7084,28.0,A,7084,0.01393,0.0014
8242,16.0,E,8242,0.17621,0.01883
8748,20.0,E,8748,0.02701,0.01034
1740,12.0,A,1740,0.05668,0.03135
1770,16.0,E,1770,0.03409,0.03628
9076,24.0,D,9076,0.02048,0.00126
4938,12.0,F,4938,0.01254,0.0114
1251,40.0,C,1251,0.336,0.00746
9282,24.0,E,9282,0.04863,0.00671
4210,40.0,B,4210,0.0363,0.00023
9198,28.0,B,9198,0.00661,0.00109
7240,16.0,C,7240,0.01077,0.01836
6658,24.0,B,6658,0.00209,0.00145
9807,16.0,F,9807,0.04142,0.08694
7068,36.0,B,7068,0.00281,0.00039
6629,32.0,F,6629,0.03803,0.07824
1712,12.0,E,1712,0.06932,0.09192
1092,16.0,E,1092,0.01037,0.00785
2070,36.0,F,2070,0.0716,0.04611
859,36.0,A,859,0.01197,0.00011
822,40.0,B,822,0.00554,0.00022
2282,40.0,A,2282,0.0238,3e-05
3699,28.0,B,3699,0.01171,0.001
8805,16.0,F,8805,0.01252,0.06959
7569,32.0,B,7569,0.01195,0.00192
4986,20.0,F,4986,0.01269,0.00833
1435,20.0,B,1435,0.01309,0.00402
2555,32.0,E,2555,0.03003,0.01319
9975,40.0,B,9975,0.00404,0.00012
3294,36.0,B,3294,0.01361,0.00017
389,36.0,F,389,0.03672,0.03228
3521,16.0,F,3521,0.00991,0.02353
747,28.0,F,747,0.01283,0.02896
5116,28.0,B,5116,0.00293,0.00043
6966,36.0,D,6966,0.03935,0.00092
8023,20.0,B,8023,0.0254,0.00608
4961,12.0,C,4961,0.0226,0.03015
3759,40.0,D,3759,0.03483,0.00019
3085,32.0,F,3085,0.00921,0.00961
6136,36.0,C,6136,0.00659,0.00288
9252,24.0,F,9252,0.15826,0.00762
8645,24.0,D,8645,0.00156,0.01076
3561,12.0,D,3561,0.01572,0.03337
5390,24.0,E,5390,0.00173,0.05475
427,40.0,F,427,0.07055,0.02857
2081,40.0,F,2081,0.01853,0.02318
6100,36.0,A,6100,0.0186,0.0002
2486,20.0,A,2486,0.01058,0.00316
1411,16.0,B,1411,0.00304,0.01758
9722,32.0,C,9722,0.00811,0.00161
4062,12.0,B,4062,0.04898,0.01264
4718,36.0,B,4718,0.01428,0.00108
551,20.0,F,551,0.00904,0.07304
7051,20.0,D,7051,0.00323,0.00977
701,12.0,D,701,0.00449,0.04
1836,20.0,E,1836,0.0477,0.00828
8575,40.0,D,8575,0.00269,0.00159
5816,20.0,A,5816,0.014,0.00307
7815,20.0,C,7815,0.01301,0.00712
1797,40.0,E,1797,0.0103,0.01832
2119,12.0,E,2119,0.03205,0.03376
6441,28.0,E,6441,0.00034,0.00516
2382,16.0,B,2382,0.01085,0.0205
6050,40.0,B,6050,0.00727,9e-05
7843,40.0,E,7843,0.00111,0.01212
7010,28.0,B,7010,0.00257,0.00085
2616,32.0,D,2616,0.01779,0.00376
1191,16.0,E,1191,0.03299,0.03312
6679,12.0,C,6679,0.00692,0.02008
4159,16.0,D,4159,0.05031,0.02848
391,24.0,E,391,0.00835,0.00571
4455,36.0,D,4455,0.03231,0.0025
2726,12.0,F,2726,0.1813,0.09615
4473,24.0,F,4473,0.06159,0.01945
5396,24.0,F,5396,0.06649,0.01738
753,40.0,B,753,0.03799,0.00067
3297,40.0,E,3297,0.06902,0.0604
4715,40.0,C,4715,0.25284,0.00052
6269,24.0,F,6269,0.01873,0.07439
97,20.0,B,97,0.16893,0.00618
190,28.0,E,190,0.00665,0.01015
805,20.0,A,805,0.0496,0.00234
5595,32.0,B,5595,0.01228,0.00024
5413,28.0,B,5413,0.00561,0.00099
8148,40.0,D,8148,0.00654,0.00131
7249,24.0,E,7249,0.07033,0.01776
1969,24.0,D,1969,0.01056,0.00322
7615,16.0,B,7615,0.00433,0.00515
9812,40.0,D,9812,0.248,0.00887
3552,12.0,D,3552,0.02332,0.02826
6081,32.0,B,6081,0.01041,0.00082
5024,20.0,B,5024,0.00218,0.0027
4142,24.0,E,4142,0.37088,0.02747
8604,20.0,C,8604,0.02324,0.00477
8533,24.0,E,8533,0.00653,0.00173
8489,36.0,F,8489,0.00408,0.04616
8030,20.0,F,8030,0.04238,0.08979
5731,24.0,F,5731,0.02541,0.01136
5523,24.0,E,5523,0.01451,0.04707
2237,36.0,C,2237,0.00154,0.00152
7511,20.0,D,7511,0.00114,0.01081
7068,20.0,E,7068,0.00744,0.0116
9697,20.0,C,9697,0.02903,0.00504
6829,32.0,A,6829,0.03385,0.00041
8236,36.0,C,8236,0.00503,0.00172
6309,36.0,A,6309,5e-05,0.00014
9418,24.0,A,9418,0.05204,0.002
6747,36.0,B,6747,0.01051,0.00011
8372,20.0,E,8372,0.04551,0.01041
3408,16.0,D,3408,0.00145,0.01589
6936,32.0,B,6936,0.01455,0.00048
4988,40.0,A,4988,0.0294,5e-05
359,20.0,E,359,0.04451,0.00583
1519,32.0,E,1519,0.02668,0.00182
9665,28.0,F,9665,0.01868,0.09448
7540,20.0,B,7540,0.00404,0.0065
5672,24.0,E,5672,0.00734,0.03848
646,20.0,E,646,0.07417,0.03144
1596,32.0,B,1596,0.01288,0.00044
8869,28.0,E,8869,0.00444,0.02614
9581,32.0,A,9581,0.02882,0.0002
6405,20.0,E,6405,0.01129,0.02604
616,12.0,C,616,0.04233,0.02785
7185,32.0,B,7185,0.01585,0.00041
1258,28.0,B,1258,0.00085,0.00192
2846,20.0,C,2846,0.01827,0.00779
4435,36.0,F,4435,0.07661,0.02737
6135,28.0,E,6135,0.00464,0.00741
5784,20.0,C,5784,0.00265,0.01089
6587,12.0,F,6587,0.02291,0.03028
5139,40.0,C,5139,0.01543,0.00151
6378,16.0,E,6378,0.00541,0.02083
3483,20.0,D,3483,0.01269,0.0065
8407,24.0,B,8407,0.00506,0.00128
9877,36.0,A,9877,0.0359,0.00012
4364,32.0,A,4364,0.02222,0.00013
6315,20.0,F,6315,0.0219,0.01384
978,28.0,F,978,0.00413,0.03755
3814,12.0,C,3814,0.01707,0.04361
3171,24.0,E,3171,0.00579,0.03994
9566,20.0,E,9566,0.01786,0.04697
3419,32.0,A,3419,0.02468,0.00018
3804,24.0,D,3804,0.01244,0.00181
4948,28.0,C,4948,0.04846,0.00085
5520,24.0,A,5520,0.03427,0.00276
512,28.0,B,512,0.00335,0.00065
8545,32.0,C,8545,0.01384,0.00064
9949,20.0,C,9949,0.07073,0.00748
4291,36.0,F,4291,0.04157,0.11353
6019,40.0,B,6019,0.00479,0.00022
3705,28.0,D,3705,0.05265,0.00348
8690,16.0,A,8690,0.0923,0.01771
4746,36.0,E,4746,0.01321,0.00918
7814,24.0,E,7814,0.00903,0.02075
6572,36.0,C,6572,0.07276,0.00101
4097,40.0,C,4097,0.00226,0.00152
7415,24.0,D,7415,0.0052,0.00742
7428,24.0,A,7428,0.03329,0.00168
8155,24.0,F,8155,0.0205,0.04338
3484,12.0,F,3484,0.23582,0.04604
6938,28.0,C,6938,0.04569,0.00086
8851,40.0,D,8851,0.00921,0.0056
5968,16.0,B,5968,0.13117,0.02203
461,20.0,D,461,0.00465,0.00526
3690,28.0,F,3690,0.08505,0.02039
2267,12.0,F,2267,0.04574,0.05582
1336,28.0,C,1336,0.01932,0.00147
7854,20.0,A,7854,0.01623,0.00351
6002,24.0,A,6002,0.01243,0.00167
2400,32.0,A,2400,0.02852,0.00024
4991,28.0,B,4991,0.00078,0.00089
7296,36.0,D,7296,0.57673,0.00021
9065,20.0,E,9065,0.00698,0.0583
9990,36.0,E,9990,0.00571,0.00389
5643,36.0,A,5643,0.02224,0.00016
9924,24.0,F,9924,0.00448,0.07801
636,28.0,C,636,0.00905,0.00535
3811,28.0,C,3811,0.04167,0.0034
2650,16.0,A,2650,0.02822,0.01501
2558,12.0,E,2558,0.02231,0.08834
5021,16.0,D,5021,0.01295,0.01785
5115,16.0,D,5115,0.0303,0.01909
5161,36.0,A,5161,0.06056,0.00012
7981,24.0,F,7981,0.00301,0.03314
5627,28.0,F,5627,0.01071,0.023
3678,24.0,F,3678,0.00269,0.04742
9065,36.0,B,9065,0.03311,0.00046
6069,16.0,C,6069,0.00321,0.00936
2901,16.0,E,2901,0.00543,0.02303
4241,32.0,E,4241,0.00328,0.00265
6230,40.0,B,6230,0.00623,0.00077
6263,36.0,F,6263,0.06373,0.01548
4616,40.0,F,4616,0.0303,0.03065
3094,20.0,A,3094,0.08422,0.00394
1372,40.0,F,1372,0.01472,0.01967
7670,20.0,A,7670,0.09324,0.00218
6101,20.0,E,6101,0.0135,0.01931
8713,20.0,F,8713,0.00412,0.0167
3755,36.0,B,3755,0.00413,0.00052
547,36.0,C,547,0.07537,0.00054
8287,16.0,E,8287,0.04524,0.02483
480,40.0,F,480,0.09329,0.02053
7620,32.0,E,7620,0.01813,0.03753
95,28.0,D,95,0.10939,0.0047
4981,24.0,D,4981,0.02364,0.01256
7123,16.0,E,7123,0.07511,0.03259
175,40.0,A,175,0.02636,6e-05
2017,32.0,C,2017,0.00376,0.00105
8687,40.0,B,8687,0.02184,0.00012
8473,36.0,C,8473,0.05319,0.0038
9114,40.0,F,9114,0.00141,0.0437
3160,24.0,B,3160,0.0027,0.00197
2105,40.0,F,2105,0.01521,0.00358
3668,36.0,F,3668,0.00383,0.01079
1236,16.0,A,1236,0.05934,0.13001
5763,36.0,E,5763,0.00762,0.02442
1007,36.0,B,1007,0.00202,0.00034
4547,28.0,D,4547,0.0256,0.00692
3671,28.0,D,3671,0.02067,0.00464
1465,32.0,A,1465,0.02845,0.0003
6817,32.0,F,6817,0.00706,0.11875
116,20.0,F,116,0.02302,0.00798
909,32.0,F,909,0.07263,0.01487
4160,20.0,B,4160,0.0026,0.00383
3180,24.0,E,3180,0.00726,0.00869
5679,40.0,D,5679,0.00107,0.00131
6785,28.0,E,6785,0.00199,0.01548
112,12.0,B,112,0.00869,0.019
1648,20.0,D,1648,0.19576,0.01068
4675,16.0,C,4675,0.00626,0.01444
2337,32.0,C,2337,0.02729,0.00789
5997,40.0,E,5997,0.00931,0.00488
10000,24.0,C,10000,0.00882,0.00831
34,36.0,A,34,0.03372,0.00012
8535,32.0,E,8535,0.03802,0.00446
4902,12.0,E,4902,0.04727,0.09128
1225,32.0,F,1225,0.01407,0.03806
6674,12.0,C,6674,0.08674,0.03559
3984,16.0,B,3984,0.16368,0.01019
8922,32.0,A,8922,0.02963,0.00035
5923,28.0,C,5923,0.00914,0.00401
8939,40.0,E,8939,0.01477,0.0261
7511,20.0,B,7511,0.00407,0.00465
2583,40.0,A,2583,0.01594,8e-05
3575,28.0,E,3575,0.00544,0.01693
5960,40.0,B,5960,0.02456,9e-05
4151,16.0,E,4151,0.0041,0.01691
4353,28.0,F,4353,0.01551,0.02749
1689,16.0,D,1689,0.02883,0.01454
166,40.0,C,166,0.0059,0.00027
2446,28.0,D,2446,0.03878,0.01528
8870,40.0,C,8870,0.04492,0.00383
1725,20.0,A,1725,0.03084,0.00368
5163,12.0,D,5163,0.02321,0.03032
5279,40.0,F,5279,0.00623,0.04273
8101,16.0,D,8101,0.02425,0.01779
996,32.0,F,996,0.02495,0.01641
447,32.0,F,447,0.0036,0.06948
7388,40.0,F,7388,0.03915,0.03669
6260,28.0,B,6260,0.02802,0.00494
1727,32.0,C,1727,0.00742,0.00124
3979,36.0,B,3979,0.01479,0.00095
8231,20.0,A,8231,0.01204,0.00441
8108,16.0,A,8108,0.03518,0.01028
6692,12.0,A,6692,0.0549,0.02903
977,12.0,C,977,0.00303,0.02235
8840,32.0,A,8840,0.00014,0.00036
8729,36.0,B,8729,0.06958,0.00013
4321,28.0,F,4321,0.05863,0.00372
8413,36.0,C,8413,0.04,0.00028
7850,24.0,F,7850,0.02011,0.02324
5173,12.0,D,5173,0.01226,0.01928
2675,32.0,D,2675,0.00245,0.00605
2585,32.0,D,2585,0.01804,0.00751
991,16.0,E,991,0.04081,0.03211
6556,24.0,E,6556,0.02906,0.01612
4673,16.0,F,4673,0.06799,0.02573
8004,20.0,B,8004,0.02676,0.00442
8887,36.0,C,8887,0.00731,0.00689
9919,20.0,F,9919,0.05052,0.10942
6080,12.0,D,6080,0.03101,0.02855
3566,24.0,B,3566,0.00257,0.0011
2139,40.0,F,2139,0.00636,0.02443
8606,28.0,F,8606,0.00818,0.03061
2720,16.0,C,2720,0.04543,0.02514
4614,36.0,D,4614,0.00415,0.02039
375,20.0,F,375,0.10484,0.06277
7094,36.0,B,7094,0.00902,0.00044
8123,28.0,A,8123,0.02149,0.00071
8838,16.0,A,8838,0.05296,0.00909
1961,32.0,B,1961,0.06779,0.00031
330,24.0,C,330,0.02673,0.00206
8661,16.0,D,8661,0.00172,0.00853
3674,36.0,A,3674,0.04024,4e-05
5137,40.0,C,5137,0.03456,0.00652
6644,12.0,C,6644,0.06163,0.0337
7129,40.0,E,7129,0.02249,0.03223
9496,16.0,A,9496,0.05482,0.0151
1586,40.0,E,1586,0.00118,0.00219
7763,40.0,F,7763,0.0297,0.05628
2848,32.0,F,2848,0.00486,0.00535
2622,20.0,A,2622,0.03135,0.00353
8116,20.0,E,8116,0.03056,0.01391
4260,12.0,E,4260,0.04267,0.0256
5727,36.0,E,5727,0.00191,0.04103
4410,12.0,C,4410,0.01851,0.03103
6643,32.0,D,6643,0.04644,0.00358
8420,28.0,E,8420,0.05021,0.00293
2532,40.0,A,2532,0.00789,6e-05
3922,36.0,D,3922,0.00209,0.0005
7078,12.0,A,7078,0.0515,0.03348
3558,36.0,E,3558,0.07238,0.00939
2861,20.0,B,2861,0.21183,0.00421
853,36.0,A,853,0.01787,0.0001
9658,24.0,C,9658,0.00598,0.00318
2410,36.0,F,2410,0.01036,0.03998
6733,12.0,E,6733,0.03798,0.02466
732,36.0,C,732,0.00373,0.00257
778,40.0,A,778,0.02682,7e-05
9298,16.0,E,9298,0.05047,0.00823
1555,24.0,A,1555,0.03164,0.00131
3836,36.0,C,3836,0.0288,0.00332
4128,32.0,E,4128,0.06728,0.00533
1794,36.0,F,1794,0.01306,0.06123
1478,32.0,C,1478,0.00125,0.00112
5406,20.0,B,5406,0.10926,0.00497
1899,24.0,B,1899,0.0025,0.00227
1516,12.0,F,1516,0.02007,0.13383
2210,16.0,B,2210,0.03808,0.01569
306,20.0,C,306,0.0028,0.00506
3926,20.0,F,3926,0.02871,0.05506
6073,20.0,D,6073,0.07455,0.01001
7789,28.0,D,7789,0.01718,0.00481
9563,32.0,A,9563,0.02709,0.00019
5235,32.0,E,5235,0.00932,0.01316
1436,24.0,F,1436,0.0587,0.01723
7960,32.0,F,7960,0.04726,0.01987
6468,36.0,A,6468,0.02088,0.00013
1942,20.0,C,1942,0.02499,0.00979
4983,32.0,A,4983,0.02768,0.00042
1628,28.0,F,1628,0.02455,0.07019
2782,24.0,D,2782,0.08431,0.00374
8855,24.0,F,8855,0.01654,0.05109
385,16.0,F,385,0.01456,0.05625
5215,12.0,A,5215,0.16143,0.01822
5601,36.0,A,5601,0.04047,8e-05
9287,36.0,D,9287,0.35244,0.00845
4148,12.0,A,4148,0.19426,0.02324
3806,28.0,D,3806,0.00446,0.02444
4210,16.0,E,4210,0.00355,0.02164
6574,36.0,D,6574,0.0539,0.00226
8442,24.0,B,8442,0.01036,0.00166
5232,20.0,B,5232,0.02594,0.00461
6142,24.0,A,6142,0.04606,0.00279
448,20.0,E,448,0.1115,0.01496
4487,12.0,E,4487,0.06059,0.02731
9906,32.0,B,9906,0.03787,0.00122
2164,36.0,D,2164,0.00633,0.00035
8061,40.0,F,8061,0.04754,0.04885
5726,20.0,D,5726,0.00771,0.01588
3994,36.0,C,3994,0.08535,0.00831
3327,12.0,B,3327,0.05982,0.02099
8965,24.0,F,8965,0.08352,0.08895
8257,24.0,B,8257,0.00804,0.00196
8728,24.0,B,8728,0.04276,0.00215
6710,12.0,D,6710,0.02945,0.02673
2119,12.0,B,2119,0.00122,0.03915
5875,24.0,B,5875,0.0009,0.0007
9442,16.0,A,9442,0.02624,0.00758
7375,32.0,D,7375,0.01945,0.00133
8290,16.0,B,8290,0.00827,0.01525
3540,20.0,D,3540,0.03165,0.00495
6756,28.0,C,6756,0.01395,0.00086
3605,28.0,E,3605,0.00359,0.01921
7576,40.0,A,7576,0.12171,5e-05
8026,24.0,C,8026,0.0429,0.01076
5488,24.0,B,5488,0.0011,0.0017
7317,40.0,D,7317,0.00892,0.00772
5854,32.0,D,5854,0.00195,0.0027
6358,28.0,A,6358,0.01757,0.00077
6383,16.0,C,6383,0.01836,0.01111
1918,24.0,A,1918,0.03005,0.00187
7759,20.0,A,7759,0.02421,0.0081
9295,24.0,B,9295,0.01996,0.00333
6060,12.0,D,6060,0.0095,0.03294
9890,28.0,E,9890,0.02133,0.00532
8065,40.0,C,8065,0.004,0.00229
4522,32.0,D,4522,0.04868,0.00214
3328,40.0,D,3328,0.0755,0.00349
303,12.0,B,303,0.01058,0.01442
9832,16.0,F,9832,0.0112,0.05367
5544,40.0,A,5544,0.01518,6e-05
8430,40.0,A,8430,0.00477,6e-05
7554,24.0,A,7554,0.02667,0.00241
8921,28.0,C,8921,0.00401,0.00205
7100,28.0,A,7100,0.03517,0.00087
5041,40.0,E,5041,0.00264,0.01277
3215,24.0,B,3215,0.02018,0.0025
8470,20.0,B,8470,0.00419,0.01024
8606,40.0,D,8606,0.00298,0.01267
1103,24.0,E,1103,0.01192,0.00515
2339,12.0,D,2339,0.00868,0.02381
9708,20.0,A,9708,0.01237,0.00263
3054,20.0,F,3054,0.01255,0.04351
9338,36.0,C,9338,0.00253,0.00027
5754,20.0,C,5754,0.11473,0.01104
5466,32.0,E,5466,0.00621,0.02155
2914,36.0,E,2914,0.03586,0.01046
4678,28.0,F,4678,0.01362,0.03514
4829,32.0,A,4829,0.03597,0.0003
8300,28.0,F,8300,0.00408,0.00904
3024,24.0,B,3024,0.00279,0.00156
8032,40.0,A,8032,0.07979,5e-05
9657,20.0,F,9657,0.00487,0.02747
7172,24.0,F,7172,0.05315,0.02154
1430,32.0,F,1430,0.0033,0.0155
9924,16.0,D,9924,0.0273,0.02102
3591,24.0,A,3591,0.03863,0.00178
6905,16.0,B,6905,0.07997,0.01435
3508,36.0,F,3508,0.01795,0.01633
5594,36.0,F,5594,0.04357,0.1059
3122,24.0,A,3122,0.03155,0.00158
9151,36.0,E,9151,0.01943,0.02628
7475,24.0,A,7475,0.0121,0.00098
8311,24.0,E,8311,0.01827,0.02278
4238,32.0,D,4238,0.02286,0.00815
3407,24.0,D,3407,0.12269,0.00775
162,24.0,B,162,0.09405,0.00248
1374,20.0,C,1374,0.00612,0.01471
5158,16.0,E,5158,0.0585,0.00816
3732,20.0,E,3732,0.0391,0.00654
7870,24.0,E,7870,0.02202,0.0229
5896,36.0,D,5896,0.03352,0.00218
5126,28.0,A,5126,0.02614,0.00078
7223,36.0,E,7223,0.05038,0.00496
7751,32.0,E,7751,0.02622,0.01631
9953,20.0,D,9953,0.04449,0.00688
3731,32.0,B,3731,0.016,0.00102
8137,28.0,E,8137,0.01066,0.03491
6376,40.0,B,6376,0.00456,5e-05
2578,20.0,E,2578,0.01864,0.0145
9366,40.0,D,9366,0.01022,0.00066
5235,32.0,A,5235,0.00882,0.00038
2401,16.0,E,2401,0.01256,0.02983
8425,32.0,D,8425,0.05159,0.00913
7086,12.0,B,7086,0.00336,0.03339
6510,12.0,D,6510,0.01454,0.05022
3878,36.0,D,3878,0.118,0.00038
9750,36.0,A,9750,0.02998,0.00011
479,36.0,C,479,0.00176,0.0002
3853,28.0,C,3853,0.00196,0.00175
7941,28.0,B,7941,0.02634,0.00127
294,28.0,A,294,0.02282,0.00089
4759,40.0,A,4759,0.012,2e-05
7601,16.0,E,7601,0.10902,0.03351
271,16.0,B,271,0.0046,0.01447
8324,32.0,B,8324,0.00219,0.00029
8288,16.0,D,8288,0.00796,0.01144
8365,24.0,E,8365,0.00867,0.00618
3640,12.0,B,3640,0.03844,0.03234
2811,32.0,C,2811,0.00703,0.00017
1858,36.0,C,1858,0.01868,0.0023
4192,36.0,B,4192,0.00492,0.00146
3856,12.0,F,3856,0.02512,0.03245
9814,28.0,F,9814,0.02078,0.01759
1953,32.0,C,1953,0.06353,0.00522
4192,28.0,C,4192,0.00772,0.00825
815,20.0,D,815,0.0049,0.01096
8482,24.0,D,8482,0.00201,0.00556
8683,16.0,A,8683,0.03832,0.01226
2279,20.0,E,2279,0.00676,0.00262
5076,12.0,D,5076,0.00795,0.02753
6456,20.0,D,6456,0.00121,0.0083
9012,36.0,D,9012,0.00539,0.00036
4465,36.0,B,4465,0.31522,0.00018
6296,28.0,A,6296,0.01336,0.00113
3811,12.0,A,3811,0.12754,0.03768
9022,36.0,B,9022,0.01179,0.00014
4847,36.0,A,4847,0.00689,0.00018
2569,24.0,D,2569,0.00482,0.0085
3848,16.0,A,3848,0.12381,0.01327
2170,32.0,D,2170,0.00641,0.0073
904,28.0,F,904,0.01993,0.00899
4999,28.0,A,4999,0.02537,0.00107
9360,16.0,D,9360,0.00847,0.02565
124,36.0,D,124,0.02323,0.00504
4247,12.0,C,4247,0.00899,0.05874
5717,36.0,A,5717,0.02006,0.00016
7147,24.0,F,7147,0.03525,0.0265
849,32.0,A,849,0.10194,0.00042
8555,16.0,A,8555,0.03065,0.00425
929,32.0,B,929,0.0085,0.00052
5840,24.0,B,5840,0.01169,0.00241
6835,20.0,D,6835,0.10508,0.00886
1982,28.0,E,1982,0.05627,0.00768
3408,36.0,F,3408,0.12238,0.00707
4765,32.0,A,4765,0.03593,0.00014
9649,20.0,D,9649,0.0125,0.00774
7496,16.0,D,7496,0.03571,0.01562
9662,36.0,F,9662,0.02488,0.09708
9755,24.0,C,9755,0.16447,0.00714
1099,36.0,B,1099,0.00331,0.00099
2532,36.0,D,2532,0.09374,0.00128
3432,36.0,D,3432,0.01009,0.00446
813,32.0,B,813,0.00931,0.00027
5432,40.0,E,5432,0.00489,0.00309
5907,20.0,E,5907,0.00567,0.01462
3222,36.0,A,3222,0.02689,9e-05
6869,12.0,D,6869,0.01293,0.02674
7061,28.0,D,7061,0.00522,0.0013
4284,24.0,A,4284,0.02379,0.00291
6886,40.0,F,6886,0.12286,0.01535
326,24.0,F,326,0.01513,0.07649
3615,40.0,B,3615,0.01596,0.00127
9033,16.0,E,9033,0.01847,0.01528
4274,16.0,C,4274,0.01023,0.0225
4279,16.0,F,4279,0.06615,0.02385
5316,36.0,E,5316,0.08647,0.00363
2543,12.0,C,2543,0.0066,0.04581
787,24.0,B,787,0.00408,0.00238
6080,24.0,E,6080,0.00223,0.01141
8471,24.0,A,8471,0.02824,0.00193
7243,12.0,D,7243,0.01046,0.03398
8802,40.0,C,8802,0.00252,0.00995
1421,36.0,C,1421,0.00972,0.00161
4802,32.0,F,4802,0.00303,0.00113
9455,40.0,D,9455,0.00042,0.00257
1598,32.0,D,1598,0.08016,0.00766
3496,40.0,A,3496,0.01354,3e-05
1582,16.0,C,1582,0.00907,0.00838
2842,28.0,D,2842,0.10515,0.0014
9073,28.0,E,9073,0.07305,0.01087
7858,16.0,F,7858,0.00863,0.01639
2495,24.0,C,2495,0.02387,0.00361
3245,32.0,F,3245,0.00715,0.02269
594,20.0,C,594,0.00222,0.00704
1326,36.0,F,1326,0.01839,0.00633
1815,24.0,E,1815,0.03554,0.04365
7600,28.0,B,7600,0.0007,0.00083
5352,20.0,A,5352,0.02278,0.00818
1950,40.0,A,1950,0.02282,6e-05
4655,28.0,D,4655,0.00237,0.02155
5372,36.0,C,5372,0.00253,0.00537
5480,12.0,D,5480,0.03647,0.04187
6494,36.0,C,6494,0.00443,0.00026
1666,16.0,D,1666,0.00693,0.0131
6927,12.0,A,6927,0.13911,0.016
8710,40.0,C,8710,0.01851,0.00035
6047,40.0,F,6047,0.055,0.10446
138,40.0,C,138,0.04173,0.00053
4214,16.0,F,4214,0.02187,0.07537
7995,28.0,F,7995,0.00128,0.01321
2969,24.0,C,2969,0.01639,0.00167
7637,36.0,F,7637,0.00868,0.01791
8316,28.0,F,8316,0.00527,0.0182
471,28.0,D,471,0.11079,0.00141
1056,16.0,F,1056,0.01269,0.03974
7508,36.0,C,7508,0.00854,0.00108
1896,12.0,B,1896,0.1134,0.02948
2620,32.0,B,2620,0.01601,0.00221
9730,32.0,A,9730,0.02985,0.00029
8156,16.0,E,8156,0.00684,0.03934
8450,24.0,A,8450,0.02019,0.00144
443,32.0,A,443,0.03912,0.00024
4373,20.0,F,4373,0.00209,0.05844
2706,32.0,B,2706,0.02452,0.00099
3065,36.0,A,3065,0.04357,9e-05
6323,36.0,E,6323,0.01497,0.04881
6057,20.0,C,6057,0.01095,0.00825
3864,12.0,A,3864,0.26481,0.02016
433,36.0,B,433,0.00214,0.00024
2404,24.0,B,2404,0.01664,0.00152
4557,36.0,B,4557,0.00542,0.00032
1199,16.0,E,1199,0.07216,0.06475
8225,20.0,B,8225,0.1594,0.00423
7362,40.0,C,7362,0.01543,0.00034
5676,20.0,E,5676,0.04622,0.01784
4652,20.0,E,4652,0.00526,0.01717
6139,40.0,C,6139,0.04664,0.0007
7835,36.0,F,7835,0.00419,0.00958
5470,12.0,A,5470,0.04664,0.02186
9326,24.0,B,9326,0.01456,0.0043
5063,16.0,E,5063,0.00476,0.01545
6078,20.0,E,6078,0.01351,0.02426
5049,12.0,E,5049,0.01156,0.03002
8811,24.0,B,8811,0.01518,0.00227
3528,36.0,E,3528,0.03902,0.00906
4019,40.0,A,4019,0.0221,5e-05
444,12.0,A,444,0.04721,0.03045
773,40.0,D,773,0.00517,0.00318
791,36.0,A,791,0.00528,0.0001
5907,16.0,A,5907,0.07566,0.01284
5364,24.0,E,5364,0.12075,0.01838
7976,20.0,E,7976,0.00563,0.01641
3784,12.0,C,3784,0.00468,0.04653
3092,32.0,D,3092,0.00526,0.00374
1316,40.0,E,1316,0.03363,0.00618
8141,24.0,A,8141,0.03394,0.00173
6247,12.0,C,6247,0.00549,0.03814
2121,36.0,D,2121,0.05613,0.00063
4989,24.0,D,4989,0.06396,0.0019
8263,36.0,D,8263,0.00647,0.00057
277,36.0,C,277,0.05569,0.00189
7048,28.0,B,7048,0.00143,0.00179
6705,16.0,E,6705,0.17852,0.0374
8151,36.0,F,8151,0.00332,0.0539
9048,32.0,E,9048,0.00057,0.00187
7145,32.0,F,7145,0.01005,0.05041
1622,28.0,B,1622,0.00137,0.00065
4909,12.0,C,4909,0.22808,0.03903
9117,24.0,B,9117,0.00057,0.00289
417,32.0,B,417,0.00518,0.00041
3951,20.0,C,3951,0.00881,0.00499
3754,40.0,C,3754,0.03986,0.00263
481,36.0,D,481,0.13446,0.00034
7305,40.0,B,7305,0.0072,0.00038
3100,24.0,C,3100,0.0101,0.00221
1528,32.0,C,1528,0.0499,0.00036
6827,28.0,C,6827,0.10171,0.00114
8218,32.0,F,8218,0.05049,0.09721
7336,16.0,B,7336,0.00705,0.01402
2404,28.0,E,2404,0.0027,0.00288
3523,16.0,E,3523,0.00622,0.02526
9768,16.0,F,9768,0.01248,0.0649
3728,28.0,C,3728,0.06069,0.00359
9994,28.0,D,9994,0.00167,0.0066
6082,28.0,D,6082,0.11648,0.0042
7792,32.0,B,7792,0.00208,0.00106
8368,36.0,C,8368,0.01181,0.00033
4482,12.0,E,4482,0.01024,0.04733
1285,16.0,C,1285,0.00511,0.00707
2858,24.0,B,2858,0.02489,0.00362
387,20.0,E,387,0.02057,0.02536
5180,24.0,B,5180,0.1215,0.00163
8852,32.0,D,8852,0.00073,0.00898
4123,40.0,A,4123,0.0604,5e-05
6345,40.0,F,6345,0.03414,0.00551
5388,32.0,C,5388,0.00769,0.00303
2221,20.0,D,2221,0.07494,0.00659
1756,36.0,C,1756,0.00081,0.00171
2813,40.0,E,2813,0.01474,0.08073
9838,40.0,B,9838,0.03855,0.00023
3810,32.0,D,3810,0.04926,0.01538
5019,20.0,C,5019,0.01009,0.00482
6389,28.0,A,6389,0.01896,0.00061
8929,32.0,C,8929,0.0098,0.00521
1583,32.0,F,1583,0.02202,0.02529
6288,20.0,A,6288,0.0322,0.00375
4891,24.0,E,4891,0.02021,0.03
9643,24.0,F,9643,0.00784,0.00545
2077,40.0,B,2077,0.00048,0.003
9264,32.0,E,9264,0.00406,0.03387
6740,32.0,B,6740,0.02281,0.00062
5678,28.0,D,5678,0.07211,0.00178
5552,24.0,A,5552,0.03391,0.0026
8557,28.0,A,8557,0.03642,0.0005
2559,36.0,B,2559,0.82267,0.00031
4487,40.0,E,4487,0.0313,0.00492
5537,12.0,C,5537,0.0187,0.04059
6753,36.0,E,6753,0.01165,0.00489
2794,12.0,A,2794,0.1155,0.0556
5694,32.0,E,5694,0.05256,0.08555
4965,32.0,E,4965,0.00464,0.01627
5247,40.0,B,5247,0.01007,0.00016
5155,24.0,A,5155,0.02698,0.00172
8200,16.0,E,8200,0.04639,0.06644
6974,12.0,C,6974,0.03316,0.03765
3291,24.0,F,3291,0.04618,0.03296
4837,36.0,F,4837,0.02168,0.01548
1612,12.0,C,1612,0.04153,0.03469
6541,16.0,C,6541,0.01387,0.01202
3957,24.0,B,3957,0.01119,0.00134
2624,36.0,C,2624,0.00269,0.00016
5721,24.0,E,5721,0.00444,0.00781
6936,36.0,B,6936,0.01028,0.00058
1759,40.0,F,1759,0.02249,0.01016
3391,40.0,E,3391,0.00611,0.05656
262,36.0,D,262,0.0093,0.00514
7864,36.0,F,7864,0.02343,0.07451
8087,36.0,A,8087,0.04052,0.0001
5759,28.0,F,5759,0.01164,0.05265
4028,32.0,B,4028,0.0089,0.00065
756,32.0,A,756,0.02397,0.00029
4358,36.0,B,4358,0.0065,6e-05
4868,16.0,A,4868,0.04835,0.01494
5406,24.0,C,5406,0.07971,0.00235
4474,36.0,F,4474,0.00963,0.02567
5156,32.0,A,5156,0.01987,0.00044
8324,16.0,F,8324,0.03646,0.03937
3351,24.0,E,3351,0.02206,0.02967
4391,36.0,A,4391,0.03535,8e-05
1662,36.0,D,1662,0.07025,0.00019
4760,12.0,A,4760,0.12296,0.04421
6824,40.0,A,6824,0.04115,4e-05
1979,12.0,C,1979,0.01434,0.01911
5344,28.0,A,5344,0.01694,0.00076
2836,28.0,D,2836,0.06023,0.00192
8198,28.0,E,8198,0.06548,0.01418
2388,40.0,C,2388,0.01297,0.00042
1352,32.0,F,1352,0.0286,0.05068
7475,40.0,A,7475,0.00767,3e-05
6595,20.0,A,6595,0.07069,0.00542
3248,36.0,F,3248,0.07273,0.06414
6601,20.0,E,6601,0.00603,0.01536
3476,24.0,D,3476,0.00579,0.00231
8167,20.0,A,8167,0.10393,0.00771
920,32.0,A,920,0.01194,0.00041
5579,28.0,A,5579,0.02034,0.00117
9731,28.0,C,9731,0.00714,0.00162
7035,32.0,C,7035,0.00295,0.00128
5900,28.0,A,5900,0.14187,0.00038
6509,24.0,E,6509,0.00073,0.00688
4109,32.0,D,4109,0.0195,0.002
8261,40.0,C,8261,0.01781,0.0015
8007,36.0,E,8007,0.00563,0.00098
9751,24.0,C,9751,0.05055,0.00222
5128,36.0,B,5128,0.0198,0.00012
5994,32.0,D,5994,0.05439,0.00115
7946,40.0,D,7946,0.00642,0.01115
1036,12.0,C,1036,0.01141,0.03428
8791,40.0,F,8791,0.01983,0.0436
6439,24.0,E,6439,0.0143,0.02559
7638,16.0,A,7638,0.02227,0.00963
9150,36.0,C,9150,0.02098,0.00061
6416,28.0,E,6416,0.08024,0.00822
924,36.0,C,924,0.01413,0.00669
6553,28.0,E,6553,0.01487,0.00429
4950,20.0,D,4950,0.00607,0.00575
1779,40.0,D,1779,0.00328,0.0192
1172,24.0,A,1172,0.03669,0.00216
7364,16.0,C,7364,0.18926,0.02442
963,12.0,F,963,0.00248,0.04199
956,32.0,B,956,0.00409,0.00016
7476,28.0,C,7476,0.01323,0.00171
8291,24.0,E,8291,0.02729,0.04059
8816,28.0,E,8816,0.05837,0.00803
4957,32.0,E,4957,0.01688,0.01297
2619,36.0,C,2619,0.00064,0.00124
8822,40.0,B,8822,0.01333,0.0005
4960,12.0,D,4960,0.08056,0.03982
8495,28.0,D,8495,0.00503,0.02606
6600,28.0,B,6600,0.00854,0.00079
7974,20.0,D,7974,0.00827,0.00326
7978,16.0,D,7978,0.00589,0.02165
8170,16.0,F,8170,0.00125,0.01809
9826,28.0,B,9826,0.02096,0.00081
8898,28.0,D,8898,0.01527,0.00209
1744,28.0,C,1744,0.01185,0.00179
9831,36.0,F,9831,0.0635,0.01715
4235,40.0,C,4235,0.01683,0.00192
3283,12.0,B,3283,0.00526,0.04146
4685,28.0,C,4685,0.00254,0.00181
4914,16.0,F,4914,0.00848,0.07727
194,16.0,E,194,0.0078,0.01524
8914,36.0,C,8914,0.0003,0.00046
6817,16.0,C,6817,0.00461,0.0191
6147,28.0,F,6147,0.00431,0.03957
549,40.0,F,549,0.00604,0.0413
3021,24.0,A,3021,0.0369,0.00234
9596,20.0,C,9596,0.09178,0.01239
5293,20.0,F,5293,0.016,0.01097
2490,16.0,D,2490,0.00154,0.00966
1036,36.0,F,1036,0.09089,0.00733
34,24.0,C,34,0.00069,0.00339
8671,12.0,A,8671,0.20168,0.02269
6024,28.0,A,6024,0.02937,0.00106
9809,16.0,D,9809,0.01827,0.01371
4258,32.0,C,4258,0.00399,0.00127
9750,28.0,D,9750,0.01959,0.0008
9437,20.0,B,9437,0.01117,0.00834
4058,24.0,C,4058,0.09972,0.00379
5214,28.0,D,5214,0.0049,0.00575
8313,28.0,B,8313,0.01112,0.00066
586,32.0,E,586,0.00203,0.02198
2029,12.0,D,2029,0.00274,0.0331
118,16.0,F,118,0.02222,0.04706
4819,40.0,C,4819,0.02542,0.00544
8926,24.0,D,8926,0.02801,0.00181
7445,20.0,A,7445,0.02947,0.0041
4110,40.0,C,4110,0.00118,0.00033
8539,28.0,D,8539,0.00437,0.02071
4433,16.0,E,4433,0.00376,0.02522
8983,40.0,A,8983,0.0176,3e-05
9180,36.0,C,9180,0.00517,0.00086
5113,36.0,C,5113,0.00896,0.00208
7084,16.0,A,7084,0.09609,0.00884
5344,40.0,E,5344,0.02141,0.00858
475,36.0,A,475,0.04585,0.00015
5243,20.0,F,5243,0.03348,0.0105
3300,36.0,C,3300,0.0267,0.00018
3408,28.0,D,3408,0.34663,0.0065
4322,16.0,D,4322,0.00463,0.01535
2687,16.0,D,2687,0.00446,0.0141
1690,36.0,A,1690,0.12192,0.00021
2494,12.0,B,2494,0.07237,0.04161
9993,36.0,C,9993,0.03683,0.00227
2884,16.0,F,2884,0.05021,0.07876
1456,28.0,A,1456,0.08165,0.00094
1885,20.0,A,1885,0.04441,0.00641
9168,20.0,A,9168,0.04595,0.00345
3276,20.0,B,3276,0.00891,0.00426
800,28.0,C,800,0.12961,0.00354
2538,20.0,F,2538,0.03967,0.01499
5916,32.0,D,5916,0.02376,0.0049
4469,12.0,B,4469,0.00325,0.05337
6411,28.0,E,6411,0.00873,0.02549
611,20.0,D,611,0.00469,0.0251
3843,40.0,B,3843,0.0051,0.00023
8731,32.0,E,8731,0.0008,0.0058
8563,40.0,B,8563,0.04704,6e-05
7958,36.0,F,7958,0.05124,0.0286
97,40.0,F,97,0.03045,0.05313
6000,28.0,F,6000,0.00943,0.00742
8890,24.0,E,8890,0.02515,0.02072
2476,16.0,F,2476,0.00272,0.12358
2937,20.0,C,2937,0.01678,0.00792
7756,24.0,B,7756,0.02087,0.0031
2323,16.0,D,2323,0.01934,0.0112
7163,12.0,A,7163,0.07345,0.03924
4587,20.0,E,4587,0.00817,0.03063
6005,36.0,D,6005,0.002,0.00142
71,36.0,B,71,0.13853,0.00019
2617,20.0,D,2617,0.01721,0.01572
8237,32.0,F,8237,0.01023,0.03452
7962,16.0,E,7962,0.06108,0.0286
6741,12.0,B,6741,0.00683,0.02947
9594,40.0,C,9594,0.019,0.00455
2612,24.0,C,2612,0.03678,0.00488
2897,32.0,F,2897,0.32556,0.02165
9779,28.0,D,9779,0.01035,0.00142
1376,40.0,D,1376,0.00164,0.00407
5235,28.0,D,5235,0.05103,0.00409
4129,20.0,A,4129,0.03311,0.00474
9639,36.0,F,9639,0.00579,0.02901
5656,40.0,F,5656,0.01411,0.06214
7556,20.0,C,7556,0.02931,0.00525
2536,16.0,C,2536,0.03236,0.00854
3642,12.0,B,3642,0.08807,0.02657
3391,32.0,D,3391,0.00121,0.0149
9762,40.0,F,9762,0.00572,0.02076
9415,32.0,E,9415,0.0011,0.00456
5404,16.0,B,5404,0.0142,0.01424
6418,12.0,B,6418,0.03429,0.02063
8101,24.0,C,8101,0.00568,0.00214
9997,16.0,D,9997,0.02065,0.01179
1488,12.0,F,1488,0.01328,0.07608
347,36.0,D,347,0.04181,0.00176
516,28.0,F,516,0.13822,0.02688
7,24.0,E,7,0.02077,0.03271
6926,32.0,D,6926,0.00662,0.00061
6255,32.0,B,6255,0.00514,0.00329
6997,12.0,A,6997,0.04395,0.01734
5569,28.0,B,5569,0.06716,0.00136
7944,36.0,E,7944,0.00674,0.00521
300,16.0,C,300,0.04618,0.00759
4456,16.0,B,4456,0.01165,0.00953
1136,28.0,B,1136,0.02612,0.00071
3645,32.0,B,3645,0.0201,0.00071
1359,24.0,E,1359,0.00522,0.00528
9551,28.0,D,9551,0.06233,0.00638
1399,32.0,B,1399,0.04441,0.0003
1910,20.0,F,1910,0.03196,0.01209
5998,36.0,D,5998,0.00841,0.01777
4154,20.0,C,4154,0.44995,0.00847
5365,28.0,E,5365,0.01522,0.00748
808,28.0,A,808,0.04149,0.00123
9502,40.0,C,9502,0.0007,7e-05
5708,24.0,F,5708,0.02991,0.00955
6670,20.0,F,6670,0.01027,0.08336
9587,32.0,C,9587,0.00153,0.0004
5614,24.0,E,5614,0.00472,0.02061
2345,36.0,E,2345,0.03776,0.02134
5243,36.0,B,5243,0.02634,0.00014
590,16.0,B,590,0.11466,0.02493
8855,16.0,D,8855,0.00686,0.00798
6538,36.0,D,6538,0.10761,0.00215
571,40.0,D,571,0.00447,0.0099
8119,32.0,F,8119,0.16086,0.05643
227,12.0,B,227,0.03626,0.03269
8155,16.0,C,8155,0.0224,0.0159
4692,40.0,A,4692,0.0336,6e-05
5343,16.0,C,5343,0.04103,0.01032
8080,28.0,B,8080,0.00217,0.00068
9008,32.0,A,9008,0.03065,0.00034
6376,12.0,C,6376,0.11369,0.03018
3988,36.0,F,3988,0.0232,0.0023
8069,16.0,B,8069,0.01017,0.01223
3983,32.0,F,3983,0.0095,0.01654
5213,12.0,B,5213,0.12754,0.02878
5635,24.0,D,5635,0.05931,0.002
7375,24.0,D,7375,0.03143,0.00269
2950,16.0,B,2950,0.00861,0.0079
9052,20.0,B,9052,0.01884,0.00523
1780,32.0,B,1780,0.00252,0.00243
9688,24.0,A,9688,0.03661,0.0026
3845,16.0,E,3845,0.03292,0.01156
38,40.0,A,38,0.03038,4e-05
5951,12.0,E,5951,0.04512,0.02798
584,28.0,D,584,0.02203,0.00213
2292,12.0,F,2292,0.1174,0.06722
4779,28.0,D,4779,0.03451,0.00191
934,20.0,D,934,0.00417,0.00736
493,40.0,C,493,0.01383,0.00069
6135,12.0,F,6135,0.0259,0.07294
4332,20.0,C,4332,0.02088,0.00546
3773,36.0,F,3773,0.01562,0.01627
3338,24.0,A,3338,0.04391,0.00139
3177,40.0,F,3177,0.00809,0.08265
9973,32.0,B,9973,0.00459,0.00131
2302,24.0,F,2302,0.00086,0.03847
1251,36.0,D,1251,0.21424,0.00298
2471,36.0,E,2471,0.02953,0.00411
5797,28.0,E,5797,0.00616,0.01402
7286,32.0,C,7286,0.00193,0.00058
8293,20.0,C,8293,0.00814,0.01191
7217,24.0,D,7217,0.0068,0.00336
2844,12.0,A,2844,0.19333,0.04414
4420,24.0,B,4420,0.02783,0.00379
41,16.0,D,41,0.06578,0.01419
6511,40.0,F,6511,0.01612,0.02666
6507,12.0,B,6507,0.05366,0.02573
8693,16.0,F,8693,0.04783,0.01526
280,40.0,B,280,0.02366,0.0005
1635,16.0,E,1635,0.00111,0.02286
8583,20.0,F,8583,0.01165,0.008
201,12.0,C,201,0.00357,0.03277
8261,36.0,F,8261,0.00862,0.01298
8879,32.0,C,8879,0.00064,0.00054
866,24.0,D,866,0.06078,0.01053
6417,20.0,D,6417,0.01271,0.0104
8699,32.0,D,8699,0.0551,0.00576
8035,16.0,E,8035,0.00241,0.0349
7146,28.0,E,7146,0.01554,0.01692
427,20.0,D,427,0.00269,0.005
3252,20.0,A,3252,0.03856,0.00384
3969,16.0,D,3969,0.00858,0.02881
5247,36.0,F,5247,0.01116,0.03202
8727,20.0,B,8727,0.00511,0.00424
5193,40.0,E,5193,0.00107,0.02787
8460,36.0,A,8460,0.04528,0.00012
4667,28.0,C,4667,0.00433,0.0015
5226,24.0,B,5226,0.04896,0.00327
4799,32.0,E,4799,0.00998,0.00885
9098,20.0,E,9098,0.04592,0.02049
5231,16.0,C,5231,0.00196,0.01237
4407,32.0,B,4407,0.02993,0.0003
1793,16.0,E,1793,0.0376,0.04386
9200,16.0,F,9200,0.02059,0.02629
1871,16.0,F,1871,0.00788,0.02384
1670,20.0,D,1670,0.0579,0.00639
3622,32.0,A,3622,0.03483,0.00043
320,24.0,A,320,0.07421,0.00137
2773,28.0,B,2773,0.02152,0.00086
2770,32.0,D,2770,0.00748,0.008
2651,12.0,C,2651,0.00731,0.05265
3472,24.0,A,3472,0.04384,0.00298
4673,24.0,A,4673,0.00594,0.00209
2679,12.0,D,2679,0.0065,0.05631
726,36.0,E,726,0.00893,0.02098
4833,24.0,C,4833,0.01367,0.00115
8287,40.0,A,8287,0.05483,5e-05
3675,24.0,E,3675,0.00719,0.01738
5170,32.0,D,5170,0.02637,0.00101
6001,40.0,F,6001,0.12429,0.12306
6014,28.0,C,6014,0.11283,0.00391
7407,28.0,F,7407,0.05534,0.01584
7367,28.0,B,7367,0.00539,0.00058
6052,32.0,F,6052,0.00624,0.12295
3045,12.0,F,3045,0.00745,0.07526
1622,16.0,F,1622,0.02971,0.03978
6421,16.0,A,6421,0.06425,0.01076
6799,40.0,B,6799,0.00315,0.00076
3183,32.0,E,3183,0.05459,0.03709
1699,12.0,E,1699,0.01995,0.0229
8304,24.0,C,8304,0.1788,0.00547
7778,40.0,D,7778,0.07681,0.00078
5233,16.0,F,5233,0.01825,0.05377
1523,20.0,E,1523,0.04195,0.01663
2692,40.0,C,2692,0.00317,0.00013
3581,24.0,C,3581,0.00711,0.00173
7123,36.0,B,7123,0.01372,0.00033
3466,16.0,C,3466,0.00745,0.02098
8916,20.0,A,8916,0.02526,0.00897
3949,32.0,D,3949,0.02353,0.00146
8445,32.0,B,8445,0.03519,0.00034
7791,40.0,E,7791,0.0215,0.0156
9629,36.0,F,9629,0.01435,0.03909
7925,20.0,B,7925,0.00324,0.00345
511,28.0,E,511,0.00551,0.00127
9123,24.0,B,9123,0.00991,0.00255
1554,32.0,A,1554,0.02479,0.00028
8244,36.0,E,8244,0.00219,0.04729
877,36.0,A,877,0.0116,0.00011
8465,36.0,D,8465,0.08076,0.00225
4219,28.0,B,4219,0.00357,0.00074
7105,20.0,E,7105,0.01001,0.00771
5081,28.0,D,5081,0.00932,0.0057
9813,16.0,C,9813,0.00684,0.01592
1781,12.0,E,1781,0.05274,0.03055
7497,32.0,E,7497,0.01714,0.00579
5665,16.0,D,5665,0.0245,0.02653
3771,36.0,A,3771,0.02947,0.00017
6041,36.0,F,6041,0.01171,0.0689
4265,20.0,D,4265,0.00614,0.0031
2270,32.0,A,2270,0.01109,0.00035
1237,32.0,E,1237,0.03856,0.00921
6223,36.0,B,6223,0.00796,0.00085
4538,16.0,D,4538,0.04727,0.00998
4497,40.0,A,4497,0.01641,4e-05
3465,20.0,E,3465,0.06515,0.06563
6807,16.0,A,6807,0.03337,0.01163
9724,16.0,A,9724,0.04115,0.01411
3768,16.0,D,3768,0.01033,0.01066
7289,20.0,E,7289,0.01298,0.02845
2409,28.0,F,2409,0.00638,0.03382
5680,16.0,B,5680,0.00553,0.00654
9459,40.0,A,9459,0.00547,3e-05
7845,32.0,B,7845,0.0254,0.00044
3455,12.0,F,3455,0.03139,0.08011
7474,20.0,C,7474,0.017,0.00922
5100,32.0,B,5100,0.04225,0.00045
5819,24.0,F,5819,0.00788,0.07631
4397,32.0,D,4397,0.03133,0.00106
7256,40.0,B,7256,0.00241,0.00069
7682,16.0,D,7682,0.05873,0.01152
7722,36.0,D,7722,0.03555,0.00358
75,16.0,A,75,0.03831,0.01011
2682,32.0,D,2682,0.15182,0.00214
6330,16.0,B,6330,0.03406,0.02029
8961,36.0,F,8961,0.04133,0.00639
1161,16.0,B,1161,0.01983,0.01926
5673,36.0,F,5673,0.02812,0.00221
2551,36.0,F,2551,0.00274,0.01016
9114,36.0,A,9114,0.00661,0.00016
2643,20.0,D,2643,0.05423,0.02212
3001,12.0,A,3001,0.01898,0.02093
3775,24.0,C,3775,0.00315,0.00366
5131,32.0,F,5131,0.00781,0.06576
798,32.0,A,798,0.04374,0.0004
4577,16.0,F,4577,0.19953,0.04224
3838,24.0,F,3838,0.03102,0.01255
7043,12.0,E,7043,0.16924,0.05346
1478,40.0,F,1478,0.02614,0.08536
6917,12.0,C,6917,0.0466,0.02302
31,32.0,D,31,0.01587,0.0037
6998,40.0,E,6998,0.0292,0.0329
4675,28.0,B,4675,0.00043,0.00115
739,12.0,B,739,0.01095,0.01822
876,20.0,D,876,0.03687,0.01364
375,28.0,B,375,0.00985,0.00068
4467,20.0,A,4467,0.07097,0.00411
4811,24.0,D,4811,0.00338,0.0048
2104,28.0,D,2104,0.00467,0.00864
623,28.0,E,623,0.00738,0.0145
684,32.0,C,684,0.06613,0.00192
1950,12.0,E,1950,0.02192,0.03314
982,16.0,B,982,0.00424,0.01238
1595,32.0,F,1595,0.0243,0.07404
9683,20.0,D,9683,0.02245,0.00915
7108,12.0,D,7108,0.0029,0.02902
3110,28.0,C,3110,0.00208,0.00212
2025,36.0,D,2025,0.01784,0.00183
230,32.0,E,230,0.00875,0.02808
5974,12.0,B,5974,0.01039,0.04395
688,32.0,B,688,0.0634,0.0006
9939,36.0,A,9939,0.02967,0.00012
7551,28.0,D,7551,0.01955,0.00139
1406,32.0,E,1406,0.04502,0.01
3539,32.0,E,3539,0.00775,0.03994
5887,36.0,F,5887,0.03944,0.0088
7035,36.0,B,7035,0.02405,0.00027
6126,24.0,F,6126,0.01306,0.03257
9113,40.0,B,9113,0.0113,0.00039
986,20.0,A,986,0.06774,0.00544
9799,36.0,C,9799,0.03602,0.0027
4922,16.0,D,4922,0.02992,0.01046
1495,32.0,F,1495,0.00225,0.02246
3115,36.0,F,3115,0.02613,0.01844
3085,12.0,F,3085,0.04206,0.05401
9521,24.0,E,9521,0.02135,0.01564
8244,28.0,B,8244,0.00455,0.00033
2702,36.0,D,2702,0.00524,0.00157
1178,36.0,F,1178,0.01444,0.0301
7639,32.0,C,7639,0.01108,0.00219
129,24.0,F,129,0.10039,0.02198
1244,32.0,F,1244,0.02523,0.04521
5744,40.0,C,5744,0.00584,0.00842
5529,36.0,F,5529,0.05151,0.00866
1288,28.0,D,1288,0.02715,0.00867
3266,28.0,D,3266,0.01688,0.00623
4039,24.0,B,4039,0.00663,0.00269
7337,40.0,B,7337,0.00281,0.00062
3259,40.0,D,3259,0.00702,0.00384
8231,20.0,C,8231,0.10891,0.00989
5995,36.0,E,5995,0.01406,0.04116
5930,40.0,E,5930,0.00663,0.00673
5667,12.0,E,5667,0.12604,0.06044
5978,16.0,B,5978,0.00739,0.0151
951,20.0,A,951,0.03523,0.00512
9703,40.0,C,9703,0.00157,0.00025
1660,20.0,A,1660,0.09774,0.00692
7000,40.0,C,7000,0.21124,0.0034
1405,40.0,F,1405,0.07797,0.03991
6705,32.0,D,6705,0.01078,0.00601
8785,20.0,A,8785,0.00839,0.00487
8412,12.0,A,8412,0.10422,0.04375
2407,40.0,E,2407,0.00939,0.01283
5672,40.0,C,5672,0.02679,0.00012
6548,16.0,E,6548,0.01004,0.01986
2623,20.0,A,2623,0.03199,0.00201
4542,16.0,A,4542,0.03196,0.00763
3757,28.0,C,3757,0.00914,0.01166
1472,40.0,D,1472,0.0228,0.00464
4390,28.0,D,4390,0.00891,0.0101
7380,12.0,D,7380,0.02385,0.02827
7610,32.0,E,7610,0.00406,0.01292
893,40.0,F,893,0.06501,0.07572
9548,28.0,D,9548,0.00235,0.00396
8241,32.0,D,8241,0.00127,0.00091
267,20.0,D,267,0.00341,0.00528
7530,28.0,E,7530,0.04225,0.00482
1077,28.0,B,1077,0.00648,0.00222
6510,12.0,C,6510,0.01103,0.05869
9508,36.0,D,9508,0.07666,0.00024
5602,28.0,A,5602,0.04078,0.00071
2424,28.0,C,2424,0.02166,0.00432
4583,32.0,F,4583,0.04339,0.06211
7843,32.0,B,7843,0.00801,0.00047
130,20.0,B,130,0.00159,0.00527
935,32.0,D,935,0.03281,0.01395
6948,16.0,E,6948,0.00875,0.07283
4912,40.0,B,4912,0.05321,0.00018
8776,40.0,C,8776,0.2019,0.00102
4508,20.0,C,4508,0.02158,0.00751
1682,40.0,E,1682,0.0005,0.00872
1749,28.0,F,1749,0.03262,0.01662
8002,36.0,C,8002,0.0333,0.00154
8547,32.0,C,8547,0.03451,0.00192
9349,28.0,B,9349,0.06351,0.00136
3389,40.0,E,3389,0.00419,0.03933
9603,20.0,F,9603,0.03832,0.01407
2785,16.0,B,2785,0.0448,0.01599
8681,28.0,E,8681,0.03598,0.00718
9795,24.0,B,9795,0.02447,0.00232
4152,20.0,D,4152,0.01416,0.02204
8075,32.0,A,8075,0.02506,0.00033
3405,40.0,D,3405,0.00496,0.00439
4214,28.0,F,4214,0.01167,0.01739
3985,28.0,F,3985,0.00855,0.13405
4414,12.0,F,4414,0.01171,0.05456
5742,12.0,B,5742,0.07543,0.02642
9505,24.0,B,9505,0.03556,0.00144
5183,24.0,D,5183,0.28521,0.0036
7544,32.0,D,7544,0.00144,0.00082
9536,40.0,A,9536,0.00883,5e-05
8212,24.0,F,8212,0.0379,0.01848
2444,36.0,B,2444,0.01893,0.00016
8194,32.0,C,8194,0.00511,0.00091
8783,20.0,E,8783,0.13415,0.01978
9235,16.0,F,9235,0.01378,0.02987
6969,40.0,E,6969,0.00266,0.02379
8760,40.0,B,8760,0.00402,0.00037
1323,36.0,A,1323,0.02707,0.00018
9329,16.0,F,9329,0.08425,0.02537
627,24.0,C,627,0.09156,0.00162
6947,36.0,D,6947,0.00022,0.00026
7160,28.0,B,7160,0.00212,0.00074
4470,32.0,C,4470,0.00086,0.00752
5727,24.0,A,5727,0.01527,0.00324
2575,20.0,E,2575,0.01142,0.02061
5668,32.0,A,5668,0.01979,0.00023
6221,28.0,A,6221,0.00549,0.00054
6021,12.0,C,6021,0.00332,0.02955
1427,32.0,E,1427,0.00929,0.01266
3294,20.0,D,3294,0.01853,0.00709
4546,24.0,C,4546,0.0004,0.00257
6537,40.0,C,6537,0.08098,0.00059
5490,24.0,E,5490,0.01465,0.02005
4737,16.0,D,4737,0.05521,0.01751
204,16.0,B,204,0.01218,0.02071
9105,28.0,B,9105,0.32084,0.00051
4731,32.0,C,4731,0.00155,0.00044
1259,20.0,A,1259,0.07553,0.00557
1476,16.0,C,1476,0.00158,0.01526
5839,40.0,C,5839,0.02637,0.01217
8623,40.0,A,8623,0.02619,3e-05
8433,36.0,D,8433,0.00036,0.00206
9882,20.0,E,9882,0.01469,0.03962
2447,16.0,F,2447,0.16914,0.04473
9063,32.0,D,9063,0.00073,0.00669
922,40.0,B,922,0.14577,0.00184
6715,16.0,F,6715,0.04742,0.02764
4920,36.0,F,4920,0.00494,0.0058
1959,36.0,B,1959,0.00945,0.00012
2699,12.0,E,2699,0.07505,0.0561
4772,12.0,A,4772,0.08137,0.01472
3310,32.0,F,3310,0.03846,0.00696
5306,16.0,D,5306,0.04672,0.01443
5000,16.0,A,5000,0.04495,0.01042
1158,12.0,B,1158,0.01454,0.034
8279,16.0,A,8279,0.04818,0.01547
3316,12.0,D,3316,0.00479,0.04171
7593,32.0,C,7593,0.07411,0.00085
3061,24.0,B,3061,0.03901,0.00228
1875,28.0,B,1875,0.0368,0.00172
1260,16.0,D,1260,0.09246,0.03297
4459,12.0,D,4459,0.00415,0.02641
3428,24.0,C,3428,0.08343,0.00672
5774,36.0,C,5774,0.04991,0.00054
3940,16.0,C,3940,0.00794,0.01441
9098,20.0,B,9098,0.09546,0.00773
7296,36.0,A,7296,0.06747,9e-05
6862,20.0,D,6862,0.00626,0.00784
9899,20.0,E,9899,0.01297,0.02069
8382,32.0,B,8382,0.0049,0.0009
254,24.0,F,254,0.01853,0.01519
8366,32.0,A,8366,0.01738,0.0003
9236,40.0,B,9236,0.00161,0.00061
8547,28.0,F,8547,0.04857,0.03755
6697,36.0,C,6697,0.05817,0.00138
5336,20.0,A,5336,0.71646,1.12684
8901,16.0,B,8901,0.00678,0.01124
2764,40.0,E,2764,0.03023,0.00959
9716,36.0,C,9716,0.1725,0.00029
4297,32.0,D,4297,0.00587,0.00495
3921,28.0,D,3921,0.00496,0.00704
6641,28.0,E,6641,0.02817,0.01343
2110,16.0,F,2110,0.15435,0.01905
2897,32.0,C,2897,0.0098,0.00221
6241,24.0,F,6241,0.00998,0.17202
9774,16.0,E,9774,0.0031,0.06214
2897,16.0,A,2897,0.03154,0.01405
7591,32.0,B,7591,0.11701,0.00047
3043,36.0,D,3043,0.01289,0.00101
5366,20.0,B,5366,0.00457,0.00489
3946,16.0,F,3946,0.04594,0.04561
632,20.0,B,632,0.00263,0.00458
8270,32.0,C,8270,0.00324,0.00767
3209,36.0,C,3209,0.0112,0.0003
7165,24.0,E,7165,0.03411,0.00347
1762,36.0,D,1762,0.00134,0.00134
7246,12.0,B,7246,0.32472,0.0181
4589,28.0,A,4589,0.01505,0.00083
4811,16.0,E,4811,0.00519,0.03503
8962,20.0,B,8962,0.0015,0.00245
9861,24.0,C,9861,0.02733,0.00602
8213,16.0,A,8213,0.08372,0.01496
1074,20.0,F,1074,0.07997,0.05883
6506,16.0,F,6506,0.0266,0.03833
474,16.0,D,474,0.03472,0.01588
7914,36.0,D,7914,0.00724,0.00386
887,40.0,E,887,0.00993,0.00869
9446,24.0,C,9446,0.00911,0.00233
3129,28.0,D,3129,0.02462,0.00733
4739,20.0,F,4739,0.00332,0.04209
5402,20.0,E,5402,0.00728,0.01486
5714,20.0,C,5714,0.00451,0.01073
3919,16.0,B,3919,0.62942,0.01606
6098,16.0,F,6098,0.04396,0.11037
2074,24.0,A,2074,0.02231,0.00189
6805,16.0,C,6805,0.03974,0.02285
3856,32.0,C,3856,0.04653,0.00836
5587,40.0,E,5587,0.00234,0.01098
5975,32.0,A,5975,0.04519,0.00015
322,36.0,D,322,0.01773,0.00971
234,20.0,B,234,0.22847,0.00416
3293,24.0,F,3293,0.01025,0.08478
4654,28.0,D,4654,0.00777,0.00449
155,32.0,D,155,0.18949,0.00217
6944,32.0,C,6944,0.02478,0.0012
8309,32.0,B,8309,0.07067,0.00092
1520,40.0,C,1520,0.01354,0.00035
6182,36.0,E,6182,0.00598,0.00864
6237,36.0,B,6237,0.14864,0.00018
90,24.0,C,90,0.02828,0.00662
1945,16.0,D,1945,0.01481,0.01475
9980,40.0,C,9980,0.14045,0.00024
5695,28.0,F,5695,0.02693,0.11273
1600,24.0,D,1600,0.02743,0.0048
9231,40.0,D,9231,0.00661,0.00118
9332,24.0,F,9332,0.01221,0.00486
4221,32.0,F,4221,0.1866,0.1625
4103,32.0,F,4103,0.04326,0.04742
7976,36.0,B,7976,0.00136,0.00078
8189,24.0,B,8189,0.00305,0.00155
7383,36.0,C,7383,0.03482,0.00418
8950,28.0,B,8950,0.01182,0.00074
7403,28.0,A,7403,0.01658,0.00032
7016,16.0,D,7016,0.04404,0.02555
5459,16.0,C,5459,0.0087,0.02002
3495,16.0,C,3495,0.00308,0.01181
1856,20.0,E,1856,0.12045,0.01027
9112,20.0,A,9112,0.10288,0.00365
1451,32.0,D,1451,0.29998,0.00531
4289,28.0,D,4289,0.01902,0.00142
8792,20.0,A,8792,0.02143,0.00522
1463,24.0,D,1463,0.00221,0.00195
2118,24.0,D,2118,0.07178,0.00321
2088,24.0,C,2088,0.07557,0.00208
4383,12.0,E,4383,0.01284,0.02322
5005,32.0,A,5005,0.04605,0.0003
3808,24.0,E,3808,0.02461,0.03668
7177,20.0,D,7177,0.03764,0.01306
1023,24.0,B,1023,0.00121,0.0028
1895,32.0,E,1895,0.00735,0.02032
5945,12.0,C,5945,0.08518,0.02049
1079,20.0,B,1079,0.00268,0.00509
2785,32.0,F,2785,0.02508,0.00313
7882,40.0,E,7882,0.01143,0.00346
1700,24.0,D,1700,0.0189,0.02258
8325,24.0,A,8325,0.05441,0.00167
5250,32.0,B,5250,0.0279,0.00051
556,28.0,F,556,0.04749,0.0264
2415,20.0,D,2415,0.04455,0.01894
672,28.0,A,672,0.02925,0.00063
4517,12.0,A,4517,0.05874,0.03426
9216,32.0,B,9216,0.00433,0.00206
3773,20.0,D,3773,0.0038,0.0038
6203,12.0,E,6203,0.0194,0.03185
567,36.0,F,567,0.01504,0.00201
3446,12.0,C,3446,0.20719,0.04777
7042,32.0,D,7042,0.03709,0.0058
6966,32.0,E,6966,0.00611,0.02544
2126,40.0,B,2126,0.21136,0.00174
3973,40.0,D,3973,0.00134,0.00526
3367,40.0,F,3367,0.00579,0.00827
2795,16.0,C,2795,0.16996,0.03273
2375,16.0,C,2375,0.01381,0.02159
431,32.0,B,431,0.01168,0.00055
4963,28.0,B,4963,0.0071,0.0011
9568,24.0,F,9568,0.02587,0.04956
2285,32.0,A,2285,0.03957,0.0003
8303,28.0,B,8303,0.01845,0.00058
315,24.0,F,315,0.00142,0.05654
6683,40.0,C,6683,0.00479,0.00079
22,40.0,A,22,0.06828,5e-05
3780,28.0,B,3780,0.00633,0.00233
4973,20.0,C,4973,0.04292,0.00489
2148,28.0,E,2148,0.03154,0.03124
9397,40.0,E,9397,0.02087,0.01259
58,12.0,E,58,0.06994,0.06198
1476,12.0,C,1476,0.12369,0.04826
8664,24.0,A,8664,0.01762,0.00172
7775,20.0,E,7775,0.04004,0.01762
5529,12.0,D,5529,0.01957,0.02979
7900,12.0,A,7900,0.14993,0.0315
7637,20.0,E,7637,0.12051,0.00498
8057,20.0,D,8057,0.00608,0.00607
1712,32.0,E,1712,0.00317,0.0049
4751,20.0,A,4751,0.07475,0.00665
1794,16.0,A,1794,0.03829,0.00599
5692,40.0,B,5692,0.00754,3e-05
3577,24.0,E,3577,0.05011,0.01818
3314,12.0,F,3314,0.03461,0.08778
4128,12.0,F,4128,0.04209,0.02066
798,20.0,D,798,0.04674,0.00727
6827,36.0,C,6827,0.01281,0.00435
8620,20.0,F,8620,0.03627,0.01389
4665,36.0,B,4665,0.00546,0.00023
5694,12.0,C,5694,0.41445,0.03497
4481,28.0,C,4481,0.00319,0.00155
1438,36.0,C,1438,0.00665,0.00174
9657,24.0,F,9657,0.00332,0.04217
834,20.0,A,834,0.04583,0.00597
3939,28.0,D,3939,0.0272,0.00416
680,16.0,C,680,0.00748,0.01469
7013,40.0,D,7013,0.01552,0.0032
5613,40.0,A,5613,0.0665,3e-05
3793,20.0,D,3793,0.02324,0.02618
5871,16.0,A,5871,0.05142,0.01185
3455,20.0,A,3455,0.02239,0.0024
7257,36.0,F,7257,0.03166,0.01308
227,40.0,D,227,0.02441,0.00033
6905,28.0,C,6905,0.01374,0.00383
7476,20.0,F,7476,0.00349,0.01136
6836,32.0,A,6836,0.03325,0.00032
9514,20.0,C,9514,0.43224,0.02089
1581,36.0,E,1581,0.03296,0.07059
4239,24.0,F,4239,0.04447,0.05268
4276,20.0,B,4276,0.00391,0.00385
6979,40.0,C,6979,0.00093,0.00023
7229,32.0,B,7229,0.00073,0.00031
3666,36.0,B,3666,0.02752,0.00023
4286,32.0,C,4286,0.03429,0.00065
7362,20.0,A,7362,0.1335,0.00541
7526,40.0,E,7526,0.0266,0.00475
6740,40.0,E,6740,0.01551,0.01345
4585,16.0,D,4585,0.40067,0.01938
2233,20.0,C,2233,0.08525,0.01037
8440,40.0,D,8440,0.02553,0.01229
7993,20.0,F,7993,0.08703,0.06193
7929,20.0,A,7929,0.05431,0.00756
8842,28.0,A,8842,0.03271,0.00072
4166,20.0,C,4166,0.10151,0.00929
1992,28.0,B,1992,0.17765,0.0013
7752,36.0,D,7752,0.00913,0.0081
2201,32.0,E,2201,0.00335,0.00774
926,16.0,C,926,0.10657,0.01483
5925,40.0,A,5925,0.0039,6e-05
1543,12.0,F,1543,0.02664,0.06009
5380,28.0,D,5380,0.03612,0.00318
4359,24.0,E,4359,0.02591,0.08892
5348,28.0,A,5348,0.0239,0.00095
6080,20.0,C,6080,0.00086,0.00581
6726,32.0,F,6726,0.00818,0.01952
86,28.0,E,86,0.04709,0.0262
8331,40.0,B,8331,0.01069,0.00051
8546,40.0,C,8546,0.0013,0.00245
2009,16.0,A,2009,0.79416,1.14234
5108,20.0,B,5108,0.08103,0.00234
3795,28.0,E,3795,0.0138,0.01586
8457,20.0,E,8457,0.01552,0.01924
7327,24.0,E,7327,0.014,0.01347
4529,24.0,F,4529,0.00743,0.01719
2245,36.0,A,2245,0.01469,6e-05
9378,40.0,B,9378,0.00241,0.00084
1485,40.0,C,1485,0.11019,5e-05
4910,16.0,A,4910,0.03899,0.01125
8572,32.0,C,8572,0.00336,0.00588
8273,16.0,A,8273,0.06913,0.00492
5593,40.0,E,5593,0.00481,0.02698
210,32.0,C,210,0.00266,0.00042
4296,20.0,C,4296,0.0034,0.00898
5231,12.0,D,5231,0.03644,0.0617
7568,16.0,E,7568,0.02675,0.02036
3810,24.0,A,3810,0.00839,0.0021
2855,36.0,E,2855,0.00688,0.00608
1794,28.0,F,1794,0.07934,0.01142
820,32.0,F,820,0.01798,0.06274
3830,32.0,F,3830,0.0039,0.04357
1047,32.0,E,1047,0.00116,0.00544
8241,16.0,E,8241,0.01124,0.1595
8203,32.0,F,8203,0.00517,0.00384
4808,36.0,D,4808,0.00563,0.00365
5875,20.0,D,5875,0.00148,0.00615
6688,12.0,D,6688,0.00415,0.03338
2523,24.0,C,2523,0.01337,0.00337
9921,16.0,F,9921,0.0257,0.01906
9685,16.0,F,9685,0.0125,0.05124
2297,12.0,D,2297,0.02776,0.0502
7302,32.0,D,7302,0.01698,0.00969
6426,16.0,C,6426,0.00502,0.01529
1343,28.0,E,1343,0.00677,0.057
9052,32.0,D,9052,0.0177,0.00111
2797,40.0,C,2797,0.00144,0.00047
5682,24.0,E,5682,0.00949,0.06079
203,40.0,F,203,0.08536,0.00753
9460,36.0,C,9460,0.02674,0.00044
7238,16.0,A,7238,0.0474,0.01516
9353,16.0,B,9353,0.1266,0.01605
2239,20.0,C,2239,0.16637,0.00453
9876,24.0,E,9876,0.02455,0.02506
3091,32.0,D,3091,0.00388,0.00072
3903,32.0,E,3903,0.00698,0.00422
2162,20.0,A,2162,0.03255,0.00738
8601,32.0,D,8601,0.0437,0.00666
9368,40.0,C,9368,0.01955,0.00137
9763,20.0,D,9763,0.00214,0.00353
5994,36.0,C,5994,0.00402,0.00043
1475,12.0,D,1475,0.00728,0.02342
8922,24.0,E,8922,0.00481,0.01547
3408,16.0,B,3408,0.19267,0.00718
9185,40.0,B,9185,0.13328,9e-05
8778,32.0,B,8778,0.00376,0.00021
3143,40.0,C,3143,0.00218,0.0002
8590,24.0,C,8590,0.00565,0.00214
1551,12.0,B,1551,0.00139,0.04231
6557,16.0,F,6557,0.05844,0.11813
1385,20.0,B,1385,0.03521,0.0067
3185,32.0,F,3185,0.04689,0.00826
4551,36.0,F,4551,0.05873,0.04526
5966,32.0,D,5966,0.01158,0.00179
738,16.0,E,738,0.00214,0.0837
2052,36.0,A,2052,0.02296,0.00015
8414,24.0,B,8414,0.01655,0.00166
4585,24.0,C,4585,0.00627,0.00772
6124,28.0,B,6124,0.01266,0.00107
1202,28.0,D,1202,0.04106,0.00122
6360,16.0,F,6360,0.04391,0.03518
7442,12.0,B,7442,0.25036,0.03701
6249,16.0,F,6249,0.01469,0.02898
4256,40.0,F,4256,0.0442,0.02198
6166,40.0,A,6166,0.03373,5e-05
7419,12.0,B,7419,0.00955,0.01681
9452,32.0,B,9452,0.02634,0.00044
303,36.0,C,303,0.00494,0.0035
2695,36.0,F,2695,0.00493,0.03826
2379,12.0,F,2379,0.00342,0.03115
6010,28.0,A,6010,0.00924,0.00063
5403,20.0,C,5403,0.00355,0.00759
5,16.0,D,5,0.04217,0.02039
1134,28.0,F,1134,0.03651,0.02206
7281,32.0,D,7281,0.00748,0.01755
2747,32.0,A,2747,0.11291,0.0003
8654,24.0,B,8654,0.0102,0.00101
8239,20.0,C,8239,0.0222,0.00557
3889,40.0,E,3889,0.00113,0.02765
4402,16.0,D,4402,0.0565,0.02071
5910,24.0,C,5910,0.0147,0.00298
9678,28.0,C,9678,0.00771,0.00211
5313,12.0,D,5313,0.03566,0.03413
3506,28.0,E,3506,0.00211,0.01336
4892,20.0,E,4892,0.02274,0.00834
1960,24.0,B,1960,0.01583,0.00189
9230,24.0,C,9230,0.00874,0.00568
8068,36.0,B,8068,0.01505,0.00094
2984,40.0,D,2984,0.03149,0.03247
1894,36.0,E,1894,0.00751,0.01166
6648,20.0,F,6648,0.00457,0.01534
7178,20.0,D,7178,0.00572,0.0066
9139,40.0,F,9139,0.07233,0.00463
323,20.0,C,323,0.00283,0.00478
1742,28.0,A,1742,0.03596,0.00111
2360,32.0,C,2360,0.0232,0.00037
3227,36.0,C,3227,0.07025,0.00346
5874,12.0,F,5874,0.02261,0.03076
7250,20.0,C,7250,0.05395,0.00741
3363,12.0,A,3363,0.11145,0.0218
9447,32.0,F,9447,0.01709,0.00257
4810,24.0,A,4810,0.02454,0.00153
1031,24.0,C,1031,0.14371,0.00561
7213,36.0,F,7213,0.00376,0.00486
9210,32.0,D,9210,0.01878,0.00348
3464,12.0,A,3464,0.0677,0.0511
2162,24.0,B,2162,0.03329,0.0026
2310,28.0,D,2310,0.02885,0.02314
167,32.0,A,167,0.01957,0.00015
9718,24.0,E,9718,0.01454,0.00762
3336,12.0,C,3336,0.17773,0.02825
7904,28.0,C,7904,0.00591,0.00115
9980,40.0,E,9980,0.01133,0.00323
9128,20.0,B,9128,0.00787,0.00666
5342,24.0,A,5342,0.03095,0.00195
9865,36.0,D,9865,0.00995,0.00376
9459,24.0,A,9459,0.01242,0.00093
6327,40.0,B,6327,0.01218,0.00044
7161,16.0,C,7161,0.00146,0.0131
176,20.0,B,176,0.03526,0.00391
3036,20.0,E,3036,0.08939,0.00616
7443,28.0,A,7443,0.01727,0.0007
2964,36.0,A,2964,0.02242,9e-05
1921,32.0,B,1921,0.01263,0.0006
4243,36.0,B,4243,0.0043,0.00015
5326,36.0,B,5326,0.25221,0.00045
9591,28.0,E,9591,0.02847,0.01958
6873,40.0,A,6873,0.01057,7e-05
1617,20.0,E,1617,0.00175,0.03308
4068,20.0,F,4068,0.00425,0.01614
3429,12.0,F,3429,0.05666,0.02494
6986,20.0,D,6986,0.00625,0.01477
8517,24.0,C,8517,0.00092,0.0032
7338,16.0,F,7338,0.02071,0.01863
8434,36.0,D,8434,0.01262,0.00394
4303,16.0,E,4303,0.12756,0.03289
5785,24.0,A,5785,0.0272,0.00332
6848,40.0,F,6848,0.0235,0.02554
4044,32.0,A,4044,0.0671,0.00026
4294,20.0,D,4294,0.01156,0.0056
3596,20.0,F,3596,0.02322,0.09409
2902,40.0,F,2902,0.00615,0.03986
196,12.0,E,196,0.00475,0.05212
2699,20.0,C,2699,0.03278,0.00971
2113,32.0,D,2113,0.00935,0.00102
8252,32.0,F,8252,0.03225,0.04278
2901,12.0,E,2901,0.0249,0.07452
1441,40.0,C,1441,0.01202,0.00539
2184,40.0,C,2184,0.01273,0.00055
9563,24.0,A,9563,0.02967,0.00149
5049,32.0,D,5049,0.00736,0.00039
6793,16.0,A,6793,0.09428,0.01349
5486,12.0,F,5486,0.04334,0.07395
5142,24.0,C,5142,0.01232,0.00244
7858,20.0,F,7858,0.00688,0.01827
2082,32.0,F,2082,0.01127,0.00458
4161,24.0,C,4161,0.00051,0.00602
9567,28.0,F,9567,0.18964,0.05939
4341,24.0,D,4341,0.00282,0.00287
4201,32.0,F,4201,0.29375,0.00901
7874,40.0,D,7874,0.00515,0.00354
2776,20.0,D,2776,0.00823,0.00858
5604,24.0,A,5604,0.05223,0.00101
3897,36.0,D,3897,0.00062,0.00125
8797,24.0,F,8797,0.02221,0.0895
1112,12.0,A,1112,0.03917,0.04069
2468,12.0,D,2468,0.00618,0.03993
374,28.0,D,374,0.01513,0.00531
201,16.0,B,201,0.01633,0.01766
2425,12.0,F,2425,0.04957,0.17237
5422,40.0,C,5422,0.03912,0.01478
2210,20.0,F,2210,0.01298,0.0366
8414,16.0,E,8414,0.01313,0.06197
540,40.0,D,540,0.00971,0.00439
9255,20.0,B,9255,0.00574,0.00517
4411,28.0,B,4411,0.02974,0.00068
3862,36.0,A,3862,0.00401,0.00012
385,28.0,A,385,0.05651,0.00109
9151,24.0,D,9151,0.004,0.01711
2753,36.0,A,2753,0.02371,0.00012
8021,28.0,A,8021,0.0403,0.00094
8511,20.0,C,8511,0.00245,0.00561
5186,40.0,D,5186,0.00688,0.00431
6871,20.0,C,6871,0.00314,0.00843
8131,24.0,B,8131,0.32384,0.00268
8119,24.0,A,8119,0.0416,0.0028
1046,32.0,D,1046,0.00054,0.00284
8493,32.0,C,8493,0.0057,0.0006
3315,32.0,F,3315,0.02426,0.00978
1282,16.0,F,1282,0.08253,0.08637
7592,40.0,B,7592,0.00334,0.00024
3304,32.0,B,3304,0.01342,0.00026
1456,36.0,C,1456,0.02652,0.0014
9501,16.0,B,9501,0.0265,0.01101
6234,36.0,D,6234,0.03408,0.00132
4644,40.0,C,4644,0.00576,0.00221
2056,16.0,B,2056,0.02041,0.01526
4307,36.0,E,4307,0.00641,0.00765
2039,28.0,C,2039,0.00837,0.00608
2749,24.0,C,2749,0.00895,0.00264
2445,12.0,E,2445,0.02729,0.02647
3105,40.0,E,3105,0.03829,0.00461
256,12.0,F,256,0.00899,0.09381
3793,32.0,F,3793,0.03296,0.01607
9393,28.0,C,9393,0.00146,0.00345
3934,20.0,D,3934,0.00136,0.00806
3919,20.0,F,3919,0.02253,0.03669
8805,40.0,D,8805,0.00983,0.00219
1896,28.0,A,1896,0.07043,0.00086
3259,36.0,F,3259,0.01066,0.0046
6497,24.0,A,6497,0.00864,0.0011
475,12.0,A,475,0.02544,0.03887
1749,12.0,B,1749,0.13409,0.02444
5234,36.0,C,5234,0.00774,0.00411
5448,36.0,F,5448,0.00255,0.01215
2040,32.0,E,2040,0.00285,0.01322
6517,16.0,F,6517,0.06804,0.13838
8708,20.0,F,8708,0.01061,0.04881
3061,20.0,A,3061,0.08066,0.00564
5835,12.0,B,5835,0.02522,0.03344
7524,36.0,C,7524,0.00102,0.00797
6056,12.0,D,6056,0.06102,0.03998
130,36.0,C,130,0.00027,0.00199
7321,24.0,C,7321,0.04217,0.00597
8397,28.0,B,8397,0.00319,0.00084
6603,12.0,D,6603,0.00949,0.02301
2767,16.0,B,2767,0.02323,0.01792
8047,20.0,D,8047,0.00131,0.0075
7166,16.0,A,7166,0.0318,0.0155
79,36.0,A,79,0.03693,0.00013
7682,28.0,F,7682,0.0776,0.05104
5445,20.0,E,5445,0.00598,0.03523
2098,28.0,C,2098,0.00883,0.00275
9235,24.0,A,9235,0.02577,0.00296
9535,16.0,B,9535,0.01025,0.02276
6127,28.0,D,6127,0.48151,0.00177
1632,24.0,E,1632,0.04373,0.00584
3049,20.0,E,3049,0.03198,0.01874
6260,16.0,C,6260,0.0064,0.01695
8423,32.0,D,8423,0.03355,0.00171
6051,28.0,F,6051,0.00804,0.01937
2315,28.0,D,2315,0.06251,0.00314
7371,40.0,A,7371,0.00904,4e-05
4325,36.0,F,4325,0.01723,0.02364
9655,16.0,D,9655,0.02359,0.01717
8337,36.0,D,8337,0.04743,0.01439
9816,40.0,C,9816,0.03421,0.00059
9640,24.0,E,9640,0.02125,0.00693
3915,36.0,B,3915,0.01002,0.00039
1255,12.0,E,1255,0.07081,0.05209
8594,32.0,F,8594,0.01006,0.06379
7545,20.0,F,7545,0.04765,0.05807
7543,40.0,F,7543,0.12624,0.01034
81,16.0,C,81,0.04023,0.0277
7159,24.0,B,7159,0.06135,0.00158
6761,16.0,A,6761,0.08194,0.01387
9572,20.0,E,9572,0.00733,0.04006
5008,32.0,E,5008,0.00108,0.04978
5719,28.0,A,5719,0.04717,0.00087
8198,32.0,F,8198,0.06368,0.09284
7226,36.0,A,7226,0.03623,0.00011
8102,32.0,E,8102,0.01447,0.00837
3738,28.0,C,3738,0.21821,0.00611
2056,24.0,C,2056,0.18524,0.00305
8765,16.0,E,8765,0.02432,0.0147
1969,12.0,F,1969,0.02461,0.03562
1863,40.0,C,1863,0.02494,0.00086
7991,20.0,E,7991,0.11666,0.02315
9127,28.0,E,9127,0.02293,0.00438
1062,20.0,E,1062,0.01359,0.00637
81,20.0,D,81,0.02478,0.00483
5718,32.0,D,5718,0.01199,0.01121
9501,16.0,A,9501,0.10058,0.00902
624,28.0,A,624,0.05251,0.00101
992,40.0,C,992,0.01961,0.00748
8883,16.0,B,8883,0.02468,0.01199
3591,36.0,C,3591,0.00112,0.00068
677,28.0,C,677,0.00665,0.00623
8479,28.0,A,8479,0.03501,0.00074
2307,12.0,D,2307,0.02029,0.03384
16,28.0,E,16,0.00422,0.01481
3690,16.0,A,3690,0.06224,0.00889
1383,28.0,B,1383,0.00459,0.001
5312,36.0,E,5312,0.06368,0.02253
5160,28.0,F,5160,0.0664,0.01499
7362,20.0,C,7362,0.00219,0.00732
8419,16.0,C,8419,0.00082,0.01842
1053,20.0,E,1053,0.03247,0.03211
9202,20.0,B,9202,0.01729,0.00461
3735,24.0,F,3735,0.12894,0.04112
5746,40.0,F,5746,0.04066,0.04438
5000,32.0,C,5000,0.02899,0.00556
1591,40.0,D,1591,0.03444,0.00351
1139,20.0,B,1139,0.00907,0.00884
7020,24.0,B,7020,0.04179,0.00232
8866,40.0,C,8866,0.00075,0.00661
8938,36.0,B,8938,0.01025,0.00093
6121,36.0,F,6121,0.00074,0.02079
23,32.0,D,23,0.02013,0.01196
2403,24.0,E,2403,0.0277,0.00738
3534,32.0,D,3534,0.00101,0.02613
9389,40.0,A,9389,0.02274,6e-05
7471,16.0,E,7471,0.03085,0.01623
824,16.0,C,824,0.06759,0.00689
5304,36.0,C,5304,0.02297,0.00132
3521,36.0,E,3521,0.00329,0.00174
7049,40.0,C,7049,0.01032,0.00052
6216,36.0,F,6216,0.01957,0.01697
4660,16.0,D,4660,0.01999,0.02966
3223,20.0,C,3223,0.09083,0.00608
4729,40.0,A,4729,0.03583,5e-05
9415,16.0,C,9415,0.01824,0.01299
7595,36.0,E,7595,0.00583,0.01181
597,40.0,F,597,0.0172,0.05302
2784,20.0,E,2784,0.00959,0.01692
8049,20.0,D,8049,0.03108,0.01125
6000,40.0,F,6000,0.03816,0.06104
2802,24.0,D,2802,0.00024,0.00651
1041,24.0,B,1041,0.00409,0.00147
2367,24.0,E,2367,0.02226,0.0107
3507,36.0,E,3507,0.18207,0.00402
8274,32.0,A,8274,0.02048,0.00033
4296,32.0,A,4296,0.01547,0.00036
6093,16.0,D,6093,0.04621,0.01621
5781,16.0,B,5781,0.07636,0.01045
6037,40.0,F,6037,0.01075,0.01493
3678,28.0,F,3678,0.00481,0.01866
2543,24.0,B,2543,0.02091,0.00282
8531,12.0,A,8531,0.08612,0.04143
4380,32.0,D,4380,0.01359,0.00411
1879,12.0,E,1879,0.00347,0.03716
3850,40.0,F,3850,0.01735,0.20327
6760,24.0,D,6760,0.07316,0.00784
4314,36.0,C,4314,0.00793,0.0001
7430,40.0,F,7430,0.02077,0.03065
687,28.0,B,687,0.00267,0.001
6527,36.0,C,6527,0.08137,0.00334
2540,32.0,A,2540,0.02209,0.00039
8399,24.0,E,8399,0.03364,0.02595
5313,32.0,E,5313,0.09708,0.0031
8085,28.0,C,8085,0.03756,0.00476
3823,24.0,B,3823,0.02282,0.00141
8385,28.0,D,8385,0.01577,0.00114
3255,36.0,D,3255,0.01429,0.01227
1457,36.0,B,1457,0.02094,0.00037
5241,28.0,A,5241,0.03886,0.00073
4805,32.0,C,4805,0.13581,0.00561
5919,28.0,A,5919,0.02313,0.00058
7891,40.0,A,7891,0.00683,5e-05
6693,20.0,D,6693,0.00319,0.00783
6575,24.0,E,6575,0.01488,0.04782
8740,32.0,F,8740,0.01572,0.05843
846,20.0,D,846,0.04057,0.01198
1162,40.0,E,1162,0.03711,0.00193
7320,24.0,D,7320,0.00574,0.00949
9570,20.0,A,9570,0.03496,0.00413
3878,24.0,D,3878,0.01546,0.007
3473,36.0,D,3473,0.01639,0.0028
8329,36.0,E,8329,0.04718,0.00514
150,36.0,E,150,0.0035,0.00474
2915,36.0,A,2915,0.0219,0.00011
8731,24.0,D,8731,0.01058,0.00343
137,20.0,A,137,0.05169,0.0069
197,36.0,D,197,0.0335,0.00342
4573,36.0,E,4573,0.00412,0.0026
3219,28.0,B,3219,0.16621,0.00144
2206,36.0,C,2206,0.00626,0.00172
853,28.0,B,853,0.00192,0.00065
6091,16.0,C,6091,0.03749,0.01213
907,12.0,A,907,0.03195,0.04074
3029,36.0,D,3029,0.00098,0.00493
9632,24.0,E,9632,0.04363,0.00885
5795,16.0,F,5795,0.11096,0.10458
1457,36.0,F,1457,0.00106,0.01173
2160,36.0,C,2160,0.02359,0.00034
7328,40.0,D,7328,0.00225,6e-05
9067,40.0,F,9067,0.00681,0.06772
4304,12.0,F,4304,0.0259,0.05703
1597,16.0,E,1597,0.01179,0.02732
8269,40.0,B,8269,0.11459,0.00073
5924,24.0,A,5924,0.02012,0.00245
106,28.0,F,106,0.02078,0.01476
506,40.0,A,506,0.02983,4e-05
5094,36.0,C,5094,0.08804,0.00115
2774,20.0,A,2774,0.02534,0.00418
9439,28.0,F,9439,0.01038,0.00376
7011,12.0,C,7011,0.00149,0.01993
4989,24.0,A,4989,0.0439,0.00138
8201,24.0,A,8201,0.03763,0.00157
6392,32.0,A,6392,0.0138,0.00035
8205,36.0,C,8205,0.00148,0.00119
7277,24.0,F,7277,0.00577,0.02427
2875,20.0,C,2875,0.0118,0.00743
7308,20.0,E,7308,0.02366,0.00875
2180,12.0,E,2180,0.01727,0.05726
422,32.0,F,422,0.01537,0.0242
5901,32.0,F,5901,0.06017,0.05641
9083,24.0,A,9083,0.00202,0.0011
1106,28.0,B,1106,0.0774,0.00169
2153,12.0,D,2153,0.01121,0.03391
1317,40.0,C,1317,0.02047,0.00012
2722,40.0,E,2722,0.00103,0.00177
4029,28.0,D,4029,0.00994,0.00387
550,40.0,C,550,0.26849,0.00031
4126,32.0,D,4126,0.0217,0.00273
5133,20.0,C,5133,0.02836,0.01126
1871,36.0,C,1871,0.01681,0.00064
5923,40.0,D,5923,0.07484,0.00246
6122,12.0,E,6122,0.02666,0.04003
7883,28.0,E,7883,0.01446,0.0329
5083,36.0,A,5083,0.02809,0.0001
6117,36.0,A,6117,0.05329,0.00016
5956,24.0,E,5956,0.00725,0.01719
1239,32.0,C,1239,0.00449,0.00243
4771,32.0,F,4771,0.02177,0.04401
6365,40.0,D,6365,0.00275,0.02276
8453,40.0,D,8453,0.03467,0.00467
3275,28.0,A,3275,0.01827,0.00086
1204,20.0,A,1204,0.03491,0.00568
3839,40.0,D,3839,0.02284,0.00176
6976,20.0,A,6976,0.02842,0.0054
1873,40.0,C,1873,0.00075,0.00112
2078,24.0,D,2078,0.00511,0.00175
156,12.0,C,156,0.53803,0.08295
739,24.0,F,739,0.00974,0.07056
4785,40.0,B,4785,0.27955,0.00192
6778,20.0,C,6778,0.02781,0.0024
470,32.0,D,470,0.00034,0.00045
9871,24.0,C,9871,0.0071,0.00381
9291,32.0,A,9291,0.02025,0.00029
9562,40.0,B,9562,0.00063,0.00078
8381,32.0,D,8381,0.00083,0.00501
9559,28.0,E,9559,0.07087,0.05094
6297,32.0,E,6297,0.00235,0.00338
7642,36.0,C,7642,0.0775,0.00151
2898,20.0,A,2898,0.04408,0.00836
4538,24.0,C,4538,0.00256,0.0027
9537,40.0,E,9537,0.00275,0.00853
8139,32.0,C,8139,0.14387,0.00222
7154,16.0,A,7154,0.03782,0.02015
5463,40.0,C,5463,0.00551,0.00017
5092,20.0,D,5092,0.00221,0.01385
7508,36.0,A,7508,0.03031,0.0001
5594,16.0,F,5594,0.07278,0.0213
9978,20.0,A,9978,0.01879,0.0048
7268,36.0,F,7268,0.0155,0.00815
1927,40.0,D,1927,0.00791,0.00331
1769,32.0,A,1769,0.12396,0.00033
5760,28.0,E,5760,0.007,0.01359
5425,40.0,E,5425,0.03411,0.02113
1249,28.0,F,1249,0.00562,0.04805
1409,24.0,D,1409,0.00307,0.002
8610,24.0,A,8610,0.00681,0.00291
7464,28.0,B,7464,0.02656,0.00164
5532,28.0,A,5532,0.03271,0.00061
2570,40.0,F,2570,0.00318,0.00944
7219,12.0,A,7219,0.05716,0.02845
3347,28.0,C,3347,0.05888,0.00198
2040,40.0,C,2040,0.0119,0.00059
9588,24.0,C,9588,0.03196,0.0025
2315,16.0,F,2315,0.01925,0.0843
2232,12.0,F,2232,0.01173,0.10617
1197,16.0,E,1197,0.02409,0.03097
8491,20.0,B,8491,0.04451,0.00951
1276,20.0,A,1276,0.0263,0.00688
5097,28.0,B,5097,0.00029,0.00098
1799,24.0,C,1799,0.00116,0.0019
493,36.0,E,493,0.01696,0.02071
4716,16.0,D,4716,0.00477,0.01989
7320,20.0,D,7320,0.01549,0.00523
3897,36.0,E,3897,0.03464,0.0079
7329,36.0,F,7329,0.02924,0.06158
7866,32.0,E,7866,0.0111,0.02331
1951,16.0,D,1951,0.02415,0.01268
9451,28.0,D,9451,0.04653,0.00579
4728,24.0,A,4728,0.01114,0.0022
1993,40.0,E,1993,0.06409,0.00652
3171,20.0,E,3171,0.00805,0.02504
6244,36.0,D,6244,0.02407,0.0002
5237,36.0,C,5237,0.00204,0.00276
4689,36.0,A,4689,0.01316,0.00017
211,40.0,D,211,0.00893,0.00939
5175,36.0,F,5175,0.02244,0.07555
7358,32.0,E,7358,0.01002,0.00796
1127,36.0,C,1127,0.04114,0.00276
3276,12.0,E,3276,0.01594,0.03377
12,32.0,C,12,0.04287,0.01561
895,20.0,F,895,0.0433,0.08683
8055,36.0,B,8055,0.00862,0.00029
8678,16.0,F,8678,0.05929,0.01644
9270,40.0,B,9270,0.00066,0.00125
4337,16.0,F,4337,0.01657,0.03189
5781,32.0,D,5781,0.01829,0.00858
3362,24.0,C,3362,0.02977,0.00343
6714,12.0,C,6714,0.05392,0.03135
7531,40.0,D,7531,0.01172,0.01372
9184,32.0,B,9184,0.00085,0.00274
4202,16.0,E,4202,0.00589,0.0192
7404,16.0,A,7404,0.14163,0.01181
1749,24.0,F,1749,0.06117,0.06099
6805,16.0,D,6805,0.09952,0.02048
4777,20.0,A,4777,0.01528,0.00325
4558,28.0,F,4558,0.13416,0.00175
6009,32.0,C,6009,0.01439,0.00023
5736,36.0,D,5736,0.00991,0.00585
2627,40.0,A,2627,0.04331,5e-05
9188,16.0,B,9188,0.00108,0.01176
7092,28.0,E,7092,0.01197,0.00499
6587,16.0,F,6587,0.2812,0.0231
6416,28.0,C,6416,0.02234,0.0026
1790,32.0,A,1790,0.0336,0.00046
7168,36.0,E,7168,0.00644,0.00349
1390,36.0,B,1390,0.01012,0.00107
7239,36.0,D,7239,0.00521,0.00031
2032,16.0,F,2032,0.00423,0.0414
5375,20.0,C,5375,0.00966,0.01222
7043,40.0,B,7043,0.00774,0.00026
7066,28.0,A,7066,0.01443,0.00096
4168,28.0,C,4168,0.00652,0.01893
6702,32.0,E,6702,0.01895,0.00662
2579,28.0,D,2579,0.02829,0.00095
1646,20.0,B,1646,0.01225,0.00874
2587,24.0,C,2587,0.01272,0.00492
2205,12.0,A,2205,0.14539,0.02064
1346,12.0,E,1346,0.00843,0.05567
5223,28.0,C,5223,0.06898,0.00191
4681,40.0,E,4681,0.01004,0.01573
9814,28.0,A,9814,0.16281,0.001
1754,20.0,F,1754,0.00565,0.03049
4231,24.0,B,4231,0.01627,0.00246
7241,16.0,E,7241,0.0083,0.01411
2404,20.0,A,2404,0.0356,0.00507
6051,12.0,C,6051,0.09697,0.05992
5590,12.0,E,5590,0.00274,0.04354
4733,36.0,F,4733,0.01875,0.00757
6813,36.0,A,6813,0.03267,0.00012
5990,28.0,A,5990,0.01246,0.00041
9504,28.0,A,9504,0.02437,0.00055
9294,16.0,F,9294,0.03722,0.04893
5886,32.0,D,5886,0.03387,0.00091
5545,24.0,E,5545,0.00311,0.00353
3931,36.0,F,3931,0.01578,0.03051
8002,28.0,D,8002,0.04279,0.01179
2041,12.0,A,2041,0.05567,0.0383
1328,40.0,D,1328,0.00418,0.004
4779,20.0,A,4779,0.03309,0.00511
285,24.0,E,285,0.2294,0.00274
9576,32.0,B,9576,0.00146,0.0008
5006,36.0,D,5006,0.02059,0.00098
7535,16.0,C,7535,0.05278,0.01572
4601,24.0,D,4601,0.01357,0.00175
7548,16.0,B,7548,0.08405,0.01358
3732,32.0,E,3732,0.0016,0.00229
2852,20.0,C,2852,0.00985,0.00572
2771,12.0,F,2771,0.05785,0.04675
9594,24.0,F,9594,0.00076,0.04193
3801,40.0,C,3801,0.00825,0.00153
804,12.0,D,804,0.01842,0.04695
1961,24.0,D,1961,0.01448,0.00428
1482,36.0,E,1482,0.02417,0.00768
7346,36.0,A,7346,0.04201,0.00012
7352,36.0,A,7352,0.0287,9e-05
8953,20.0,A,8953,0.08909,0.00607
1868,24.0,D,1868,0.17425,0.00586
7072,20.0,B,7072,0.02879,0.00387
2485,24.0,C,2485,0.04881,0.00476
7839,20.0,D,7839,0.01345,0.00585
9910,32.0,F,9910,0.06111,0.0778
2295,16.0,B,2295,0.00784,0.00706
5542,28.0,F,5542,0.01095,0.10116
3447,16.0,D,3447,0.00283,0.02112
3380,40.0,F,3380,0.19047,0.03348
6278,40.0,C,6278,0.00158,0.00068
1131,32.0,A,1131,0.05881,0.00034
9679,32.0,C,9679,0.01268,0.00023
5196,36.0,F,5196,0.01099,0.06081
3456,20.0,D,3456,0.00385,0.02077
4080,20.0,F,4080,0.00894,0.02857
4181,36.0,C,4181,0.02561,0.00141
5989,20.0,E,5989,0.00633,0.02137
3274,20.0,E,3274,0.01191,0.03524
9994,32.0,E,9994,0.03295,0.0067
7698,36.0,D,7698,0.00147,0.00164
7391,24.0,F,7391,0.01767,0.0057
272,40.0,E,272,0.00827,0.04265
1749,24.0,B,1749,0.11268,0.00299
7467,28.0,B,7467,0.05206,0.0011
3774,40.0,B,3774,0.04818,0.00295
1063,32.0,D,1063,0.00905,0.0121
9689,36.0,A,9689,0.02307,0.00016
2690,20.0,F,2690,0.00657,0.04139
5351,20.0,A,5351,0.05417,0.00313
2481,32.0,A,2481,0.03727,0.00047
4498,16.0,E,4498,0.00853,0.0262
887,28.0,D,887,0.00424,0.00432
4708,28.0,D,4708,0.00153,0.00125
2257,40.0,E,2257,0.00521,0.00185
7609,40.0,E,7609,0.01663,0.0084
1155,32.0,D,1155,0.01321,0.00113
7933,16.0,B,7933,0.0037,0.01224
9791,40.0,E,9791,0.05452,0.0276
7685,40.0,B,7685,0.01456,0.00099
5289,16.0,E,5289,0.0057,0.01076
4228,12.0,B,4228,0.00885,0.02983
8971,28.0,D,8971,0.01394,0.0032
8491,40.0,B,8491,0.09544,0.00034
1339,36.0,F,1339,0.2076,0.03553
4848,40.0,F,4848,0.02325,0.0907
992,12.0,E,992,0.01334,0.04541
3868,40.0,D,3868,0.02652,0.00013
3530,32.0,E,3530,0.0175,0.02625
836,36.0,F,836,0.02364,0.11463
5911,12.0,E,5911,0.00377,0.05781
37,36.0,B,37,0.1511,0.00011
4456,40.0,A,4456,0.07043,3e-05
6374,28.0,F,6374,0.01412,0.01018
6451,36.0,A,6451,0.01549,0.00018
5661,12.0,A,5661,0.06155,0.04038
9697,40.0,D,9697,0.00907,0.00462
5266,20.0,E,5266,0.01178,0.03531
4373,12.0,B,4373,0.1059,0.04549
7696,24.0,E,7696,0.04227,0.01815
823,36.0,F,823,0.00978,0.15673
2231,32.0,C,2231,0.01244,0.00087
9554,32.0,E,9554,0.06773,0.00902
641,36.0,F,641,0.10714,0.00798
9371,32.0,C,9371,0.01351,0.00197
8955,24.0,A,8955,0.06536,0.00251
1032,24.0,B,1032,0.04852,0.0014
3579,24.0,F,3579,0.09623,0.02047
6315,16.0,A,6315,0.03639,0.00952
8245,24.0,D,8245,0.00077,0.00318
3879,24.0,E,3879,0.17191,0.00733
93,20.0,E,93,0.01732,0.0061
2978,40.0,B,2978,0.05878,0.00014
9499,40.0,E,9499,0.00218,0.00242
1246,32.0,A,1246,0.01078,0.00023
2302,20.0,F,2302,0.0093,0.04485
6420,24.0,B,6420,0.00225,0.00675
7937,12.0,B,7937,0.00628,0.05063
3155,12.0,D,3155,0.01928,0.03551
9245,40.0,C,9245,0.0055,0.00567
8797,40.0,C,8797,0.02412,0.00013
8738,32.0,A,8738,0.027,0.00019
1479,40.0,D,1479,0.00088,0.00385
7273,28.0,B,7273,0.00465,0.00181
5894,20.0,B,5894,0.01426,0.00341
1086,16.0,A,1086,0.0516,0.01363
2058,32.0,F,2058,0.01693,0.09859
9887,28.0,B,9887,0.02248,0.00372
9523,32.0,B,9523,0.04505,0.00046
2849,24.0,E,2849,0.04873,0.01638
5279,16.0,E,5279,0.00822,0.02966
6835,16.0,D,6835,0.0006,0.02015
5311,12.0,E,5311,0.00992,0.02119
8842,24.0,C,8842,0.02704,0.00716
7810,36.0,C,7810,0.31573,0.00224
6968,40.0,E,6968,0.01622,0.01141
3119,28.0,F,3119,0.01364,0.01097
9464,20.0,F,9464,0.07275,0.04118
7362,32.0,F,7362,0.01601,0.0188
1252,20.0,D,1252,0.26681,0.00969
89,24.0,B,89,0.00273,0.00147
4806,28.0,C,4806,0.01465,0.00206
1071,12.0,D,1071,0.01209,0.01809
3799,36.0,A,3799,0.00973,0.00016
2048,32.0,E,2048,0.06056,0.01373
6443,12.0,F,6443,0.01398,0.04476
2254,20.0,F,2254,0.04723,0.06208
4592,32.0,B,4592,0.00397,0.00077
8204,32.0,E,8204,0.00964,0.00332
5849,36.0,B,5849,0.10953,0.0001
6867,36.0,F,6867,0.01717,0.07022
1178,12.0,F,1178,0.01568,0.07969
8404,28.0,F,8404,0.01784,0.01702
5560,40.0,A,5560,0.0397,5e-05
4452,40.0,A,4452,0.02282,3e-05
7883,20.0,D,7883,0.00149,0.00629
3961,32.0,F,3961,0.01122,0.00789
4275,40.0,A,4275,0.02054,9e-05
827,12.0,A,827,0.03168,0.03499
8195,36.0,E,8195,0.01609,0.00347
7683,36.0,B,7683,0.00256,0.00012
2934,36.0,A,2934,0.0442,7e-05
6565,20.0,F,6565,0.02637,0.01474
5915,36.0,B,5915,0.00073,0.00034
5900,40.0,F,5900,0.03403,0.04133
8260,28.0,C,8260,0.00454,0.00321
8115,28.0,F,8115,0.0322,0.01158
4748,12.0,B,4748,0.0174,0.02363
8061,24.0,B,8061,0.01406,0.00456
8797,36.0,A,8797,0.0282,0.00013
8192,20.0,C,8192,0.0236,0.0052
8897,16.0,A,8897,0.03292,0.0179
1157,28.0,E,1157,0.01927,0.01034
609,36.0,C,609,0.11731,0.0002
6780,40.0,D,6780,0.02675,0.0013
9122,28.0,B,9122,0.01621,0.00144
3564,16.0,C,3564,0.02375,0.01713
7083,36.0,A,7083,0.02775,0.00016
7942,40.0,B,7942,0.41775,5e-05
8496,24.0,C,8496,0.00684,0.00124
5748,28.0,A,5748,0.00411,0.00049
8761,24.0,B,8761,0.03165,0.00536
812,16.0,E,812,0.0094,0.03991
1378,20.0,D,1378,0.05716,0.00445
8863,24.0,E,8863,0.01292,0.02307
9856,16.0,E,9856,0.01632,0.04215
7736,20.0,F,7736,0.0358,0.08557
9991,20.0,C,9991,0.01147,0.00633
3483,12.0,A,3483,0.04738,0.01946
4048,20.0,E,4048,0.01791,0.00941
4029,20.0,A,4029,0.04262,0.00547
6102,32.0,C,6102,0.03319,0.00162
4427,32.0,C,4427,0.0269,0.00181
8563,16.0,F,8563,0.13043,0.04801
860,28.0,B,860,0.00349,0.00055
8942,36.0,E,8942,0.03593,0.00856
2443,20.0,D,2443,0.00869,0.01368
3001,24.0,E,3001,0.01347,0.01844
7104,12.0,C,7104,0.01239,0.05105
6883,40.0,F,6883,0.02558,0.01585
836,28.0,F,836,0.02841,0.02628
8530,24.0,D,8530,0.01487,0.00245
2842,16.0,F,2842,0.03118,0.06812
6250,40.0,B,6250,0.01346,0.00182
6107,16.0,C,6107,0.01359,0.01612
3653,40.0,A,3653,0.00417,5e-05
6141,36.0,B,6141,0.08024,0.00015
314,20.0,D,314,0.00202,0.00603
5371,24.0,B,5371,0.03245,0.00239
1821,24.0,E,1821,0.03114,0.01864
1306,20.0,C,1306,0.00381,0.00397
3423,12.0,C,3423,0.00061,0.0273
4821,12.0,A,4821,0.11806,0.02019
85,36.0,A,85,0.02964,0.00017
6536,32.0,F,6536,0.10592,0.01179
3586,36.0,E,3586,0.04702,0.00702
510,20.0,B,510,0.00321,0.01166
3536,32.0,C,3536,0.02133,0.00076
6152,12.0,D,6152,0.03436,0.05984
4899,36.0,F,4899,0.03478,0.14278
7193,16.0,F,7193,0.01809,0.10535
9513,28.0,B,9513,0.03812,0.0021
645,24.0,D,645,0.0064,0.0034
64,36.0,B,64,0.03562,0.00019
9004,28.0,F,9004,0.01121,0.02833
6708,24.0,A,6708,0.06235,0.00093
7042,36.0,D,7042,0.02789,0.00499
4111,16.0,B,4111,0.06856,0.00565
4228,28.0,D,4228,0.00347,0.0009
9037,16.0,A,9037,0.07012,0.00934
9544,32.0,E,9544,0.0709,0.00345
9420,32.0,B,9420,0.00203,0.00031
9871,40.0,B,9871,0.00374,0.00056
4342,12.0,B,4342,0.00531,0.03336
6487,24.0,C,6487,0.00056,0.00164
9417,16.0,C,9417,0.01363,0.02225
2725,28.0,C,2725,0.01138,0.01195
6671,12.0,E,6671,0.01393,0.04401
462,32.0,C,462,0.02216,0.00037
7713,32.0,D,7713,0.00378,0.00379
2347,20.0,D,2347,0.02372,0.00512
6643,28.0,A,6643,0.02365,0.00063
6397,16.0,F,6397,0.0115,0.02114
915,20.0,F,915,0.0052,0.01875
2715,16.0,D,2715,0.04351,0.00928
5666,40.0,A,5666,0.01672,0.0001
3072,28.0,D,3072,0.00107,0.00052
4217,12.0,D,4217,0.06956,0.03578
3405,32.0,D,3405,0.01203,0.00362
7483,28.0,F,7483,0.00539,0.01606
4837,24.0,D,4837,0.00255,0.00147
6337,20.0,F,6337,0.01188,0.02168
310,40.0,C,310,0.00307,0.0022
2814,24.0,C,2814,0.01243,0.00217
4371,20.0,F,4371,0.0067,0.0495
813,16.0,E,813,0.0157,0.02311
9392,20.0,A,9392,0.06223,0.00399
843,16.0,A,843,0.21202,0.00801
8158,40.0,F,8158,0.03992,0.02353
3821,24.0,D,3821,0.00299,0.00212
194,20.0,D,194,0.01752,0.01211
256,40.0,A,256,0.02704,5e-05
1107,12.0,F,1107,0.00876,0.05931
7432,32.0,E,7432,0.00819,0.02836
1620,24.0,C,1620,0.03758,0.00271
5579,20.0,C,5579,0.01008,0.00664
5423,12.0,A,5423,0.06137,0.02939
6777,12.0,E,6777,0.00822,0.03983
9096,28.0,A,9096,0.03248,0.00111
6370,28.0,D,6370,0.12529,0.00931
3824,20.0,D,3824,0.08423,0.00649
2440,40.0,C,2440,0.00046,0.00268
1525,20.0,A,1525,0.02864,0.00302
8511,32.0,E,8511,0.01317,0.01729
3186,24.0,D,3186,0.0181,0.00445
163,16.0,E,163,0.01061,0.00792
7026,28.0,A,7026,0.04703,0.00088
1791,20.0,B,1791,0.00345,0.00331
4761,24.0,A,4761,0.04349,0.00182
8288,20.0,C,8288,0.01137,0.00588
3018,16.0,A,3018,0.03624,0.01019
6676,40.0,E,6676,0.06378,0.00563
2755,40.0,C,2755,0.0514,0.00033
3742,32.0,E,3742,0.02765,0.02055
5890,12.0,D,5890,0.00186,0.04055
8322,36.0,D,8322,0.00211,0.00511
3034,12.0,C,3034,0.03404,0.02502
4064,20.0,D,4064,0.00607,0.01524
4317,36.0,C,4317,0.01725,0.00272
5985,12.0,C,5985,0.00903,0.0463
3534,12.0,C,3534,0.00744,0.02382
2350,40.0,E,2350,0.13006,0.02179
2837,12.0,D,2837,0.00918,0.02304
2002,24.0,A,2002,0.03729,0.00269
5800,40.0,D,5800,0.04466,0.00241
2460,28.0,D,2460,0.0142,0.00279
797,16.0,A,797,0.18409,0.00981
3391,12.0,C,3391,0.01388,0.03192
8412,24.0,E,8412,0.10483,0.0151
5196,32.0,D,5196,0.00204,0.00144
9077,28.0,D,9077,0.16285,0.01001
25,28.0,A,25,0.09203,0.00078
5822,28.0,C,5822,0.01134,0.00812
1202,28.0,B,1202,0.08393,0.00139
4133,16.0,C,4133,0.00758,0.01628
7643,32.0,E,7643,0.01063,0.00566
7880,36.0,E,7880,0.02183,0.0245
1435,12.0,E,1435,0.01031,0.03878
8967,36.0,B,8967,0.02623,0.00026
2244,24.0,C,2244,0.01739,0.00299
9717,28.0,C,9717,0.00254,0.00229
3712,24.0,F,3712,0.10406,0.07471
7102,32.0,A,7102,0.07314,0.00056
8747,32.0,A,8747,0.0295,0.00028
8420,28.0,F,8420,0.00376,0.01936
2470,12.0,C,2470,0.09002,0.02782
6370,20.0,A,6370,0.02554,0.00331
57,16.0,B,57,0.02834,0.01228
8685,32.0,C,8685,0.00906,0.00049
6380,16.0,F,6380,0.09419,0.02162
6938,40.0,C,6938,0.12122,0.00114
4378,20.0,C,4378,0.0023,0.00883
2066,28.0,B,2066,0.27664,0.00068
1188,20.0,D,1188,0.01445,0.02132
7406,36.0,B,7406,0.00089,0.00011
9734,16.0,C,9734,0.00503,0.00779
1599,40.0,E,1599,0.00632,0.02384
8719,28.0,C,8719,0.03823,0.00442
3044,40.0,B,3044,0.11805,0.00023
9009,24.0,D,9009,0.00476,0.00296
1582,20.0,F,1582,0.00421,0.02453
4975,36.0,F,4975,0.00835,0.00888
2822,20.0,B,2822,0.00411,0.01215
2862,16.0,D,2862,0.03162,0.02382
4018,24.0,A,4018,0.02631,0.00218
4410,20.0,F,4410,0.02317,0.01649
5701,36.0,C,5701,0.12351,0.00082
4338,16.0,C,4338,0.09829,0.01471
6571,24.0,F,6571,0.01877,0.0184
1210,40.0,E,1210,0.04153,0.03666
8441,40.0,D,8441,0.00052,0.00734
995,28.0,E,995,0.0086,0.05104
5337,12.0,E,5337,0.03355,0.09051
4781,40.0,A,4781,0.015,2e-05
2176,20.0,C,2176,0.00981,0.00879
9996,16.0,F,9996,0.21676,0.07524
3872,28.0,E,3872,0.00969,0.08281
4249,32.0,E,4249,0.03693,0.02417
1415,20.0,D,1415,0.02349,0.00705
3323,12.0,C,3323,0.03949,0.03731
5433,32.0,E,5433,0.00416,0.03763
9221,16.0,C,9221,0.03964,0.01182
8082,40.0,C,8082,0.09679,0.00076
3784,16.0,E,3784,0.08508,0.02872
170,36.0,A,170,0.00438,0.00016
1485,36.0,C,1485,0.06323,0.00012
1196,40.0,E,1196,0.01072,0.00897
4366,36.0,A,4366,0.0502,0.0001
8472,20.0,C,8472,0.0684,0.00671
3868,24.0,D,3868,0.02339,0.01375
3738,32.0,D,3738,0.00329,0.00262
4922,12.0,C,4922,0.29608,0.03247
2438,36.0,A,2438,0.03524,8e-05
9926,16.0,A,9926,0.04606,0.01205
6131,24.0,B,6131,0.00262,0.00141
3052,28.0,D,3052,0.00238,0.00187
4771,12.0,A,4771,0.06992,0.02823
6060,28.0,E,6060,0.05891,0.01747
4930,32.0,C,4930,0.00243,0.00063
9136,24.0,C,9136,0.01055,0.01003
9529,16.0,C,9529,0.00348,0.02476
3028,40.0,A,3028,0.04962,4e-05
3817,20.0,E,3817,0.0027,0.01276
780,40.0,E,780,0.02229,0.00327
3352,24.0,A,3352,0.0155,0.00273
4006,32.0,D,4006,0.00105,0.00675
5287,28.0,B,5287,0.01035,0.00086
5393,20.0,C,5393,0.0171,0.01136
9145,36.0,C,9145,0.00823,0.00068
3425,36.0,A,3425,0.01941,0.00017
1627,16.0,A,1627,0.04469,0.01192
3788,16.0,C,3788,0.03171,0.01121
1981,16.0,C,1981,0.0591,0.01466
5266,36.0,B,5266,0.00061,0.00101
6674,24.0,D,6674,0.03184,0.00847
3956,32.0,C,3956,0.00454,0.00378
3134,24.0,D,3134,0.00424,0.01549
4749,40.0,E,4749,0.00531,0.03957
3953,36.0,D,3953,0.00514,0.0098
3763,16.0,D,3763,0.02378,0.01272
1174,36.0,C,1174,0.01407,0.00024
4686,40.0,D,4686,0.01244,0.00321
6575,24.0,B,6575,0.00376,0.00467
8838,12.0,A,8838,0.07862,0.02616
2667,16.0,C,2667,0.00804,0.01303
8032,16.0,A,8032,0.09902,0.41824
2913,32.0,C,2913,0.00398,0.00381
6000,40.0,D,6000,0.02119,0.00129
550,20.0,A,550,0.02782,0.00381
4738,40.0,E,4738,0.07849,0.00932
6675,16.0,F,6675,0.00394,0.07432
9129,16.0,C,9129,0.00476,0.00824
8468,40.0,C,8468,0.00481,0.00048
9082,16.0,B,9082,0.01718,0.02177
9933,36.0,B,9933,0.00372,0.00082
1823,16.0,F,1823,0.04424,0.04879
2386,20.0,F,2386,0.01795,0.04345
4883,20.0,A,4883,0.03923,0.00276
2886,32.0,F,2886,0.01026,0.00895
202,24.0,A,202,0.03259,0.00241
8685,28.0,D,8685,0.00067,0.0028
3124,32.0,F,3124,0.01137,0.0047
4828,28.0,C,4828,0.01748,0.00135
3623,24.0,B,3623,0.0151,0.00149
2000,28.0,A,2000,0.04832,0.00082
9462,28.0,C,9462,0.01021,0.00115
6696,40.0,F,6696,0.07161,0.1361
2520,40.0,E,2520,0.00592,0.0054
3374,12.0,C,3374,0.0814,0.03876
5294,28.0,B,5294,0.00436,0.00188
394,28.0,A,394,0.04879,0.00068
4521,28.0,A,4521,0.04114,0.00084
3343,24.0,F,3343,0.08529,0.00825
2960,16.0,C,2960,0.00157,0.0121
1515,12.0,B,1515,0.00969,0.03339
2148,28.0,A,2148,0.02723,0.00063
6801,12.0,C,6801,0.02329,0.0204
5692,40.0,E,5692,0.02465,0.02841
8122,32.0,F,8122,0.00565,0.01203
8477,20.0,D,8477,0.00597,0.00485
3530,28.0,E,3530,0.0464,0.00635
8266,40.0,D,8266,0.00486,0.00196
6683,36.0,E,6683,0.02728,0.02553
2551,24.0,B,2551,0.00229,0.00259
4745,36.0,E,4745,0.01275,0.00723
2791,40.0,E,2791,0.02876,0.01676
8671,24.0,D,8671,0.00121,0.019
4678,24.0,E,4678,0.00412,0.00679
3434,20.0,D,3434,0.00133,0.01296
6005,40.0,A,6005,0.00709,4e-05
905,20.0,A,905,0.03876,0.00908
2103,40.0,A,2103,0.03977,5e-05
3306,36.0,F,3306,0.03571,0.00903
5200,16.0,A,5200,0.06409,0.0125
2981,28.0,D,2981,0.00764,0.00177
3358,28.0,B,3358,0.01197,0.00061
2604,20.0,C,2604,0.00101,0.01271
5710,28.0,E,5710,0.00998,0.00275
3895,28.0,A,3895,0.04553,0.0007
7169,28.0,D,7169,0.10554,0.00537
7008,36.0,F,7008,0.07444,0.03355
5930,32.0,F,5930,0.00605,0.02148
1793,12.0,E,1793,0.02023,0.0259
8579,16.0,F,8579,0.01246,0.03404
3510,36.0,C,3510,0.00843,0.00031
3746,20.0,B,3746,0.01915,0.00399
6260,12.0,F,6260,0.03199,0.06424
5500,20.0,A,5500,0.04103,0.00388
6604,32.0,F,6604,0.01976,0.04739
5046,20.0,B,5046,0.00822,0.00525
917,16.0,D,917,0.00911,0.00966
4679,20.0,E,4679,0.0167,0.0291
7300,24.0,F,7300,0.00533,0.15605
3704,20.0,E,3704,0.0196,0.00213
340,32.0,A,340,0.0426,0.00017
195,16.0,F,195,0.00634,0.02546
1030,32.0,C,1030,0.00159,0.00083
5561,36.0,F,5561,0.04401,0.0224
6652,24.0,F,6652,0.04985,0.03314
3749,32.0,A,3749,0.04425,0.00022
3772,20.0,A,3772,0.04189,0.00717
492,32.0,A,492,0.03751,0.00044
1674,36.0,F,1674,0.08706,0.16728
4258,28.0,B,4258,0.02701,0.00185
5632,16.0,E,5632,0.01349,0.03581
9735,28.0,D,9735,0.00162,0.00844
3095,40.0,C,3095,0.06269,0.00039
4674,32.0,A,4674,0.02518,0.00042
6377,32.0,A,6377,0.04941,0.00045
7806,32.0,E,7806,0.00751,0.02336
4898,36.0,E,4898,0.13911,0.01771
5977,20.0,A,5977,0.0597,0.00512
7127,36.0,F,7127,0.02111,0.01531
4805,40.0,E,4805,0.03047,0.00388
6648,28.0,A,6648,0.01001,0.00058
9683,32.0,D,9683,0.01054,0.00302
952,20.0,B,952,0.00989,0.00994
6899,36.0,B,6899,0.00069,0.00018
9421,40.0,B,9421,0.01692,0.00037
5477,40.0,F,5477,0.09976,0.00209
253,32.0,C,253,0.00705,0.00102
2664,36.0,C,2664,0.02506,0.00198
2821,40.0,D,2821,0.02051,0.00606
7703,40.0,C,7703,0.00776,6e-05
3477,20.0,F,3477,0.01741,0.00569
2567,28.0,A,2567,0.00497,0.00077
2950,20.0,B,2950,0.01967,0.01064
6532,16.0,D,6532,0.03566,0.01757
9471,40.0,E,9471,0.0192,0.00402
2605,32.0,A,2605,0.04205,0.00049
4990,16.0,C,4990,0.02638,0.01643
3248,32.0,B,3248,0.00096,0.00366
6643,28.0,F,6643,0.01102,0.03462
3937,40.0,A,3937,0.0278,6e-05
5219,12.0,C,5219,0.00478,0.02901
2560,24.0,E,2560,0.01004,0.028
3347,24.0,E,3347,0.03347,0.01759
7837,36.0,E,7837,0.01689,0.00781
5947,24.0,D,5947,0.00913,0.00125
9145,32.0,F,9145,0.00306,0.07578
9497,16.0,B,9497,0.25473,0.00901
718,32.0,F,718,0.07453,0.07791
3115,20.0,E,3115,0.02757,0.12821
2748,16.0,D,2748,0.0865,0.01682
230,16.0,E,230,0.09995,0.03429
7739,16.0,B,7739,0.48389,0.01411
561,24.0,C,561,0.01121,0.00177
7092,20.0,F,7092,0.00703,0.0228
552,24.0,A,552,0.08578,0.00315
6531,36.0,E,6531,0.04245,0.017
8445,24.0,D,8445,0.02094,0.00267
4793,20.0,D,4793,0.01967,0.0058
4989,24.0,C,4989,0.02709,0.00168
6374,24.0,F,6374,0.05935,0.00688
1806,24.0,E,1806,0.00818,0.01806
3547,16.0,F,3547,0.01216,0.03692
2358,32.0,F,2358,0.07144,0.03155
4098,20.0,A,4098,0.01847,0.00447
7086,40.0,A,7086,0.02203,3e-05
3971,28.0,C,3971,0.00368,0.00113
2624,36.0,B,2624,0.00495,0.0001
4398,20.0,A,4398,0.01753,0.00391
5468,36.0,E,5468,0.00082,0.00924
2536,36.0,E,2536,0.00318,0.00671
9518,20.0,E,9518,0.02878,0.01189
9855,20.0,F,9855,0.01855,0.08466
4269,28.0,B,4269,0.00515,0.00138
2681,24.0,B,2681,0.00135,0.0018
7378,32.0,F,7378,0.00425,0.01216
5415,12.0,E,5415,0.00356,0.06583
4459,36.0,B,4459,0.0034,0.00322
684,12.0,E,684,0.02292,0.0626
1029,12.0,C,1029,0.02266,0.00973
8728,40.0,F,8728,0.00215,0.04012
4640,20.0,A,4640,0.01804,0.00508
4516,36.0,E,4516,0.04716,0.00648
6193,28.0,B,6193,0.0041,0.00124
2851,36.0,B,2851,0.0969,0.0002
9768,20.0,E,9768,0.00278,0.01097
9645,20.0,E,9645,0.11267,0.01231
200,12.0,F,200,0.03008,0.0449
8539,28.0,B,8539,0.00879,0.00109
5627,28.0,D,5627,0.00955,0.00387
2961,36.0,E,2961,0.04791,0.04544
4984,28.0,A,4984,0.01443,0.00078
8911,36.0,A,8911,0.04512,0.00012
5807,20.0,C,5807,0.02036,0.00536
3817,40.0,A,3817,0.12004,4e-05
8332,36.0,B,8332,0.05107,0.00039
6444,20.0,F,6444,0.03489,0.03549
875,28.0,C,875,0.04374,0.00128
7906,36.0,C,7906,0.0637,0.0002
7779,32.0,A,7779,0.01711,0.00043
1817,20.0,F,1817,0.02119,0.05321
2782,32.0,E,2782,0.01136,0.01491
3921,36.0,D,3921,0.05568,0.00112
9591,36.0,F,9591,0.01069,0.02616
2255,28.0,E,2255,0.01218,0.01961
1283,32.0,A,1283,0.03607,0.00017
6180,20.0,B,6180,0.00261,0.00663
3748,16.0,E,3748,0.22283,0.02988
899,16.0,A,899,0.13604,0.01649
8555,28.0,C,8555,0.04187,0.00736
7043,32.0,D,7043,0.00445,0.01002
8695,16.0,E,8695,0.0027,0.01404
4117,40.0,C,4117,0.02029,3e-05
5219,32.0,B,5219,0.01076,0.00043
8548,20.0,A,8548,0.12066,0.00453
6670,40.0,C,6670,0.00286,0.00285
9066,36.0,B,9066,0.00215,0.00014
5839,20.0,C,5839,0.00207,0.00546
4643,24.0,A,4643,0.06178,0.00161
7059,12.0,E,7059,0.17449,0.04748
4205,20.0,B,4205,0.00151,0.00655
6103,28.0,A,6103,0.02736,0.00084
4156,32.0,D,4156,0.00504,0.00128
9759,36.0,E,9759,0.01965,0.00545
6559,28.0,F,6559,0.02939,0.02778
6964,32.0,D,6964,0.03001,0.02731
3649,36.0,D,3649,0.02638,0.0013
4198,28.0,E,4198,0.00305,0.0028
1902,24.0,E,1902,0.00176,0.01311
6025,12.0,B,6025,0.68269,0.03104
5391,12.0,A,5391,0.18591,0.02758
6074,12.0,B,6074,0.00743,0.03673
4257,16.0,A,4257,0.02123,0.01258
4289,12.0,E,4289,0.00596,0.04363
303,40.0,A,303,0.02086,2e-05
1618,36.0,B,1618,0.00939,0.00104
715,16.0,B,715,0.04823,0.01481
7902,16.0,B,7902,0.22601,0.01195
7173,20.0,D,7173,0.02919,0.02551
9352,32.0,B,9352,0.04617,0.00044
8016,20.0,D,8016,0.0058,0.00228
2090,40.0,C,2090,0.027,0.00201
8895,24.0,F,8895,0.02081,0.0128
8034,12.0,A,8034,0.12996,0.04487
8167,16.0,F,8167,0.04287,0.04457
3250,32.0,E,3250,0.03351,0.00467
437,24.0,F,437,0.0062,0.00679
8365,36.0,B,8365,0.01123,0.00017
4963,36.0,F,4963,0.02442,0.03192
1196,24.0,B,1196,0.10484,0.00293
4389,24.0,F,4389,0.06839,0.07006
1174,12.0,E,1174,0.00732,0.06021
1859,40.0,C,1859,0.0229,0.00015
3404,16.0,F,3404,0.03504,0.14858
6249,36.0,F,6249,0.08224,0.14918
3188,32.0,C,3188,0.02968,0.00025
2984,16.0,D,2984,0.0225,0.0416
2113,24.0,F,2113,0.17537,0.01823
3061,16.0,C,3061,0.01861,0.01096
1229,12.0,C,1229,0.03018,0.03432
474,28.0,A,474,0.04307,0.00036
5493,24.0,A,5493,0.00264,0.00202
8341,24.0,D,8341,0.00611,0.00858
3021,12.0,C,3021,0.00816,0.03918
5250,36.0,A,5250,0.03127,7e-05
5096,28.0,A,5096,0.00832,0.00083
8404,16.0,E,8404,0.05307,0.00629
2642,12.0,F,2642,0.01576,0.01592
3232,36.0,D,3232,0.00654,0.00083
4324,12.0,B,4324,0.02009,0.03159
328,40.0,C,328,0.05749,0.00637
2356,16.0,B,2356,0.01436,0.01203
887,16.0,C,887,0.25912,0.0092
7642,32.0,C,7642,0.00114,0.00244
6608,28.0,A,6608,0.08109,0.00082
8689,20.0,E,8689,0.0826,0.00738
7580,40.0,B,7580,0.00458,0.0001
3184,40.0,D,3184,0.03855,0.00029
1005,24.0,A,1005,0.03832,0.00328
3152,16.0,C,3152,0.0022,0.00978
8393,28.0,F,8393,0.21791,0.0079
6795,16.0,D,6795,0.01013,0.01438
5283,20.0,F,5283,0.0097,0.01888
3683,20.0,C,3683,0.13323,0.00579
9381,20.0,B,9381,0.02916,0.00586
7235,24.0,A,7235,0.03047,0.00288
7348,32.0,F,7348,0.00623,0.03884
6938,20.0,A,6938,0.06454,0.0094
6459,20.0,F,6459,0.01354,0.01038
2587,12.0,E,2587,0.015,0.03604
4355,28.0,C,4355,0.00354,0.00145
5430,36.0,E,5430,0.02565,0.0006
3145,32.0,D,3145,0.00369,0.00245
5355,32.0,B,5355,0.25936,0.00028
6330,36.0,D,6330,1.02164,0.01854
4726,20.0,E,4726,0.02811,0.0142
4558,40.0,E,4558,0.02528,0.05356
1551,12.0,C,1551,0.00651,0.01756
5209,20.0,D,5209,0.016,0.00332
6572,12.0,C,6572,0.03604,0.0525
6764,24.0,C,6764,0.52043,0.0027
532,20.0,D,532,0.03207,0.01114
3234,20.0,E,3234,0.04682,0.00393
8006,16.0,D,8006,0.04741,0.02852
7192,28.0,B,7192,0.00075,0.00124
9618,24.0,E,9618,0.23599,0.00319
585,20.0,E,585,0.03582,0.00705
8365,16.0,E,8365,0.03718,0.01144
8806,28.0,D,8806,0.02364,0.00091
3814,36.0,F,3814,0.00461,0.04026
4185,16.0,F,4185,0.00539,0.02713
8166,20.0,B,8166,0.00277,0.00687
5604,24.0,F,5604,0.00694,0.00639
8717,28.0,C,8717,0.00166,0.00133
8255,16.0,A,8255,0.01809,0.00781
3392,24.0,C,3392,0.00677,0.00261
2257,36.0,D,2257,0.40512,0.00255
7074,12.0,E,7074,0.00262,0.0203
8654,28.0,B,8654,0.00448,0.00106
3622,28.0,A,3622,0.01498,0.00093
7066,40.0,B,7066,0.0021,0.00072
5911,16.0,C,5911,0.002,0.01312
8364,24.0,B,8364,0.00215,0.00138
3996,16.0,E,3996,0.00694,0.08884
9807,20.0,D,9807,0.0046,0.00375
2950,20.0,C,2950,0.00826,0.00418
9085,36.0,B,9085,0.09078,0.00023
7974,40.0,D,7974,0.00084,0.00112
9877,32.0,F,9877,0.11287,0.01082
9009,28.0,C,9009,0.03641,0.00123
1525,36.0,F,1525,0.01054,0.05441
2887,36.0,B,2887,0.00857,0.00157
4948,36.0,D,4948,0.00315,0.00048
1613,36.0,B,1613,0.0019,0.00051
231,24.0,F,231,0.01081,0.07929
254,20.0,C,254,0.01405,0.00305
4052,20.0,D,4052,0.07963,0.01712
5936,36.0,C,5936,0.00733,0.0009
8252,32.0,A,8252,0.01604,0.00029
7049,20.0,D,7049,0.02516,0.00792
2848,24.0,C,2848,0.00723,0.00219
7651,24.0,D,7651,0.01112,0.01565
6643,32.0,A,6643,0.00457,0.00068
454,16.0,E,454,0.02052,0.01438
8536,32.0,D,8536,0.03274,0.00896
3922,20.0,A,3922,0.01412,0.00547
8417,32.0,D,8417,0.02579,0.00173
8474,36.0,D,8474,0.00672,0.00873
3079,36.0,C,3079,0.06673,0.00027
3330,24.0,A,3330,0.02715,0.00183
6796,20.0,A,6796,0.03119,0.00739
9391,24.0,E,9391,0.01385,0.00392
3300,12.0,D,3300,0.0056,0.02385
4114,32.0,D,4114,0.16334,0.00334
7490,40.0,E,7490,0.02399,0.02319
4167,40.0,A,4167,0.00591,6e-05
7575,20.0,B,7575,0.00793,0.00597
5138,32.0,F,5138,0.00385,0.02164
1499,32.0,C,1499,0.01812,0.00039
5106,36.0,F,5106,0.10239,0.01435
6380,12.0,B,6380,0.00119,0.03959
5390,16.0,B,5390,0.00169,0.02039
3609,12.0,F,3609,0.03631,0.09811
622,36.0,C,622,0.01108,0.00073
2283,16.0,B,2283,0.04434,0.01527
2722,24.0,A,2722,0.04677,0.00163
7797,24.0,D,7797,0.01822,0.00794
4923,28.0,A,4923,0.04883,0.00075
1948,32.0,D,1948,0.00162,0.00604
339,24.0,C,339,0.1705,0.00308
840,16.0,D,840,0.06911,0.01939
5090,28.0,C,5090,0.00296,0.001
8720,16.0,B,8720,0.01045,0.01449
5590,24.0,D,5590,0.00386,0.00512
2841,28.0,D,2841,0.02619,0.00813
1375,40.0,C,1375,0.01045,0.00032
3796,12.0,D,3796,0.01246,0.03771
8195,16.0,C,8195,0.03641,0.01353
2365,40.0,C,2365,0.041,0.00227
4212,36.0,B,4212,0.00923,0.00024
3965,20.0,E,3965,0.02048,0.04132
1996,28.0,B,1996,0.00579,0.00094
7759,16.0,B,7759,0.00691,0.01405
3492,24.0,F,3492,0.45291,0.0194
9673,32.0,D,9673,0.01468,0.01381
2355,16.0,D,2355,0.00898,0.01625
3818,36.0,F,3818,0.02419,0.07171
7522,32.0,C,7522,0.06951,0.00292
2832,40.0,B,2832,0.00174,0.00099
5474,28.0,D,5474,0.00099,0.00514
4569,28.0,F,4569,0.00799,0.04735
5917,24.0,E,5917,0.34959,0.02333
832,16.0,A,832,0.05821,0.01187
1766,36.0,A,1766,0.04525,0.00012
7850,32.0,D,7850,0.00555,0.00689
7984,32.0,A,7984,0.02233,0.00022
6035,36.0,C,6035,0.00295,0.00026
3695,20.0,C,3695,0.00688,0.00458
7423,16.0,E,7423,0.03806,0.02354
7326,40.0,D,7326,0.029,0.01285
1291,36.0,C,1291,0.02491,0.00316
1087,32.0,A,1087,0.01739,0.00026
2115,32.0,B,2115,0.00041,0.00092
1934,12.0,B,1934,0.01978,0.04455
923,28.0,F,923,0.00408,0.00594
7255,24.0,F,7255,0.00221,0.00481
3940,28.0,D,3940,0.00271,0.0037
2187,16.0,A,2187,0.04685,0.01494
9052,24.0,E,9052,0.0401,0.02001
3033,16.0,A,3033,0.05845,0.01281
8855,28.0,E,8855,0.00083,0.00461
9232,24.0,F,9232,0.07571,0.02728
8052,32.0,B,8052,0.08642,0.0003
2097,40.0,B,2097,0.04148,0.00016
4478,40.0,B,4478,0.11102,0.00072
9314,28.0,A,9314,0.0292,0.00054
4730,40.0,F,4730,0.01891,0.04859
9599,40.0,B,9599,0.00569,0.00036
7803,36.0,D,7803,0.00779,0.00073
7226,16.0,A,7226,0.06986,0.01367
951,20.0,B,951,0.0098,0.0063
9212,16.0,E,9212,0.16547,0.02604
1885,36.0,C,1885,0.00488,0.00016
6925,36.0,A,6925,0.01611,0.00013
1554,28.0,E,1554,0.05133,0.04983
5708,40.0,C,5708,0.04578,0.00132
9128,28.0,B,9128,0.01692,0.00228
2894,12.0,B,2894,0.0777,0.0322
1110,12.0,D,1110,0.00225,0.04307
5294,28.0,D,5294,0.07794,0.00139
1494,40.0,E,1494,0.0318,0.00495
1104,28.0,E,1104,0.00516,0.03902
8308,20.0,D,8308,0.00301,0.01232
8062,16.0,B,8062,0.01502,0.01185
9356,36.0,B,9356,0.20488,0.00011
5241,20.0,C,5241,0.00068,0.00302
6066,28.0,D,6066,0.05776,0.0182
6993,36.0,A,6993,0.03004,0.0001
6724,36.0,E,6724,0.01037,0.00372
1433,24.0,F,1433,0.02347,0.05552
4443,40.0,D,4443,0.01992,0.00798
9315,24.0,C,9315,0.07706,0.00777
7452,36.0,C,7452,0.00694,0.00182
999,40.0,A,999,0.01654,6e-05
4591,24.0,F,4591,0.06649,0.01904
6332,16.0,C,6332,0.00615,0.01147
7050,12.0,E,7050,0.01442,0.04447
525,40.0,D,525,0.00475,0.01226
6235,12.0,A,6235,0.23924,0.04604
7149,28.0,C,7149,0.00674,0.01092
3478,20.0,A,3478,0.0231,0.0033
9446,28.0,C,9446,0.02739,0.00092
7432,36.0,F,7432,0.00542,0.15526
5733,16.0,D,5733,0.11559,0.02467
4549,24.0,A,4549,0.04249,0.00343
3410,12.0,B,3410,0.02314,0.04313
740,20.0,C,740,0.03416,0.0074
93,40.0,D,93,0.162,0.00015
6745,28.0,B,6745,0.02078,0.00116
1157,36.0,D,1157,0.0363,0.00126
840,32.0,A,840,0.19535,0.00032
6653,16.0,D,6653,0.03063,0.01646
519,36.0,A,519,0.00175,0.00013
3867,20.0,A,3867,0.01717,0.00418
1886,12.0,F,1886,0.01732,0.02296
1585,24.0,A,1585,0.05378,0.00276
9332,24.0,D,9332,0.00288,0.00263
4737,28.0,F,4737,0.00098,0.01869
7204,20.0,E,7204,0.10004,0.0221
1063,12.0,A,1063,0.1118,0.02017
618,32.0,F,618,0.04191,0.025
1150,32.0,B,1150,0.00382,7e-05
2141,20.0,F,2141,0.05247,0.04296
5467,40.0,D,5467,0.0232,0.00113
8018,28.0,F,8018,0.09417,0.02308
2571,20.0,B,2571,0.00507,0.00627
5914,28.0,E,5914,0.00359,0.00453
213,32.0,E,213,0.01235,0.01718
4708,12.0,B,4708,0.12028,0.03357
7782,20.0,F,7782,0.01839,0.06529
8984,24.0,B,8984,0.00506,0.00219
4817,20.0,F,4817,0.01741,0.06989
9240,40.0,C,9240,0.00218,0.00233
6181,16.0,D,6181,0.05821,0.01629
1303,16.0,D,1303,0.03178,0.01389
2605,24.0,E,2605,0.03175,0.00499
2901,16.0,F,2901,0.01506,0.08348
7771,40.0,C,7771,0.02509,0.00057
286,12.0,D,286,0.08347,0.01608
7773,36.0,B,7773,0.00626,0.00029
3298,36.0,E,3298,0.00365,0.00506
816,16.0,B,816,0.02076,0.01301
4662,32.0,E,4662,0.01557,0.01167
6562,28.0,E,6562,0.00089,0.03261
4250,24.0,F,4250,0.02831,0.0405
7355,20.0,C,7355,0.00557,0.00711
7896,20.0,D,7896,0.02767,0.00797
2407,24.0,E,2407,0.00323,0.01014
4555,36.0,F,4555,0.01086,0.03019
2921,28.0,E,2921,0.00256,0.00539
4776,36.0,B,4776,0.17541,0.00011
9027,16.0,D,9027,0.01447,0.00688
1160,32.0,C,1160,0.00503,0.00208
9183,40.0,C,9183,0.11279,0.0012
2416,40.0,E,2416,0.01105,0.00333
4969,28.0,E,4969,0.02188,0.01265
1242,12.0,B,1242,0.19326,0.03194
4617,16.0,B,4617,0.0078,0.01645
9567,20.0,D,9567,0.00071,0.00391
5209,12.0,B,5209,0.0191,0.0354
7136,28.0,B,7136,0.01258,0.00223
8190,36.0,E,8190,0.04286,0.04378
8420,32.0,D,8420,0.0071,0.00502
8605,24.0,D,8605,0.0164,0.0108
4500,32.0,A,4500,0.01569,0.00023
7339,20.0,D,7339,0.05712,0.01191
749,32.0,B,749,0.00128,0.00032
9945,40.0,C,9945,0.0024,0.00413
3290,32.0,E,3290,0.05222,0.0147
8601,16.0,E,8601,0.0226,0.02345
7287,32.0,E,7287,0.00296,0.01429
8245,16.0,C,8245,0.00084,0.01638
4881,12.0,B,4881,0.01247,0.03174
2140,12.0,B,2140,0.12682,0.04611
9710,32.0,D,9710,0.00206,0.00039
5048,28.0,F,5048,0.09292,0.02953
2235,28.0,A,2235,0.02445,0.00146
8168,40.0,D,8168,0.02471,0.00182
1797,36.0,E,1797,0.04285,0.00502
9900,40.0,D,9900,0.00306,0.00119
1889,20.0,F,1889,0.06715,0.04733
4452,16.0,B,4452,0.17593,0.0136
7861,28.0,B,7861,0.00144,0.00068
5528,28.0,B,5528,0.00089,0.00168
7775,36.0,F,7775,0.00236,0.01139
1059,20.0,A,1059,3.42922,4.45097
4320,40.0,D,4320,0.00395,0.00339
3433,20.0,E,3433,0.01731,0.01167
502,32.0,B,502,0.00248,0.00044
239,40.0,E,239,0.01233,0.00072
2787,16.0,C,2787,0.01247,0.0087
5283,12.0,C,5283,0.02839,0.04327
8849,12.0,A,8849,0.13232,0.02307
6668,32.0,B,6668,0.00284,0.00024
4769,24.0,F,4769,0.04609,0.02941
5122,28.0,A,5122,0.02889,0.0007
7481,32.0,C,7481,0.04424,0.0011
8315,28.0,C,8315,0.01861,0.00548
3245,40.0,A,3245,0.04488,4e-05
8768,36.0,F,8768,0.08886,0.01334
4765,16.0,A,4765,0.05899,0.01161
5952,40.0,F,5952,0.19096,0.00478
2029,20.0,A,2029,0.01866,0.00466
4023,20.0,C,4023,0.01022,0.01021
4801,36.0,C,4801,0.0155,0.00092
8770,16.0,B,8770,0.01422,0.01208
6614,28.0,E,6614,0.05677,0.01159
2576,20.0,E,2576,0.0871,0.00683
8711,24.0,C,8711,0.01255,0.00534
9959,32.0,B,9959,0.0095,0.00063
2710,20.0,D,2710,0.00703,0.01953
3595,12.0,A,3595,0.04541,0.04716
1542,32.0,F,1542,0.07355,0.03085
4636,28.0,C,4636,0.01371,0.00172
3829,12.0,F,3829,0.01547,0.03482
1945,32.0,E,1945,0.0292,0.00258
8848,24.0,D,8848,0.00176,0.01722
3688,40.0,B,3688,0.00053,9e-05
6972,16.0,E,6972,0.01793,0.01807
8385,40.0,B,8385,0.00112,0.00056
8867,40.0,A,8867,0.0312,2e-05
481,16.0,E,481,0.01138,0.04012
1620,32.0,D,1620,0.01512,0.00225
2673,32.0,C,2673,0.00345,0.00257
846,40.0,D,846,0.0336,0.00016
880,32.0,A,880,0.03506,0.00057
6981,20.0,F,6981,0.02467,0.04677
1833,16.0,D,1833,0.02668,0.02038
600,16.0,B,600,0.28299,0.20069
3547,28.0,C,3547,0.60415,0.00082
3349,16.0,A,3349,0.02503,0.00646
8913,24.0,E,8913,0.05495,0.00528
6631,12.0,E,6631,0.01463,0.02317
6472,40.0,E,6472,0.00341,0.00788
3900,12.0,C,3900,0.0062,0.02037
9857,24.0,B,9857,0.00082,0.00111
727,36.0,A,727,0.06007,0.00012
7978,12.0,B,7978,0.08553,0.04216
6931,28.0,C,6931,0.00687,0.00111
5835,20.0,E,5835,0.01289,0.01776
6266,24.0,A,6266,0.05409,0.00296
2402,28.0,C,2402,0.00389,0.00209
4131,32.0,A,4131,0.06823,0.00015
1587,12.0,B,1587,0.03271,0.02215
2733,40.0,A,2733,0.02928,3e-05
3821,20.0,F,3821,0.00142,0.0106
5636,24.0,C,5636,0.04867,0.00321
816,16.0,F,816,0.29695,0.07258
705,16.0,F,705,0.00956,0.06315
1102,12.0,E,1102,0.08581,0.04766
1806,20.0,D,1806,0.0014,0.00956
2461,24.0,B,2461,0.02045,0.00352
3346,40.0,B,3346,0.02563,0.00017
2404,32.0,F,2404,0.01178,0.01039
1448,36.0,B,1448,0.01523,0.00025
578,12.0,A,578,0.09231,0.05274
7848,16.0,A,7848,0.02969,0.02052
2349,32.0,A,2349,0.00971,0.00018
5842,28.0,E,5842,0.03229,0.00191
5485,32.0,D,5485,0.02834,0.0013
1311,20.0,F,1311,0.07154,0.01701
3504,20.0,E,3504,0.06245,0.01858
3197,40.0,C,3197,0.01373,0.00222
3859,40.0,D,3859,0.15359,0.00149
5360,32.0,A,5360,0.00763,0.00018
8416,24.0,D,8416,0.00732,0.00707
9505,16.0,B,9505,0.02854,0.00965
1196,12.0,E,1196,0.0996,0.03375
6017,40.0,C,6017,0.00285,0.00017
426,40.0,D,426,0.00203,0.01209
341,24.0,D,341,0.00103,0.00729
3298,40.0,F,3298,0.00954,0.01004
4611,28.0,F,4611,0.01109,0.1056
5203,40.0,F,5203,0.02411,0.01208
5137,24.0,D,5137,0.00871,0.0053
1333,40.0,F,1333,0.01845,0.03951
2390,28.0,E,2390,0.01264,0.03301
1665,36.0,F,1665,0.0057,0.01141
4210,32.0,D,4210,0.01637,0.02749
3560,40.0,A,3560,0.02646,9e-05
3793,24.0,A,3793,0.07648,0.00249
5898,12.0,E,5898,0.03009,0.06744
7465,28.0,E,7465,0.01403,0.01395
509,12.0,E,509,0.0446,0.01723
3490,32.0,C,3490,0.00421,0.00219
3478,32.0,B,3478,0.02497,0.00168
8776,32.0,C,8776,0.00458,0.00459
5059,32.0,A,5059,0.03733,0.00016
46,16.0,D,46,0.01188,0.01381
9144,40.0,E,9144,0.04579,0.00975
1470,24.0,C,1470,0.01421,0.00298
6834,24.0,D,6834,0.06833,0.00135
805,24.0,A,805,0.04168,0.00156
8159,28.0,D,8159,0.0003,0.00088
3712,24.0,E,3712,0.00292,0.00992
3319,40.0,F,3319,0.00875,0.00251
7833,40.0,D,7833,0.00033,0.00237
4528,32.0,B,4528,0.00302,0.00049
6091,36.0,C,6091,0.05182,0.00464
1542,16.0,F,1542,0.01853,0.07745
2836,20.0,D,2836,0.01798,0.00649
2073,32.0,C,2073,0.00313,0.0008
8075,28.0,F,8075,0.13827,0.03499
8242,32.0,F,8242,0.0089,0.03226
7762,16.0,F,7762,0.04342,0.02551
8996,40.0,B,8996,0.0186,0.00072
3111,24.0,C,3111,0.01733,0.00216
3802,20.0,A,3802,0.01127,0.00535
7524,20.0,B,7524,0.01372,0.0049
6755,40.0,B,6755,0.00123,0.00074
2895,20.0,C,2895,0.00479,0.00796
6237,40.0,D,6237,0.0162,0.00242
2910,12.0,E,2910,0.02613,0.06058
2958,28.0,D,2958,0.00119,0.00127
8649,32.0,A,8649,0.03937,0.0002
9558,24.0,C,9558,0.00579,0.01348
3996,40.0,A,3996,0.03737,5e-05
4539,16.0,F,4539,0.06108,0.02506
7224,12.0,C,7224,0.06762,0.0362
7476,36.0,B,7476,0.00282,0.00038
7391,40.0,F,7391,0.02674,0.02451
3852,40.0,A,3852,0.02533,5e-05
5100,40.0,D,5100,0.00102,0.00043
4503,24.0,C,4503,0.04794,0.00334
2610,24.0,C,2610,0.03842,0.002
4462,28.0,C,4462,0.04177,0.00346
8188,16.0,E,8188,0.02596,0.03533
8696,28.0,D,8696,0.02045,0.00152
2385,28.0,E,2385,0.02861,0.01343
4973,36.0,F,4973,0.01865,0.03153
5303,12.0,D,5303,0.03007,0.03509
3274,20.0,D,3274,0.00126,0.01095
8896,32.0,C,8896,0.01773,0.01033
5456,36.0,B,5456,0.01674,0.00374
5108,20.0,C,5108,0.02842,0.00843
7141,24.0,F,7141,0.00479,0.02189
6698,16.0,D,6698,0.07568,0.02618
9719,32.0,A,9719,0.03257,0.00025
1109,16.0,A,1109,0.03766,0.00666
9702,24.0,E,9702,0.01555,0.00254
2398,12.0,D,2398,0.07616,0.04392
4288,24.0,D,4288,0.01751,0.00333
122,36.0,D,122,0.00535,0.01922
2934,16.0,E,2934,0.12099,0.05537
1322,28.0,A,1322,0.0197,0.00106
8810,24.0,C,8810,0.01338,0.00514
5718,24.0,F,5718,0.01193,0.04317
3633,12.0,C,3633,0.42284,0.02586
9277,16.0,C,9277,0.08357,0.00989
2695,16.0,E,2695,0.07548,0.04796
97,28.0,A,97,0.02317,0.00083
6647,20.0,C,6647,0.00223,0.01089
2141,12.0,A,2141,0.04924,0.01664
6485,12.0,B,6485,0.03672,0.0193
9376,20.0,D,9376,0.04062,0.00931
7635,36.0,F,7635,0.38618,0.07629
189,28.0,E,189,0.00195,0.01705
9983,28.0,E,9983,0.00581,0.00714
3639,36.0,A,3639,0.0355,0.00011
5762,28.0,B,5762,0.00174,0.00052
6641,28.0,F,6641,0.00789,0.08517
2201,12.0,E,2201,0.05163,0.01947
9000,40.0,A,9000,0.01154,4e-05
3126,20.0,E,3126,0.00357,0.01241
8103,28.0,F,8103,0.10623,0.04075
5772,20.0,A,5772,0.03747,0.00313
7936,16.0,D,7936,0.00299,0.03512
5447,36.0,A,5447,0.02362,6e-05
9443,36.0,B,9443,0.00106,0.00045
3930,28.0,E,3930,0.10813,0.0021
4565,16.0,C,4565,0.01251,0.00854
874,36.0,A,874,0.07078,0.00018
8503,12.0,A,8503,0.03366,0.02462
2127,20.0,D,2127,0.00351,0.01242
608,36.0,A,608,0.05745,0.00013
7975,32.0,F,7975,0.01264,0.01203
522,32.0,D,522,0.01085,0.00091
5991,20.0,C,5991,0.02279,0.01157
7649,16.0,C,7649,0.00531,0.02697
3221,32.0,D,3221,0.00096,0.00556
324,32.0,E,324,0.01145,0.00093
3133,24.0,C,3133,0.00703,0.00339
9386,24.0,A,9386,0.02575,0.00158
5563,32.0,D,5563,0.00149,0.00051
8682,28.0,A,8682,0.0488,0.00044
5839,20.0,F,5839,0.14673,0.01461
6366,20.0,F,6366,0.00912,0.14555
8103,40.0,A,8103,0.03383,3e-05
9904,40.0,C,9904,0.01017,0.00282
4763,28.0,E,4763,0.01447,0.01694
6352,20.0,C,6352,0.03173,0.02663
1409,36.0,E,1409,0.07727,0.00921
1092,24.0,F,1092,0.00449,0.05199
1886,28.0,C,1886,0.00665,0.00218
5938,12.0,D,5938,0.00109,0.0608
6591,40.0,B,6591,0.00107,0.00086
1092,12.0,C,1092,0.17325,0.04358
6649,32.0,B,6649,0.01361,0.00192
2294,32.0,C,2294,0.00051,0.0004
5994,28.0,B,5994,0.70444,0.00122
9916,24.0,F,9916,0.06876,0.048
887,24.0,D,887,0.00044,0.00114
9618,20.0,E,9618,0.00289,0.03709
2197,24.0,A,2197,0.02555,0.00224
5827,16.0,E,5827,0.02184,0.02454
191,20.0,D,191,0.0135,0.01259
3318,28.0,C,3318,0.00168,0.00158
109,40.0,F,109,0.03188,0.00273
5456,16.0,F,5456,0.02152,0.10479
3190,28.0,A,3190,0.04441,0.00051
6791,24.0,C,6791,0.00145,0.0023
787,32.0,F,787,0.01362,0.01441
8459,20.0,A,8459,0.13142,0.00709
5012,32.0,A,5012,0.0257,0.00018
6513,36.0,E,6513,0.00368,0.00586
6994,32.0,A,6994,0.06806,0.00028
4262,32.0,F,4262,0.01702,0.00344
9372,28.0,E,9372,0.00285,0.00537
9918,16.0,A,9918,0.08466,0.01288
8208,28.0,E,8208,0.10755,0.00912
3444,36.0,B,3444,0.01002,0.00227
3532,36.0,F,3532,0.00467,0.00765
7902,32.0,F,7902,0.00165,0.12166
4031,16.0,E,4031,0.02104,0.03526
2646,40.0,A,2646,0.05913,9e-05
5528,16.0,D,5528,0.09379,0.01354
5021,12.0,B,5021,0.00419,0.03933
3717,40.0,E,3717,0.01912,0.00307
3462,24.0,D,3462,0.00434,0.00573
4780,12.0,B,4780,0.11856,0.02605
7856,40.0,D,7856,0.02403,0.00019
2076,20.0,E,2076,0.03438,0.00803
4042,20.0,F,4042,0.05518,0.10901
8863,20.0,E,8863,0.01332,0.02074
2912,36.0,F,2912,0.01042,0.03633
621,28.0,D,621,0.00396,0.00649
5885,20.0,C,5885,0.03204,0.0068
4905,20.0,F,4905,0.02721,0.01466
5609,12.0,E,5609,0.02651,0.04756
1689,36.0,E,1689,0.03199,0.05596
1155,16.0,E,1155,0.00763,0.07619
2196,16.0,A,2196,0.03443,0.01515
5650,12.0,F,5650,0.00835,0.10426
3639,24.0,E,3639,0.00412,0.00412
8975,32.0,D,8975,0.09221,0.00877
1013,32.0,F,1013,0.0031,0.01902
8731,16.0,D,8731,0.01,0.02969
4044,28.0,B,4044,0.00673,0.00092
8750,28.0,D,8750,0.00409,0.00492
9659,24.0,C,9659,0.00191,0.0068
792,20.0,E,792,0.3086,0.02055
1051,20.0,D,1051,0.00589,0.0063
4004,12.0,B,4004,0.13775,0.0133
2735,28.0,F,2735,0.01588,0.00433
6054,20.0,C,6054,0.02073,0.00966
2096,36.0,A,2096,0.0069,8e-05
7330,24.0,D,7330,0.00756,0.00358
4721,16.0,F,4721,0.00817,0.06819
534,40.0,D,534,0.0036,0.0011
9879,16.0,F,9879,0.02019,0.05221
6859,16.0,C,6859,0.01363,0.01606
78,24.0,E,78,0.03444,0.00874
7857,36.0,A,7857,0.02145,0.00011
1741,20.0,E,1741,0.00342,0.00998
7536,20.0,C,7536,0.01571,0.00865
6791,16.0,A,6791,0.06853,0.01003
4977,16.0,D,4977,0.0738,0.01293
825,28.0,E,825,0.00442,0.00271
6225,24.0,B,6225,0.63417,0.00116
4241,20.0,A,4241,0.03863,0.00366
8163,16.0,E,8163,0.09718,0.06176
5064,24.0,B,5064,0.00073,0.00254
2118,12.0,E,2118,0.01629,0.02554
3022,16.0,E,3022,0.04825,0.0397
4918,24.0,D,4918,0.00386,0.00395
1499,24.0,E,1499,0.00514,0.00674
7858,32.0,B,7858,0.03252,0.00023
3867,20.0,E,3867,0.03269,0.0823
3670,16.0,F,3670,0.04537,0.04466
3368,24.0,C,3368,0.00175,0.01658
4815,40.0,C,4815,0.12613,0.00073
501,28.0,A,501,0.01483,0.00068
1809,16.0,A,1809,0.04332,0.01911
3004,28.0,D,3004,0.03156,0.0011
9572,36.0,C,9572,0.00463,0.00134
6414,28.0,A,6414,0.01778,0.00088
661,40.0,B,661,0.00039,5e-05
6819,24.0,D,6819,0.04745,0.00427
576,40.0,D,576,0.0148,0.00172
1921,16.0,C,1921,0.01992,0.01788
3386,36.0,D,3386,0.03265,0.00121
1631,20.0,B,1631,0.00827,0.00395
7498,40.0,D,7498,0.05474,0.00683
353,24.0,B,353,0.00371,0.00168
2956,40.0,F,2956,0.01472,0.14328
7229,28.0,F,7229,0.00566,0.12282
7311,32.0,A,7311,0.03256,0.00024
2352,12.0,E,2352,0.00769,0.05137
3018,36.0,E,3018,0.04611,0.01147
5278,32.0,A,5278,0.01681,0.00031
1201,24.0,F,1201,0.00178,0.04422
321,16.0,C,321,0.01275,0.0155
5288,20.0,F,5288,0.01458,0.07648
5830,40.0,A,5830,0.04137,5e-05
8436,40.0,F,8436,0.02772,0.02729
9041,24.0,E,9041,0.01449,0.0107
2499,32.0,F,2499,0.07282,0.03265
8714,28.0,D,8714,0.00595,0.004
8910,16.0,A,8910,0.0599,0.01333
5703,24.0,C,5703,0.00222,0.00152
5347,16.0,B,5347,0.00353,0.02407
1191,16.0,D,1191,0.00338,0.01998
5522,28.0,E,5522,0.01701,0.01212
4805,36.0,E,4805,0.00417,0.00187
8076,32.0,B,8076,0.92929,0.00039
590,24.0,A,590,0.03606,0.00168
8436,40.0,E,8436,0.01044,0.01223
4115,32.0,A,4115,0.03428,0.00041
5503,28.0,D,5503,0.0162,0.01041
7811,12.0,A,7811,0.13909,0.03723
9618,32.0,C,9618,0.00107,0.00077
6942,12.0,B,6942,0.00288,0.0561
5092,24.0,F,5092,0.00853,0.02676
6922,24.0,F,6922,0.00734,0.02993
7128,16.0,D,7128,0.00327,0.01358
6683,36.0,B,6683,0.00813,0.00018
3418,32.0,B,3418,0.00265,0.00117
6150,24.0,A,6150,0.03227,0.00204
8343,36.0,F,8343,0.0281,0.00923
8035,24.0,B,8035,0.01202,0.00307
8665,12.0,A,8665,0.0591,0.04445
7609,40.0,F,7609,0.07078,0.04583
144,20.0,F,144,0.02274,0.05326
729,28.0,C,729,0.01491,0.00081
1488,40.0,B,1488,0.00903,0.00063
9221,28.0,B,9221,0.16725,0.00145
1236,16.0,C,1236,0.00427,0.01344
8725,32.0,B,8725,0.02611,0.00086
4450,24.0,D,4450,0.02432,0.00424
3928,36.0,E,3928,0.00301,0.00194
3623,36.0,B,3623,0.00234,0.00019
7159,36.0,A,7159,0.02357,0.00014
2200,12.0,A,2200,0.06794,0.03499
5096,32.0,F,5096,0.01077,0.00723
2360,28.0,C,2360,0.06987,0.00277
404,24.0,F,404,0.00399,0.04527
3141,24.0,A,3141,0.031,0.00331
7247,24.0,C,7247,0.02757,0.00615
9987,20.0,B,9987,0.04177,0.01087
8653,20.0,B,8653,0.01497,0.00569
972,12.0,D,972,0.01546,0.06139
2734,28.0,D,2734,0.00414,0.0021
1503,40.0,C,1503,0.02031,0.00288
5405,24.0,F,5405,0.00804,0.03362
5413,36.0,A,5413,0.01427,0.00016
3792,32.0,D,3792,0.00355,0.00184
7639,20.0,C,7639,0.01666,0.00612
641,28.0,D,641,0.0008,0.00208
5594,32.0,E,5594,0.12388,0.02106
4905,20.0,D,4905,0.01255,0.0049
8489,28.0,D,8489,0.01327,0.00057
9312,36.0,F,9312,0.05148,0.01663
4652,28.0,D,4652,0.00232,0.00447
1257,40.0,D,1257,0.00357,0.00092
1281,24.0,F,1281,0.00098,0.04729
8086,16.0,F,8086,0.02891,0.04018
9807,24.0,E,9807,0.00268,0.00233
47,28.0,C,47,0.00703,0.00271
4882,32.0,C,4882,0.14858,0.00058
9340,36.0,E,9340,0.01483,0.03428
973,28.0,E,973,0.02294,0.00689
9905,16.0,D,9905,0.03937,0.01371
8531,28.0,F,8531,0.02626,0.05596
4100,36.0,D,4100,0.24173,0.00052
3969,12.0,A,3969,0.04699,0.02828
6780,12.0,D,6780,0.02246,0.01792
6262,24.0,F,6262,0.00631,0.0826
3657,36.0,F,3657,0.02277,0.01854
9877,24.0,D,9877,0.15088,0.00712
8584,40.0,D,8584,0.00208,0.00301
671,12.0,A,671,0.09501,0.03014
2319,20.0,D,2319,0.08747,0.00266
2873,20.0,D,2873,0.02685,0.00444
8620,12.0,A,8620,0.1469,0.03091
8234,36.0,F,8234,0.00871,0.01071
3802,32.0,D,3802,0.00681,0.00128
1779,40.0,F,1779,0.02997,0.04437
6624,12.0,A,6624,0.09552,0.03385
9915,16.0,C,9915,0.0113,0.00994
2330,32.0,A,2330,0.0382,0.00034
9780,16.0,C,9780,0.021,0.0105
1178,12.0,D,1178,0.01141,0.0448
5820,20.0,E,5820,0.00539,0.02804
4992,16.0,C,4992,0.07093,0.01276
3405,36.0,B,3405,0.01194,0.00051
7319,12.0,C,7319,0.00762,0.04444
9842,40.0,D,9842,0.02826,0.00073
1621,20.0,F,1621,0.04885,0.0368
2067,24.0,B,2067,0.00349,0.00382
6497,32.0,E,6497,0.00698,0.00721
7780,20.0,C,7780,0.00958,0.00576
6192,40.0,B,6192,0.04137,0.00152
1993,40.0,D,1993,0.37934,0.00289
4098,16.0,F,4098,0.07621,0.0319
7263,28.0,D,7263,0.00172,0.0012
8182,40.0,C,8182,0.00924,0.00047
7338,12.0,B,7338,0.06073,0.02399
9870,28.0,C,9870,0.01144,0.00366
6348,24.0,D,6348,0.00921,0.00445
8135,20.0,D,8135,0.12641,0.0202
5209,28.0,A,5209,0.03472,0.00069
612,12.0,F,612,0.01065,0.04963
8640,24.0,D,8640,0.0403,0.0075
5476,12.0,D,5476,0.00376,0.02761
6991,24.0,B,6991,0.00336,0.00276
3684,20.0,B,3684,0.00299,0.00703
600,16.0,D,600,0.02516,0.0264
542,40.0,F,542,0.02423,0.00724
7477,20.0,E,7477,0.01682,0.00816
58,20.0,B,58,0.00374,0.00743
2788,12.0,C,2788,0.00566,0.02232
6017,20.0,E,6017,0.06948,0.05124
9961,36.0,F,9961,0.03842,0.01727
2241,40.0,C,2241,0.10911,9e-05
5419,28.0,B,5419,0.01246,0.00076
3448,28.0,F,3448,0.05283,0.00469
1879,20.0,A,1879,0.03324,0.00303
6116,24.0,F,6116,0.01116,0.01477
3112,32.0,E,3112,0.0281,0.05396
8312,20.0,D,8312,0.14393,0.01621
6859,16.0,D,6859,0.0003,0.01831
6539,12.0,F,6539,0.09753,0.05243
7515,24.0,F,7515,0.00876,0.0235
2217,20.0,C,2217,0.20157,0.00912
1150,40.0,D,1150,0.13846,0.00199
1330,36.0,D,1330,0.00711,0.00331
3303,32.0,A,3303,0.04383,0.00035
2574,28.0,B,2574,0.0431,0.00121
7054,36.0,A,7054,0.01382,0.00011
8687,20.0,C,8687,0.0106,0.00592
9818,32.0,C,9818,0.00662,0.00052
9378,32.0,F,9378,0.05422,0.03165
5057,40.0,C,5057,0.01374,0.00087
7163,40.0,C,7163,0.0126,0.00013
9103,28.0,B,9103,0.1212,0.00102
9888,32.0,E,9888,0.28032,0.04588
3310,40.0,A,3310,0.0438,3e-05
614,36.0,E,614,0.00337,0.07208
3204,24.0,D,3204,0.03986,0.00153
9202,24.0,B,9202,0.02676,0.00264
9823,40.0,C,9823,0.00265,0.0003
6363,40.0,A,6363,0.01193,3e-05
4780,36.0,D,4780,0.01127,0.0026
8189,28.0,D,8189,0.0049,0.00135
2225,16.0,E,2225,0.00801,0.01149
8989,32.0,C,8989,0.02296,0.00053
2385,24.0,A,2385,0.02164,0.00181
1426,40.0,D,1426,0.0012,0.00788
5169,40.0,C,5169,0.01415,5e-05
1793,24.0,B,1793,0.06505,0.00301
7982,40.0,A,7982,0.04007,7e-05
8951,32.0,C,8951,0.02426,0.00141
3935,40.0,C,3935,0.00402,0.00018
3725,20.0,D,3725,0.00675,0.01178
9765,28.0,E,9765,0.00822,0.02529
7382,40.0,A,7382,0.04262,7e-05
8729,24.0,B,8729,0.09665,0.00275
2714,40.0,F,2714,0.03133,0.06584
4305,16.0,C,4305,0.04473,0.00957
1724,36.0,B,1724,0.03132,0.00029
615,32.0,C,615,0.0168,0.00053
5045,36.0,C,5045,0.00312,0.00136
5818,24.0,D,5818,0.01558,0.00245
5601,16.0,C,5601,0.0368,0.01044
5376,12.0,A,5376,0.11998,0.04233
2642,32.0,A,2642,0.00325,0.0003
9031,24.0,C,9031,0.00859,0.00241
3374,24.0,B,3374,0.02553,0.00178
8212,20.0,D,8212,0.01965,0.00398
663,36.0,C,663,0.0018,0.00068
8752,12.0,A,8752,0.11933,0.0257
6153,32.0,B,6153,0.00317,0.00109
2226,40.0,E,2226,0.03913,0.03339
6665,16.0,C,6665,0.00622,0.02188
7941,16.0,C,7941,0.00771,0.02008
5483,36.0,E,5483,0.00122,0.01429
836,16.0,D,836,0.00817,0.0181
7643,32.0,B,7643,0.00436,0.00045
6121,32.0,C,6121,0.01847,0.00131
7810,16.0,E,7810,0.00423,0.012
4980,16.0,E,4980,0.0127,0.0128
4899,20.0,E,4899,0.00635,0.01066
5911,40.0,A,5911,0.03578,5e-05
6882,12.0,D,6882,0.00914,0.01739
5234,32.0,C,5234,0.00243,0.00384
3722,12.0,D,3722,0.01343,0.0668
3801,24.0,B,3801,0.00339,0.00189
161,40.0,F,161,0.03086,0.15784
4896,24.0,B,4896,0.02888,0.00183
8105,16.0,C,8105,0.10875,0.0154
864,36.0,C,864,0.04514,0.00579
8429,24.0,C,8429,0.00691,0.00156
2775,20.0,C,2775,0.01467,0.00989
1639,36.0,D,1639,0.07687,0.00138
5296,32.0,A,5296,0.03782,0.00037
1386,40.0,A,1386,0.07143,4e-05
7558,16.0,F,7558,0.02413,0.02448
1443,28.0,F,1443,0.04302,0.04809
5402,12.0,A,5402,0.11019,0.02824
9660,20.0,F,9660,0.01778,0.01804
3081,32.0,E,3081,0.018,0.01241
1410,16.0,B,1410,0.00347,0.01658
1554,16.0,C,1554,0.20937,0.01257
7546,16.0,A,7546,0.0217,0.01199
1426,32.0,C,1426,0.01408,0.00149
681,40.0,B,681,0.01952,0.0005
5352,12.0,B,5352,0.03007,0.02631
2025,40.0,A,2025,0.08332,5e-05
818,24.0,A,818,0.01933,0.00238
2527,36.0,E,2527,0.01616,0.01062
5858,20.0,C,5858,0.03832,0.00782
7114,36.0,D,7114,0.01096,0.00026
499,40.0,B,499,0.08243,0.00013
4988,24.0,B,4988,0.02647,0.00154
9716,28.0,A,9716,0.0725,0.00118
9930,20.0,B,9930,0.49913,0.00566
7439,12.0,B,7439,0.04944,0.03096
3393,12.0,D,3393,0.0175,0.04134
2318,24.0,E,2318,0.03181,0.01845
2856,40.0,A,2856,0.01992,2e-05
9384,36.0,D,9384,0.04585,0.01815
7006,32.0,C,7006,0.02597,0.00058
5205,28.0,A,5205,0.02651,0.00057
9410,20.0,E,9410,0.00206,0.04102
7303,40.0,F,7303,0.0666,0.03831
4092,28.0,E,4092,0.07088,0.00356
7953,24.0,D,7953,0.05061,0.00586
6279,32.0,C,6279,0.05804,0.00265
4798,40.0,C,4798,0.08185,0.0004
1515,24.0,D,1515,0.02152,0.00565
7280,16.0,D,7280,0.04669,0.01389
9084,28.0,A,9084,0.07138,0.00094
9688,36.0,F,9688,0.01385,0.02121
7633,40.0,D,7633,0.0041,0.00144
7923,36.0,B,7923,0.00513,0.00015
2385,36.0,F,2385,0.02375,0.13002
4650,32.0,B,4650,0.00058,0.00016
5825,32.0,A,5825,0.04866,0.00026
3311,32.0,C,3311,0.01279,0.00266
3510,24.0,F,3510,0.11287,0.0106
6591,20.0,F,6591,0.04164,0.04058
4734,20.0,C,4734,0.08756,0.0114
7550,40.0,F,7550,0.01553,0.10662
6417,36.0,F,6417,0.00104,0.01341
7593,24.0,C,7593,0.03824,0.00277
2755,36.0,A,2755,0.02428,0.00013
6258,20.0,F,6258,0.01649,0.00859
6865,24.0,D,6865,0.00081,0.00313
6728,28.0,F,6728,0.02096,0.01522
2307,12.0,E,2307,0.06076,0.03638
382,24.0,A,382,0.01368,0.00197
8041,28.0,B,8041,0.01227,0.00216
2682,20.0,E,2682,0.0592,0.00606
2465,40.0,C,2465,0.00089,0.00015
6762,24.0,D,6762,0.04841,0.00292
5366,12.0,F,5366,0.04571,0.16604
6803,36.0,C,6803,0.00418,0.0014
86,40.0,F,86,0.00425,0.03759
7392,24.0,F,7392,0.0153,0.02225
7570,40.0,F,7570,0.00314,0.01288
63,24.0,B,63,0.00656,0.00152
1951,36.0,F,1951,0.00459,0.01511
2333,24.0,F,2333,0.01722,0.01213
5046,24.0,A,5046,0.05517,0.00146
3195,32.0,F,3195,0.06123,0.00705
4665,16.0,C,4665,0.00548,0.008
7547,40.0,B,7547,0.00619,0.00117
8148,40.0,F,8148,0.0129,0.04764
6818,36.0,A,6818,0.00793,0.00017
1733,36.0,B,1733,0.15693,0.00016
2621,12.0,C,2621,0.12261,0.03333
2993,28.0,C,2993,0.00205,0.00369
984,36.0,E,984,0.00831,0.00677
2911,12.0,E,2911,0.01918,0.07477
5419,16.0,B,5419,0.02712,0.01454
6040,40.0,F,6040,0.01533,0.07161
6466,20.0,C,6466,0.01728,0.00881
8775,28.0,B,8775,0.03863,0.00111
9646,36.0,C,9646,0.00534,0.00054
2236,16.0,D,2236,0.00872,0.01023
9336,36.0,A,9336,0.00426,0.00011
1202,20.0,E,1202,0.02099,0.00999
4832,20.0,E,4832,0.00064,0.01613
4924,20.0,F,4924,0.03194,0.01166
3115,12.0,E,3115,0.0056,0.01393
1987,28.0,C,1987,0.01719,0.00258
9441,32.0,A,9441,0.01029,0.00061
9516,36.0,A,9516,0.05294,0.00014
6820,16.0,E,6820,0.02965,0.01487
3149,20.0,F,3149,0.00857,0.03804
9650,16.0,F,9650,0.13682,0.03645
2327,24.0,C,2327,0.12881,0.00305
9880,36.0,A,9880,0.03025,0.00012
9920,28.0,D,9920,0.04308,0.00473
50,36.0,E,50,0.02899,0.03133
2340,32.0,B,2340,0.00491,0.00276
4219,32.0,A,4219,0.01465,0.00021
8220,20.0,C,8220,0.0166,0.01053
861,28.0,D,861,0.02132,0.01502
4023,32.0,F,4023,0.01418,0.04297
5278,16.0,A,5278,0.09682,0.00926
5136,12.0,C,5136,1.20024,0.02537
6051,16.0,A,6051,0.03028,0.00982
3773,12.0,C,3773,0.00165,0.03334
369,20.0,C,369,0.00628,0.0125
2807,12.0,B,2807,0.03427,0.0355
5935,20.0,D,5935,0.03039,0.00714
1034,12.0,A,1034,0.0673,0.04046
9802,24.0,C,9802,0.04374,0.00241
6373,32.0,F,6373,0.00728,0.05049
5641,40.0,A,5641,0.02011,5e-05
7321,32.0,F,7321,0.20772,0.1467
3536,32.0,A,3536,0.04512,0.00021
6595,36.0,A,6595,0.04296,6e-05
3796,16.0,D,3796,0.10451,0.00747
4330,12.0,B,4330,0.01229,0.04235
2548,28.0,D,2548,0.00397,0.01257
8122,40.0,A,8122,0.04181,7e-05
9777,20.0,B,9777,0.01773,0.00729
361,16.0,E,361,0.06902,0.03734
5227,16.0,E,5227,0.00374,0.04336
3409,12.0,E,3409,0.00491,0.07181
258,32.0,D,258,0.05478,0.00757
696,32.0,F,696,0.00431,0.04289
7548,36.0,A,7548,0.02961,0.00011
8866,20.0,B,8866,0.22438,0.00372
3913,12.0,F,3913,0.11231,0.07095
4535,40.0,E,4535,0.07942,0.01422
5334,28.0,A,5334,0.01824,0.00044
6637,20.0,C,6637,0.00409,0.00578
172,12.0,D,172,0.00348,0.02586
7892,24.0,E,7892,0.01733,0.02839
8139,16.0,E,8139,0.03502,0.03719
5748,36.0,A,5748,0.02712,0.0001
1230,28.0,D,1230,0.03297,0.00827
5579,36.0,B,5579,0.00297,0.00078
4390,40.0,F,4390,0.0851,0.06619
8681,28.0,C,8681,0.02368,0.00103
104,16.0,D,104,0.0062,0.02785
2323,12.0,C,2323,0.11513,0.04214
490,16.0,A,490,0.03886,0.013
2799,24.0,C,2799,0.00084,0.00237
3598,16.0,C,3598,0.0027,0.00587
9918,36.0,F,9918,0.00314,0.01706
1591,40.0,B,1591,0.00217,6e-05
1928,36.0,C,1928,0.01305,0.00422
9650,20.0,E,9650,0.00426,0.00905
9225,28.0,E,9225,0.01648,0.04703
3024,24.0,E,3024,0.0289,0.03403
6822,16.0,E,6822,0.01486,0.03035
5890,36.0,C,5890,0.3195,0.0005
5227,24.0,A,5227,0.03884,0.00219
4485,28.0,E,4485,0.02966,0.01999
507,28.0,B,507,0.20484,0.00156
4556,16.0,E,4556,0.02564,0.0188
5257,24.0,F,5257,0.0578,0.03361
667,28.0,D,667,0.0051,0.00169
6416,12.0,F,6416,0.05353,0.03279
9465,40.0,D,9465,0.02656,0.00262
5572,28.0,A,5572,0.02298,0.00145
7418,36.0,F,7418,0.00809,0.01229
6596,40.0,D,6596,0.00746,0.0139
9183,32.0,B,9183,0.02663,0.00094
1127,32.0,C,1127,0.0627,0.00024
1557,36.0,C,1557,0.12931,0.00489
5927,28.0,A,5927,0.02812,0.00102
5350,36.0,C,5350,0.00159,0.00018
6975,40.0,E,6975,0.00863,0.01275
2849,40.0,E,2849,0.02575,0.01906
576,24.0,B,576,0.00878,0.0051
7789,16.0,D,7789,0.06386,0.01029
2184,24.0,D,2184,0.02191,0.00242
6231,20.0,B,6231,0.00748,0.0076
6773,28.0,C,6773,0.02602,0.00174
7389,24.0,A,7389,0.05473,0.00102
5908,36.0,A,5908,0.05187,0.00014
8403,28.0,C,8403,0.01485,0.00339
9413,28.0,A,9413,0.04517,0.00083
9838,24.0,B,9838,0.00221,0.00154
9118,40.0,F,9118,0.01614,0.04813
3999,12.0,F,3999,0.02968,0.09804
8502,24.0,B,8502,0.0083,0.00314
6310,40.0,E,6310,0.07516,0.00593
9617,28.0,F,9617,0.03232,0.01121
6258,36.0,A,6258,0.02566,0.00015
4682,20.0,D,4682,0.00547,0.01452
5533,36.0,B,5533,0.02338,0.0001
3810,12.0,D,3810,0.11536,0.04168
5772,36.0,A,5772,0.00419,0.00013
4349,24.0,A,4349,0.02297,0.00156
5690,40.0,D,5690,0.09227,0.00289
4607,12.0,A,4607,0.02381,0.04984
1441,40.0,A,1441,0.00794,7e-05
2374,20.0,E,2374,0.04069,0.05524
5941,20.0,E,5941,0.00273,0.00491
2596,32.0,E,2596,0.01934,0.00128
9156,16.0,D,9156,0.00865,0.01751
1063,12.0,E,1063,0.02465,0.0861
4843,20.0,C,4843,0.01919,0.00466
283,12.0,D,283,0.03728,0.02204
8785,36.0,C,8785,0.00805,0.00397
605,20.0,D,605,0.03289,0.00609
5354,12.0,A,5354,0.25204,0.06787
6182,32.0,B,6182,0.00288,0.00037
5979,40.0,E,5979,0.13802,0.03732
5286,28.0,A,5286,0.00315,0.00117
4624,28.0,D,4624,0.00297,0.00846
9739,40.0,F,9739,0.0028,0.05026
8139,32.0,B,8139,0.00292,0.00049
4066,36.0,F,4066,0.00399,0.03095
3383,28.0,E,3383,0.00132,0.00753
9530,20.0,B,9530,0.04262,0.00443
8013,20.0,A,8013,0.03949,0.00639
4664,16.0,E,4664,0.02214,0.03703
3159,16.0,A,3159,0.1081,0.01268
9116,32.0,E,9116,0.00866,0.00543
1786,40.0,F,1786,0.13371,0.03493
2478,32.0,B,2478,0.00562,0.0009
5917,40.0,F,5917,0.00095,0.01007
8667,24.0,B,8667,0.01792,0.00195
2734,28.0,C,2734,0.00483,0.0016
6917,28.0,C,6917,0.00501,0.0012
3607,36.0,F,3607,0.01832,0.05943
6511,36.0,A,6511,0.01252,0.00016
9263,40.0,F,9263,0.01355,0.02962
6148,28.0,F,6148,0.00945,0.02544
7592,36.0,B,7592,0.00064,0.00032
9579,24.0,D,9579,0.47335,0.00535
1737,40.0,B,1737,0.00207,9e-05
8310,12.0,A,8310,0.01779,0.03352
3503,40.0,E,3503,0.0098,0.00855
4595,12.0,C,4595,0.00279,0.05018
9984,24.0,C,9984,0.02156,0.0013
6710,32.0,D,6710,0.02344,0.00233
4326,20.0,E,4326,0.0081,0.00785
5598,32.0,F,5598,0.01114,0.02586
7704,28.0,B,7704,0.09169,0.00067
4820,16.0,A,4820,0.09176,0.01361
1347,12.0,B,1347,0.01226,0.0331
8799,24.0,C,8799,0.00976,0.0021
6531,12.0,E,6531,0.01088,0.04866
7293,16.0,F,7293,0.02134,0.02372
5519,16.0,C,5519,0.30827,0.00518
7286,20.0,B,7286,0.02885,0.00431
6089,32.0,B,6089,0.00137,0.00115
66,12.0,F,66,0.01838,0.02992
6090,16.0,B,6090,0.03052,0.02479
4496,24.0,B,4496,0.18425,0.001
2037,20.0,C,2037,0.00437,0.00748
7035,36.0,C,7035,0.00394,0.00307
8790,32.0,F,8790,0.00531,0.02218
8301,40.0,B,8301,0.0009,0.00106
5782,24.0,E,5782,0.01258,0.02574
2399,32.0,D,2399,0.01133,0.00761
8900,28.0,E,8900,0.0316,0.00408
1786,24.0,C,1786,0.02622,0.00295
7010,40.0,D,7010,0.00045,0.00266
2472,28.0,A,2472,0.00442,0.00103
9031,36.0,C,9031,0.00077,0.0036
487,28.0,E,487,0.00593,0.01337
861,16.0,F,861,0.06797,0.02285
1384,20.0,D,1384,0.00134,0.00828
5395,24.0,B,5395,0.00518,0.00212
1658,28.0,A,1658,0.02153,0.00094
3030,28.0,D,3030,0.00157,0.00326
5156,16.0,B,5156,0.05656,0.01173
8552,24.0,F,8552,0.116,0.0187
5743,32.0,F,5743,0.01328,0.00374
2230,40.0,D,2230,0.00505,0.00561
6514,32.0,D,6514,0.00154,0.00963
5576,40.0,B,5576,0.08079,6e-05
6369,32.0,B,6369,0.00213,0.00063
742,24.0,A,742,0.02812,0.00282
9081,32.0,C,9081,0.0135,0.00177
2695,16.0,D,2695,0.01333,0.01407
2203,24.0,E,2203,0.07698,0.00443
5127,24.0,B,5127,0.16566,0.0035
5979,20.0,A,5979,0.05147,0.00536
94,24.0,E,94,0.00649,0.01782
1211,28.0,D,1211,0.00416,0.00145
4362,32.0,F,4362,0.0076,0.0042
9755,36.0,E,9755,0.06428,0.00515
2048,40.0,F,2048,0.00614,0.05038
5972,40.0,C,5972,0.00694,0.00182
377,12.0,B,377,0.02935,0.02222
7205,20.0,D,7205,0.03565,0.01487
3538,36.0,A,3538,0.0243,0.00017
3650,40.0,A,3650,0.04268,4e-05
4515,28.0,E,4515,0.01481,0.05928
3002,40.0,A,3002,0.02534,6e-05
1427,16.0,A,1427,0.03915,0.01699
2288,24.0,A,2288,0.04312,0.00144
5904,40.0,D,5904,0.00491,0.00862
489,12.0,E,489,0.1106,0.04508
9923,20.0,A,9923,0.02952,0.00229
768,32.0,C,768,0.01097,0.00069
5680,24.0,A,5680,0.00764,0.00168
787,36.0,D,787,0.00246,0.00247
9336,28.0,C,9336,0.00748,0.00053
2778,36.0,D,2778,0.00853,0.00596
5355,28.0,E,5355,0.00425,0.0195
7395,40.0,D,7395,0.0095,0.00455
8217,16.0,B,8217,0.28211,0.01265
6575,16.0,F,6575,0.12045,0.04497
6677,40.0,A,6677,0.00998,4e-05
4749,28.0,E,4749,0.00548,0.00088
1853,20.0,A,1853,0.02891,0.0048
4329,28.0,D,4329,0.00514,0.00206
2219,32.0,F,2219,0.01005,0.0479
9299,32.0,F,9299,0.01492,0.01848
8306,36.0,D,8306,0.00808,0.00333
8375,20.0,A,8375,0.05795,0.00614
6802,36.0,D,6802,0.00749,0.00087
4315,16.0,A,4315,0.12201,0.00883
1776,32.0,E,1776,0.0072,0.0103
6730,16.0,B,6730,0.0015,0.01676
3782,20.0,D,3782,0.02806,0.00881
9775,16.0,F,9775,0.00554,0.02225
9257,24.0,E,9257,0.01291,0.00886
3086,36.0,E,3086,0.03914,0.00611
1959,32.0,B,1959,0.17018,0.00071
7129,32.0,B,7129,0.01036,0.00035
861,12.0,C,861,0.00641,0.02087
4941,28.0,D,4941,0.00375,0.01052
6356,16.0,A,6356,0.01061,0.00863
2621,40.0,E,2621,0.02234,0.00186
5782,36.0,A,5782,0.06403,9e-05
8213,28.0,C,8213,0.11702,0.00115
2268,36.0,E,2268,0.01578,0.0187
6440,32.0,B,6440,0.01225,0.0008
7263,16.0,E,7263,0.04091,0.01536
9333,20.0,C,9333,0.03599,0.0045
3316,28.0,B,3316,0.01229,0.0009
6292,16.0,B,6292,0.00105,0.00774
446,40.0,F,446,0.00451,0.02507
5863,32.0,B,5863,0.027,0.00111
2666,16.0,B,2666,0.00356,0.01634
5878,32.0,D,5878,0.02661,0.0011
2848,36.0,F,2848,0.039,0.01018
2222,32.0,D,2222,0.01886,0.00265
1976,28.0,E,1976,0.00433,0.01029
1796,36.0,D,1796,0.00484,0.00106
8368,40.0,F,8368,0.16624,0.00892
3892,24.0,F,3892,0.04903,0.04951
1618,32.0,D,1618,0.00067,0.01029
8311,20.0,B,8311,0.07552,0.0053
8588,28.0,F,8588,0.01253,0.00837
4976,12.0,F,4976,0.07866,0.05154
8029,16.0,C,8029,0.01798,0.0191
8792,20.0,B,8792,0.00413,0.00377
3888,20.0,E,3888,0.0103,0.01572
3547,32.0,F,3547,0.0104,0.00403
3755,24.0,B,3755,0.00671,0.00095
3367,32.0,C,3367,0.05772,0.00574
5234,28.0,A,5234,0.0144,0.00068
6238,20.0,A,6238,0.02024,0.00315
190,16.0,A,190,0.02579,0.01554
8075,32.0,E,8075,0.05523,0.01765
4436,32.0,F,4436,0.03974,0.01354
4958,24.0,D,4958,0.06967,0.00696
8461,16.0,F,8461,0.01304,0.02083
8324,40.0,C,8324,0.08896,0.00226
9377,16.0,D,9377,0.00227,0.01799
3766,12.0,F,3766,0.0068,0.01542
155,36.0,F,155,0.01337,0.09471
2091,16.0,C,2091,0.00289,0.01462
9236,20.0,C,9236,0.0123,0.00511
2927,40.0,A,2927,0.02904,4e-05
1611,36.0,C,1611,0.06918,0.01098
1001,40.0,A,1001,0.0405,6e-05
1678,12.0,A,1678,0.03268,0.03847
1379,12.0,B,1379,1.21976,0.03509
1771,32.0,D,1771,0.01154,0.00035
6799,20.0,A,6799,0.00749,0.00449
736,36.0,D,736,0.00639,0.00155
4573,40.0,C,4573,0.08716,0.0013
143,20.0,A,143,0.04629,0.00334
5330,36.0,F,5330,0.00181,0.12392
7657,28.0,B,7657,0.0007,0.00162
362,40.0,B,362,0.12716,0.0002
5469,20.0,B,5469,0.11507,0.00461
9263,36.0,D,9263,0.01854,0.005
7261,32.0,B,7261,0.01916,0.00106
226,16.0,F,226,0.00248,0.07983
7212,24.0,D,7212,0.00881,0.01655
2694,12.0,F,2694,0.08898,0.04661
7344,32.0,C,7344,0.00432,0.00737
8714,12.0,A,8714,0.02532,0.03462
5829,32.0,B,5829,0.46471,0.00087
9519,16.0,A,9519,0.04467,0.0103
3471,36.0,A,3471,0.03045,9e-05
1062,28.0,A,1062,0.02274,0.00086
8089,28.0,B,8089,0.01266,0.001
6595,36.0,B,6595,0.00782,0.00092
5100,36.0,B,5100,0.00862,0.00012
1676,36.0,C,1676,0.03834,0.00408
1151,12.0,B,1151,0.08061,0.0161
4538,32.0,F,4538,0.02114,0.00519
2715,12.0,D,2715,0.07719,0.05215
6577,20.0,D,6577,0.00924,0.00368
360,24.0,E,360,0.02119,0.00518
8592,32.0,E,8592,0.00093,0.00876
7086,24.0,C,7086,0.00176,0.00245
1231,24.0,C,1231,0.01704,0.00571
5792,28.0,E,5792,0.00237,0.00973
5152,16.0,C,5152,0.03637,0.01301
6814,20.0,D,6814,0.0086,0.01639
5292,40.0,E,5292,0.00396,0.00043
4254,28.0,F,4254,0.00601,0.05661
964,32.0,C,964,0.00338,0.00026
4041,32.0,E,4041,0.00383,0.00428
1427,16.0,B,1427,0.01002,0.00684
3945,32.0,E,3945,0.0047,0.00977
2063,28.0,C,2063,0.0541,0.00122
5049,28.0,D,5049,0.00183,0.00985
6033,16.0,A,6033,0.03753,0.00886
2540,28.0,B,2540,0.00302,0.00108
1188,24.0,B,1188,0.06122,0.00142
716,12.0,A,716,0.03417,0.06589
1263,32.0,E,1263,0.00872,0.01366
7493,36.0,C,7493,0.00491,0.00066
2356,16.0,A,2356,0.03768,0.01595
7405,32.0,E,7405,0.0434,0.01358
6033,32.0,C,6033,0.00411,0.01016
3277,24.0,E,3277,0.0048,0.00326
8402,40.0,B,8402,0.04656,0.00032
8500,36.0,B,8500,0.00517,0.00039
7508,24.0,E,7508,0.01817,0.0302
7676,40.0,E,7676,0.01708,0.0285
6227,16.0,A,6227,0.05397,0.0152
3778,32.0,C,3778,0.03164,0.00468
5344,32.0,A,5344,0.01416,0.00035
9306,36.0,C,9306,0.00332,7e-05
273,20.0,D,273,0.02909,0.01268
5810,32.0,D,5810,0.01356,0.01003
260,36.0,E,260,0.16502,0.00461
6523,40.0,A,6523,0.02025,2e-05
4654,16.0,C,4654,0.00189,0.01066
1052,36.0,A,1052,0.00648,0.00016
8656,28.0,B,8656,0.01829,0.00142
4093,12.0,B,4093,0.00751,0.04851
3845,12.0,C,3845,0.00811,0.02215
8459,40.0,C,8459,0.00576,0.00108
8088,20.0,A,8088,0.11874,0.00589
8516,24.0,E,8516,0.01631,0.02571
726,32.0,C,726,0.06299,0.00039
3942,28.0,F,3942,0.03146,0.03207
9206,24.0,B,9206,0.00455,0.0017
9918,32.0,E,9918,0.08397,0.01049
369,40.0,B,369,0.00086,0.00024
866,16.0,A,866,0.03051,0.01965
9547,28.0,B,9547,0.00491,0.00119
6282,20.0,E,6282,0.00832,0.01345
7692,28.0,B,7692,0.02052,0.0016
1856,40.0,A,1856,0.01393,7e-05
5608,32.0,B,5608,0.09157,0.00056
7822,40.0,F,7822,0.06171,0.09558
620,20.0,A,620,0.10433,0.00413
9460,40.0,D,9460,0.01061,0.00162
6107,20.0,F,6107,0.02089,0.02585
5932,40.0,D,5932,0.00153,0.00317
7469,32.0,B,7469,0.16344,0.00052
2021,28.0,A,2021,0.02128,0.00079
8435,24.0,F,8435,0.0456,0.03896
2807,40.0,A,2807,0.04644,6e-05
494,36.0,B,494,0.02654,0.00195
4700,28.0,A,4700,0.04395,0.00103
3373,36.0,A,3373,0.04006,0.00012
8481,36.0,B,8481,0.00292,4e-05
7589,20.0,D,7589,0.01401,0.00994
8827,32.0,D,8827,0.01566,0.00243
5768,28.0,D,5768,0.08816,0.00906
8214,28.0,D,8214,0.00232,0.00355
9542,28.0,B,9542,0.00322,0.00182
9890,28.0,D,9890,0.02134,0.00219
6820,12.0,D,6820,0.08492,0.0438
6857,32.0,C,6857,0.0011,0.00041
2210,12.0,B,2210,0.0212,0.04216
1017,16.0,F,1017,0.02907,0.09886
1905,20.0,B,1905,0.00367,0.00748
2935,12.0,C,2935,0.01435,0.07563
4247,32.0,A,4247,0.01161,0.00042
9268,20.0,B,9268,0.00739,0.00821
4547,24.0,A,4547,0.03723,0.00089
510,40.0,E,510,0.02985,0.11876
6292,24.0,A,6292,0.0065,0.00069
9182,40.0,B,9182,0.01445,0.00071
3488,24.0,F,3488,0.00744,0.06394
3370,24.0,B,3370,0.01177,0.00368
6069,20.0,B,6069,0.01254,0.00575
9832,24.0,D,9832,0.00452,0.00281
6126,32.0,B,6126,0.00652,0.00035
9157,16.0,C,9157,0.0144,0.0119
184,28.0,F,184,0.00207,0.01357
4308,32.0,C,4308,0.04069,0.00564
959,32.0,D,959,0.03306,0.00166
3295,24.0,D,3295,0.08702,0.00186
3345,36.0,A,3345,0.04268,0.00017
6399,12.0,A,6399,0.1078,0.02485
188,16.0,F,188,0.02625,0.05498
5444,20.0,D,5444,0.00868,0.00873
8051,20.0,A,8051,0.03741,0.00589
4198,40.0,C,4198,0.00314,0.0003
5561,24.0,E,5561,0.01733,0.01391
247,20.0,C,247,0.00261,0.00398
2766,36.0,A,2766,0.0672,0.00018
270,24.0,B,270,0.0018,0.00277
6177,32.0,B,6177,0.0043,0.0002
2411,36.0,D,2411,0.02621,0.0017
8293,20.0,E,8293,0.0071,0.0167
3262,12.0,F,3262,0.02356,0.04015
7111,20.0,E,7111,0.04429,0.02975
7729,36.0,D,7729,0.0064,0.00237
9478,20.0,B,9478,0.12301,0.00653
6987,36.0,B,6987,0.00121,0.00044
1323,36.0,D,1323,0.14091,0.00295
4043,20.0,E,4043,0.0839,0.03329
1755,24.0,B,1755,0.03378,0.00397
4536,16.0,B,4536,0.02345,0.02148
4351,36.0,A,4351,0.02497,0.00011
9399,36.0,F,9399,0.0099,0.0208
3965,16.0,E,3965,0.00389,0.01243
7433,28.0,A,7433,0.01789,0.00062
730,32.0,D,730,0.01103,0.0126
5983,12.0,D,5983,0.01169,0.04047
3671,24.0,E,3671,0.00283,0.01166
944,32.0,E,944,0.01805,0.0356
2026,36.0,B,2026,0.00992,0.00047
2640,28.0,F,2640,0.02851,0.06534
1492,24.0,A,1492,0.04826,0.00168
4503,32.0,E,4503,0.01387,0.02619
6622,20.0,A,6622,0.05439,0.00542
9655,40.0,C,9655,0.01865,3e-05
1030,24.0,F,1030,0.0134,0.02175
6614,20.0,E,6614,0.07629,0.0089
3935,16.0,A,3935,0.0423,0.01092
8284,24.0,B,8284,0.00941,0.00155
5854,28.0,C,5854,0.00297,0.0022
9360,32.0,D,9360,0.00208,0.001
8291,20.0,E,8291,0.11001,0.00721
6326,40.0,A,6326,0.00036,5e-05
3786,24.0,A,3786,0.02745,0.00121
4409,12.0,F,4409,0.02929,0.07307
2739,16.0,F,2739,0.01582,0.02773
9062,32.0,E,9062,0.00762,0.04083
9759,20.0,A,9759,0.06637,0.00313
7795,20.0,B,7795,0.00057,0.00358
4462,24.0,A,4462,0.04199,0.00168
6249,36.0,C,6249,0.08939,0.00635
9988,28.0,B,9988,0.00182,0.00095
4553,12.0,C,4553,0.03621,0.01365
7947,36.0,E,7947,0.00532,0.04347
9891,20.0,E,9891,0.00314,0.0122
236,32.0,D,236,0.00141,0.00092
5846,20.0,A,5846,0.02353,0.00831
4518,28.0,F,4518,0.02055,0.0626
2270,28.0,D,2270,0.0051,0.00677
3549,40.0,E,3549,0.14362,0.02175
622,28.0,E,622,0.03187,0.03
2749,20.0,A,2749,0.04403,0.00328
7588,24.0,C,7588,0.00509,0.00927
3283,36.0,A,3283,0.06848,6e-05
4180,20.0,C,4180,0.00925,0.00796
9538,40.0,B,9538,0.00302,0.00039
1293,20.0,A,1293,0.04835,0.0036
1395,32.0,F,1395,0.00272,0.03159
2204,12.0,D,2204,0.00222,0.03722
5231,40.0,C,5231,0.00091,0.00483
2007,32.0,A,2007,0.08105,0.00039
9565,40.0,E,9565,0.04107,0.01679
6506,16.0,A,6506,0.02449,0.01907
9932,28.0,C,9932,0.00292,0.01954
2344,36.0,F,2344,0.06731,0.03506
1273,28.0,D,1273,0.00421,0.01179
6885,28.0,A,6885,0.03436,0.00077
8199,32.0,B,8199,0.00218,0.00098
2341,12.0,F,2341,0.02526,0.02905
3287,32.0,F,3287,0.03243,0.07605
3800,36.0,A,3800,0.03481,9e-05
2603,32.0,C,2603,0.00635,0.001
6184,12.0,F,6184,0.1301,0.03027
808,40.0,C,808,0.0064,0.00016
440,16.0,A,440,0.083,0.01397
9999,20.0,C,9999,0.02413,0.0047
6526,16.0,F,6526,0.00502,0.13976
2216,12.0,E,2216,0.07891,0.05912
961,40.0,E,961,0.00683,0.07664
6788,40.0,B,6788,0.00979,0.004
9785,32.0,C,9785,0.04671,0.008
7214,24.0,C,7214,0.02098,0.015
195,24.0,E,195,0.07351,0.00297
4061,20.0,A,4061,0.01442,0.00267
5804,28.0,A,5804,0.02617,0.00101
7431,32.0,C,7431,0.00608,0.00502
6792,36.0,F,6792,0.00348,0.04283
4571,40.0,B,4571,0.03862,0.00028
1574,16.0,E,1574,0.0254,0.02042
8970,36.0,C,8970,0.04102,0.0003
753,20.0,F,753,0.01137,0.02304
5019,32.0,A,5019,0.02647,0.00019
3039,40.0,E,3039,0.01607,0.08153
1330,16.0,F,1330,0.01632,0.02812
770,24.0,E,770,0.01274,0.00874
674,16.0,C,674,0.0031,0.01129
328,28.0,D,328,0.06312,0.00784
6285,40.0,F,6285,0.11828,0.0164
3801,24.0,C,3801,0.01564,0.00247
3583,24.0,B,3583,0.00201,0.00267
2304,32.0,A,2304,0.01011,0.00019
577,24.0,F,577,0.02917,0.04306
2854,16.0,A,2854,0.08535,0.01331
5542,20.0,F,5542,0.03315,0.01446
8873,40.0,B,8873,0.31873,0.00051
271,32.0,B,271,0.00461,0.00095
4009,36.0,E,4009,0.03095,0.00638
8558,36.0,A,8558,0.0309,0.00019
8667,32.0,A,8667,0.00911,0.00029
7195,32.0,C,7195,0.03093,0.00047
6162,36.0,A,6162,0.02656,0.00011
4550,16.0,A,4550,0.03804,0.01359
5150,20.0,F,5150,0.02226,0.06283
2673,32.0,B,2673,0.23412,0.00022
5083,40.0,B,5083,0.02982,0.00014
4965,32.0,D,4965,0.02998,0.00921
1510,40.0,A,1510,0.03912,3e-05
2389,32.0,A,2389,0.00949,0.00036
5707,28.0,F,5707,0.0061,0.04784
9342,28.0,A,9342,0.02856,0.00116
6890,32.0,C,6890,0.0348,0.00081
6586,20.0,B,6586,0.00245,0.00257
1593,20.0,E,1593,0.00223,0.02022
2376,40.0,D,2376,0.02301,0.00074
6192,16.0,D,6192,0.02086,0.02196
5120,12.0,D,5120,0.01434,0.03436
7757,32.0,C,7757,0.00929,0.0004
6222,36.0,F,6222,0.05375,0.00812
6336,28.0,A,6336,0.02817,0.00078
3944,36.0,E,3944,0.00677,0.04584
4718,28.0,B,4718,0.0371,0.00086
3082,36.0,B,3082,0.06022,0.00036
2395,36.0,D,2395,0.01607,0.00226
9014,20.0,F,9014,0.0297,0.02446
6131,36.0,C,6131,0.00717,0.00228
6646,24.0,C,6646,0.00311,0.00123
5874,36.0,F,5874,0.0302,0.04922
872,16.0,A,872,0.08088,0.00581
7096,32.0,E,7096,0.01331,0.01365
5242,36.0,B,5242,0.0051,0.00053
2925,40.0,B,2925,0.05351,0.00098
2956,24.0,E,2956,0.04122,0.04022
3451,20.0,C,3451,0.01847,0.0067
1441,28.0,C,1441,0.03205,0.00346
2389,32.0,E,2389,0.00152,0.0043
4525,24.0,D,4525,0.14698,0.00513
555,20.0,F,555,0.03661,0.04198
4026,24.0,B,4026,0.39229,0.00191
844,12.0,C,844,0.00619,0.03341
685,28.0,D,685,0.08755,0.00591
8670,28.0,A,8670,0.02291,0.00061
5751,32.0,A,5751,0.01383,0.00049
2635,40.0,F,2635,0.04269,0.04606
1936,28.0,D,1936,0.00105,0.00174
5392,32.0,E,5392,0.08234,0.00332
9737,24.0,F,9737,0.00523,0.01155
7555,36.0,E,7555,0.06736,0.01153
7780,20.0,B,7780,0.01681,0.00736
8716,20.0,A,8716,0.06358,0.00485
986,28.0,A,986,0.03799,0.00066
829,12.0,C,829,0.01927,0.04307
5086,24.0,B,5086,0.00859,0.00328
5796,36.0,E,5796,0.01055,0.02092
5872,32.0,C,5872,0.06064,0.00045
5053,36.0,D,5053,0.00098,0.00447
9516,32.0,B,9516,0.00535,0.00069
6582,36.0,D,6582,0.03352,0.00998
4277,16.0,C,4277,0.06191,0.01886
2713,24.0,C,2713,0.00276,0.00214
2892,24.0,B,2892,1.12431,0.00164
9898,36.0,F,9898,0.0251,0.04734
9602,16.0,C,9602,0.09269,0.01123
6918,16.0,E,6918,0.01641,0.02977
5911,32.0,B,5911,0.00469,0.00154
6495,20.0,B,6495,0.03018,0.00332
9795,24.0,F,9795,0.02519,0.01994
7498,24.0,F,7498,0.06095,0.00539
9208,16.0,B,9208,0.00298,0.0082
2131,40.0,A,2131,0.02427,0.0001
1715,40.0,F,1715,0.01619,0.05329
1863,36.0,C,1863,0.00319,0.00091
6807,40.0,B,6807,0.10406,0.00011
5804,32.0,C,5804,0.00165,0.00057
1245,36.0,F,1245,0.00059,0.00869
4832,40.0,D,4832,0.02184,0.00138
1728,16.0,D,1728,0.0065,0.00794
3355,12.0,E,3355,0.00265,0.05926
247,36.0,F,247,0.14703,0.00308
7905,36.0,E,7905,0.04828,0.0013
8168,40.0,F,8168,0.04386,0.02227
968,28.0,C,968,0.0798,0.00372
4848,40.0,D,4848,0.02327,0.03378
3460,36.0,F,3460,0.01101,0.03442
9874,24.0,E,9874,0.02596,0.02228
382,20.0,E,382,0.00139,0.01359
2183,36.0,D,2183,0.00939,0.00412
6463,40.0,A,6463,0.04793,5e-05
2191,20.0,C,2191,0.01228,0.00379
7796,16.0,F,7796,0.00417,0.03387
1020,40.0,E,1020,0.03459,0.02176
7059,36.0,A,7059,0.02132,7e-05
9195,28.0,C,9195,0.07978,0.01309
4252,40.0,E,4252,0.03407,0.03931
5956,36.0,E,5956,0.07171,0.01151
3096,16.0,C,3096,0.08229,0.01198
2732,28.0,E,2732,0.00665,0.01728
1305,28.0,F,1305,0.07037,0.05093
6120,20.0,B,6120,0.00414,0.00941
5081,24.0,A,5081,0.07387,0.00139
2767,20.0,F,2767,0.03541,0.01365
5004,16.0,F,5004,0.03266,0.07079
3642,16.0,E,3642,0.00671,0.02641
685,16.0,A,685,0.04805,0.01271
1142,12.0,C,1142,0.06473,0.02791
7183,36.0,B,7183,0.00224,0.00042
6214,28.0,A,6214,0.02983,0.00069
7826,28.0,F,7826,0.00463,0.03864
4897,40.0,C,4897,0.21271,5e-05
7758,24.0,D,7758,0.04593,0.00247
9244,24.0,A,9244,0.02539,0.00163
2627,16.0,C,2627,0.09965,0.01939
1126,12.0,B,1126,0.00855,0.03627
9062,28.0,C,9062,0.0827,0.0007
4090,28.0,B,4090,0.02026,0.00044
2518,36.0,C,2518,0.00761,0.00023
519,36.0,D,519,0.07425,0.01125
8193,24.0,C,8193,0.01254,0.00782
2543,40.0,B,2543,0.07515,0.00041
292,12.0,C,292,0.02751,0.03345
4751,32.0,B,4751,0.17218,0.00039
5684,28.0,F,5684,0.00677,0.01226
1713,12.0,B,1713,0.3576,0.02363
8979,16.0,A,8979,0.036,0.01888
2959,28.0,C,2959,0.0071,0.00085
820,16.0,B,820,0.0032,0.00815
5294,32.0,B,5294,0.00537,0.00095
9801,28.0,C,9801,0.06431,0.00591
833,36.0,C,833,0.00211,0.00329
3683,20.0,E,3683,0.01767,0.02201
7847,40.0,A,7847,0.03136,6e-05
893,20.0,F,893,0.01297,0.01128
807,12.0,D,807,0.63883,0.02246
8240,20.0,C,8240,0.05413,0.0101
4468,20.0,D,4468,0.05365,0.01086
4196,40.0,B,4196,0.00206,0.00185
9347,40.0,A,9347,0.02726,5e-05
5624,28.0,C,5624,0.02054,0.00077
2529,20.0,A,2529,0.0443,0.00426
2187,36.0,E,2187,0.11228,0.01663
8215,40.0,B,8215,0.02006,0.0014
8095,24.0,C,8095,0.15117,0.00211
5055,40.0,E,5055,0.05864,0.02759
5191,12.0,D,5191,0.02904,0.0377
112,36.0,B,112,0.10695,0.00015
2034,32.0,A,2034,0.02484,0.00023
3538,40.0,A,3538,0.07132,6e-05
7324,28.0,E,7324,0.0826,0.01424
6876,24.0,C,6876,0.00537,0.00388
4935,20.0,E,4935,0.06404,0.0346
7086,40.0,B,7086,0.0907,0.00037
3791,12.0,F,3791,0.07724,0.03865
4294,24.0,A,4294,0.04611,0.00148
2303,24.0,E,2303,0.06536,0.07941
6742,40.0,A,6742,0.02769,5e-05
8003,12.0,A,8003,0.03611,0.01276
7906,20.0,B,7906,0.0362,0.00514
4664,32.0,D,4664,0.01328,0.00631
8874,28.0,B,8874,0.00339,0.00157
1209,36.0,F,1209,0.01709,0.0229
521,20.0,D,521,0.00071,0.00415
5540,28.0,E,5540,0.266,0.00442
658,16.0,D,658,0.02717,0.02135
5203,12.0,F,5203,0.00213,0.08485
8827,36.0,F,8827,0.00831,0.01332
9965,28.0,F,9965,0.00676,0.06299
9633,40.0,B,9633,0.00246,0.00221
5817,20.0,B,5817,0.00542,0.00977
1042,36.0,D,1042,0.00206,0.00278
6476,20.0,E,6476,0.01267,0.01126
7050,24.0,D,7050,0.02769,0.00212
2191,12.0,E,2191,0.0157,0.04415
8446,36.0,D,8446,0.00127,0.02084
9807,24.0,B,9807,0.01797,0.00169
2277,40.0,F,2277,0.04556,0.07441
5741,40.0,C,5741,0.02074,0.00117
8702,36.0,F,8702,0.01961,0.05644
304,16.0,C,304,0.00707,0.01399
9562,32.0,A,9562,0.0151,0.0004
115,28.0,E,115,0.0154,0.0119
4110,32.0,D,4110,0.01078,0.00193
109,36.0,C,109,0.04223,0.01498
8,20.0,F,8,0.06418,0.07978
7317,40.0,C,7317,0.00468,0.00068
2885,20.0,B,2885,0.08871,0.00342
5444,12.0,B,5444,0.06426,0.03064
8663,40.0,E,8663,0.01137,0.00672
9775,40.0,A,9775,0.02773,4e-05
6009,24.0,A,6009,0.03381,0.00168
5785,40.0,F,5785,0.0222,0.03566
988,12.0,F,988,0.08385,0.02618
2379,20.0,E,2379,0.00928,0.01125
2204,24.0,A,2204,0.03189,0.00172
1444,36.0,D,1444,0.00201,0.00308
1928,40.0,F,1928,0.06397,0.01634
8755,36.0,B,8755,0.00617,0.00137
8337,20.0,A,8337,0.20626,0.00742
8605,24.0,F,8605,0.05309,0.12585
4361,16.0,C,4361,0.11359,0.02315
5092,40.0,F,5092,0.00801,0.01805
5830,24.0,E,5830,0.01735,0.0048
2521,12.0,A,2521,0.11351,0.04211
4603,32.0,B,4603,0.01617,0.00068
3361,24.0,C,3361,0.01903,0.00225
1302,36.0,A,1302,0.02141,0.00013
2793,40.0,D,2793,0.00745,0.00245
4696,36.0,D,4696,0.0268,0.00121
4016,12.0,C,4016,0.01107,0.04041
9443,20.0,E,9443,0.0265,0.02157
3053,12.0,D,3053,0.06124,0.02486
69,24.0,F,69,0.09345,0.09419
7760,40.0,C,7760,0.05708,0.0002
3876,36.0,E,3876,0.01979,0.002
4815,28.0,A,4815,0.00694,0.00034
6316,24.0,D,6316,0.02699,0.00223
746,40.0,F,746,0.00872,0.06816
4909,32.0,F,4909,0.00906,0.02203
4044,20.0,D,4044,0.00945,0.00355
5395,28.0,E,5395,0.00454,0.00724
8756,28.0,B,8756,0.00588,0.00086
6049,32.0,D,6049,0.01659,0.00446
8972,24.0,A,8972,0.02788,0.00272
2856,32.0,B,2856,0.01792,0.00029
896,24.0,C,896,0.00624,0.00232
3858,40.0,C,3858,0.00223,0.00354
1602,24.0,B,1602,0.12858,0.00134
780,28.0,E,780,0.12614,0.01385
2844,24.0,C,2844,0.00298,0.01428
7883,32.0,C,7883,0.00458,0.00349
1866,32.0,A,1866,0.02093,0.00031
1962,16.0,C,1962,0.00428,0.01416
8410,16.0,F,8410,0.0082,0.01139
6708,36.0,A,6708,0.01208,0.00013
6442,20.0,B,6442,0.02572,0.00643
2091,28.0,F,2091,0.01474,0.08812
3722,24.0,F,3722,0.09475,0.00411
654,36.0,A,654,0.02536,0.00015
6708,40.0,E,6708,0.0025,0.00954
7569,20.0,F,7569,0.03526,0.01639
7192,36.0,A,7192,0.03482,0.00011
9821,28.0,A,9821,0.07228,0.00148
8124,20.0,A,8124,0.02789,0.00441
5273,12.0,C,5273,0.04158,0.03195
2034,40.0,B,2034,0.01013,6e-05
8274,20.0,D,8274,0.02373,0.01176
4437,12.0,F,4437,0.03622,0.04215
9829,32.0,F,9829,0.0638,0.03052
9627,36.0,D,9627,0.00227,0.00226
414,36.0,E,414,0.08018,0.0165
3332,28.0,C,3332,0.62874,0.00092
8771,28.0,A,8771,0.10533,0.24933
9262,16.0,E,9262,0.01426,0.02588
7042,16.0,A,7042,0.07081,0.01657
3023,20.0,C,3023,0.00421,0.00298
1614,20.0,F,1614,0.14096,0.02373
1953,12.0,C,1953,0.00168,0.05299
8990,20.0,B,8990,0.0087,0.00396
4301,28.0,E,4301,0.00753,0.00463
1266,12.0,C,1266,0.04407,0.04577
8534,24.0,E,8534,0.00678,0.00852
973,12.0,E,973,0.07591,0.07078
3997,24.0,F,3997,0.0051,0.0126
6656,36.0,D,6656,0.00924,0.00293
9822,28.0,A,9822,0.04152,0.00064
2213,32.0,B,2213,0.01357,0.00026
3658,28.0,D,3658,0.0679,0.01531
4516,36.0,D,4516,0.01993,0.00321
4030,12.0,D,4030,0.08244,0.0409
3872,32.0,B,3872,0.13575,0.00044
3434,32.0,B,3434,0.27321,0.00023
445,24.0,C,445,0.00083,0.00151
1666,28.0,D,1666,0.01597,0.00244
6365,28.0,D,6365,0.00088,0.00385
8143,20.0,F,8143,0.16237,0.00985
8408,20.0,B,8408,0.14222,0.00484
3403,36.0,A,3403,0.00452,9e-05
1984,12.0,F,1984,0.0156,0.13229
6103,16.0,F,6103,0.00525,0.06881
1881,40.0,D,1881,0.00337,0.00504
7108,20.0,D,7108,0.0002,0.00394
7242,32.0,B,7242,0.01615,0.00079
9238,32.0,E,9238,0.34968,0.00568
781,28.0,F,781,0.00433,0.0256
874,32.0,E,874,0.00539,0.00259
2485,32.0,C,2485,0.01092,0.00146
9778,32.0,C,9778,0.00728,0.00034
5834,32.0,A,5834,0.01655,0.00039
9907,24.0,B,9907,0.00383,0.0027
5089,28.0,D,5089,0.00182,0.00146
8198,16.0,D,8198,0.01898,0.0224
3745,36.0,B,3745,0.01907,0.00016
5986,32.0,C,5986,0.02565,0.00123
9048,24.0,A,9048,0.02976,0.00239
9733,20.0,A,9733,0.00602,0.00625
1229,20.0,B,1229,0.00132,0.00599
6066,16.0,C,6066,0.00763,0.01451
4420,16.0,E,4420,0.04151,0.02102
6493,40.0,F,6493,0.11561,0.06579
1468,24.0,B,1468,0.00195,0.00391
5347,16.0,D,5347,0.00133,0.01958
7672,24.0,C,7672,0.00778,0.00284
9761,40.0,C,9761,0.07445,0.00091
5355,40.0,B,5355,0.00076,5e-05
3310,24.0,D,3310,0.00177,0.00463
4190,16.0,F,4190,0.01528,0.04652
7716,40.0,B,7716,0.01012,8e-05
2096,24.0,D,2096,0.00342,0.00594
9353,28.0,A,9353,0.03489,0.00039
4255,24.0,B,4255,0.00433,0.00357
517,28.0,E,517,0.01053,0.07522
2229,40.0,B,2229,0.008,0.00037
806,24.0,F,806,0.03063,0.02442
9158,28.0,D,9158,0.01911,0.00137
9012,24.0,E,9012,0.062,0.0016
6450,16.0,F,6450,0.02943,0.03141
6261,28.0,A,6261,0.02173,0.00077
4797,32.0,D,4797,0.01567,0.00488
6779,28.0,C,6779,0.00148,0.00175
3739,36.0,B,3739,0.0148,0.00052
6613,28.0,A,6613,0.02549,0.00143
8714,28.0,B,8714,0.00625,0.00132
3374,20.0,F,3374,0.01386,0.05413
6301,36.0,F,6301,0.01864,0.02537
4179,24.0,E,4179,0.01182,0.00463
7591,16.0,B,7591,0.01367,0.01885
9170,40.0,A,9170,0.02569,5e-05
2272,32.0,E,2272,0.0313,0.02403
8848,24.0,E,8848,0.03075,0.02347
7356,28.0,F,7356,0.02262,0.01998
6618,24.0,B,6618,0.03084,0.0016
3896,40.0,A,3896,0.07069,4e-05
2451,12.0,F,2451,0.01428,0.06888
4772,24.0,E,4772,0.00441,0.01404
5346,40.0,E,5346,0.02014,0.00379
2246,32.0,C,2246,0.02363,0.00387
3961,36.0,E,3961,0.00558,0.03264
416,20.0,D,416,0.00317,0.00565
5662,20.0,C,5662,0.02896,0.01096
663,36.0,F,663,0.0173,0.10677
8636,40.0,C,8636,0.00108,0.00079
4954,12.0,A,4954,0.06555,0.02643
2396,32.0,B,2396,0.0024,0.00038
7224,12.0,A,7224,0.07476,0.03547
4717,32.0,D,4717,0.04464,0.0044
9543,40.0,E,9543,0.00641,0.01695
7819,20.0,B,7819,0.02322,0.00697
936,12.0,E,936,0.00748,0.05229
4124,16.0,C,4124,0.00673,0.01488
3160,28.0,D,3160,0.0095,0.00138
1239,36.0,D,1239,0.05205,0.00153
6379,16.0,A,6379,0.02492,0.01116
6279,24.0,D,6279,0.01504,0.00505
5052,40.0,C,5052,0.01433,0.00154
7827,36.0,A,7827,0.00664,9e-05
2095,20.0,E,2095,0.00531,0.02029
6155,36.0,D,6155,0.09552,0.01605
1777,24.0,E,1777,0.0013,0.02515
2772,40.0,A,2772,0.02609,4e-05
5750,36.0,B,5750,0.59413,0.0002
3710,12.0,F,3710,0.03383,0.03706
9846,32.0,A,9846,0.0784,0.00028
8454,36.0,A,8454,0.03076,5e-05
251,32.0,B,251,0.55693,0.00041
4416,40.0,E,4416,0.0485,0.00225
5584,40.0,C,5584,0.05357,0.00617
5607,24.0,D,5607,0.02402,0.00446
4617,20.0,A,4617,0.05618,0.00211
4859,32.0,A,4859,0.03205,0.00027
1468,24.0,D,1468,0.00076,0.00304
606,24.0,B,606,0.00186,0.00148
3038,24.0,C,3038,0.02901,0.00415
7389,32.0,E,7389,0.00733,0.01394
8433,36.0,B,8433,0.01143,0.00049
7277,28.0,C,7277,0.01467,0.00191
2391,40.0,B,2391,0.00188,0.00259
9644,28.0,F,9644,0.02444,0.05054
7029,28.0,B,7029,0.00413,0.00073
2151,16.0,D,2151,0.02161,0.00607
4167,16.0,D,4167,0.00318,0.02418
6428,24.0,D,6428,0.00603,0.00128
5500,28.0,C,5500,0.00882,0.00154
6272,36.0,B,6272,0.00882,0.00027
8533,24.0,C,8533,0.00156,0.00376
1218,12.0,B,1218,0.10816,0.02372
6471,32.0,D,6471,0.11137,0.00744
259,16.0,B,259,0.01366,0.01109
7215,12.0,C,7215,0.00446,0.02763
1665,24.0,C,1665,0.01114,0.00218
5446,20.0,C,5446,0.03951,0.00645
3322,28.0,B,3322,0.01039,0.00115
611,12.0,B,611,0.00652,0.04018
8929,28.0,D,8929,0.20365,0.00895
8289,16.0,B,8289,0.02494,0.01884
1847,28.0,F,1847,0.0036,0.02708
2438,32.0,F,2438,0.02471,0.01377
1983,16.0,D,1983,0.00166,0.01262
4104,12.0,D,4104,0.04032,0.04064
6395,16.0,B,6395,0.01497,0.0108
5260,16.0,E,5260,0.01391,0.01404
3146,24.0,E,3146,0.0059,0.00921
8920,36.0,E,8920,0.00146,0.0069
8650,16.0,B,8650,0.01127,0.01278
4193,32.0,B,4193,0.01174,0.00274
9307,28.0,C,9307,0.0277,0.0008
8936,36.0,C,8936,0.00723,0.00346
4033,24.0,C,4033,0.05694,0.00207
5744,16.0,A,5744,0.02896,0.0098
6726,28.0,B,6726,0.00679,0.00216
6509,40.0,C,6509,0.00319,0.00088
8099,40.0,B,8099,0.00428,9e-05
4893,40.0,C,4893,0.01915,0.00113
6343,12.0,E,6343,0.0102,0.03513
2572,12.0,A,2572,0.20937,0.04461
8783,16.0,B,8783,0.00886,0.01277
22,28.0,A,22,0.03917,0.00098
3789,20.0,A,3789,0.01673,0.004
3862,16.0,D,3862,0.1901,0.01202
5509,28.0,F,5509,0.04594,0.0084
6067,40.0,B,6067,0.00185,0.00076
6856,32.0,D,6856,0.00313,0.00231
5451,24.0,E,5451,0.00366,0.00113
2985,12.0,C,2985,0.00393,0.04204
9709,28.0,C,9709,0.04001,0.01058
4161,24.0,A,4161,0.03087,0.00138
1228,40.0,A,1228,0.03782,4e-05
1570,32.0,B,1570,0.38299,0.0006
2140,28.0,B,2140,0.00847,0.00141
290,40.0,B,290,0.02122,0.00032
6246,36.0,E,6246,0.03992,0.01299
9739,36.0,B,9739,0.01565,0.00027
7892,20.0,E,7892,0.06711,0.01798
5679,32.0,B,5679,0.00955,0.00014
7819,16.0,B,7819,0.04878,0.01653
3763,12.0,B,3763,0.05338,0.03187
2796,40.0,D,2796,0.0754,0.00308
3072,32.0,B,3072,0.00889,0.00056
3697,24.0,A,3697,0.05223,0.00339
3055,36.0,D,3055,0.09228,0.00778
2439,16.0,B,2439,0.00497,0.00751
6469,12.0,B,6469,0.00414,0.01881
7252,36.0,B,7252,0.00323,7e-05
3606,16.0,A,3606,0.04906,0.01174
6153,32.0,C,6153,0.01434,0.00802
7485,20.0,D,7485,0.10335,0.00501
6507,12.0,C,6507,0.01219,0.03935
989,24.0,B,989,0.10563,0.00303
5409,28.0,E,5409,0.03476,0.06548
6102,20.0,E,6102,0.03036,0.0095
5922,36.0,A,5922,0.04369,0.00014
6989,28.0,A,6989,0.03956,0.00075
8623,36.0,A,8623,0.02207,6e-05
2528,40.0,C,2528,0.00234,0.00132
8971,32.0,B,8971,0.00462,0.00131
8109,32.0,E,8109,0.00532,0.00115
4071,12.0,A,4071,0.1045,0.03816
8274,28.0,B,8274,0.01166,0.00077
6005,20.0,D,6005,0.04615,0.01027
9890,24.0,C,9890,0.0123,0.0033
7978,36.0,A,7978,0.04872,0.0001
7517,16.0,C,7517,0.00568,0.01204
1949,12.0,E,1949,0.00875,0.08332
9082,28.0,F,9082,0.046,0.14178
606,12.0,F,606,0.07717,0.0791
1844,28.0,F,1844,0.01125,0.03549
4978,24.0,E,4978,0.01843,0.02542
3290,32.0,D,3290,0.0192,0.00176
9946,40.0,E,9946,0.00119,0.00294
9299,28.0,B,9299,0.3482,0.00116
9701,24.0,C,9701,0.00446,0.00193
3998,16.0,E,3998,0.02904,0.01604
2411,40.0,D,2411,0.02858,0.00063
8532,16.0,D,8532,0.00238,0.00878
6538,12.0,B,6538,0.01484,0.01775
6243,12.0,C,6243,0.03881,0.02905
660,36.0,D,660,0.01951,0.00415
8225,32.0,E,8225,0.00748,0.01396
4691,36.0,B,4691,0.00053,0.0003
6497,20.0,B,6497,0.13138,0.00498
4035,20.0,A,4035,0.02005,0.00467
1634,16.0,E,1634,0.02273,0.05928
4762,36.0,F,4762,0.03823,0.0467
4821,28.0,F,4821,0.16121,0.12342
3382,20.0,E,3382,0.02182,0.01026
1745,28.0,A,1745,0.0189,0.00087
1126,12.0,C,1126,0.00115,0.02453
1687,12.0,A,1687,0.05604,0.02711
2156,36.0,C,2156,0.0303,0.0013
2601,36.0,F,2601,0.02134,0.06275
